"Includes Amazon Marketplace, Fulfillment by Amazon (FBA), and Amazon Webstore transactions"
"All amounts in USD, unless specified"
"Definitions:"
"date/time: posted date/time of the transaction"
"Sales tax collected: Includes sales tax collected from buyers for product sales, shipping, and gift wrap."
"Selling fees: Includes variable closing fees and referral fees."
"Other transaction fees: Includes shipping chargebacks, shipping holdbacks, per-item fees  and sales tax collection fees."
"Other: Includes non-order transaction amounts. For more details, see the ""Type"" and ""Description"" columns for each order ID."
"Note: Reports with start date of Jan 1, 2025 or later are indexed by posted date, include both released and deferred transactions and have two new columns. You may need to update integrations or third-party mappings."
"date/time","settlement id","type","order id","sku","description","quantity","marketplace","account type","fulfillment","order city","order state","order postal","tax collection model","product sales","product sales tax","shipping credits","shipping credits tax","gift wrap credits","giftwrap credits tax","Regulatory Fee","Tax On Regulatory Fee","promotional rebates","promotional rebates tax","marketplace withheld tax","selling fees","fba fees","other transaction fees","other","total","Transaction Status","Transaction Release Date"
"Jan 1, 2026 7:35:32 AM PST","25280479521","Service Fee","","","Subscription","","Amazon.com","Standard Orders","","","","","","0","0","0","0","0","0","0","0","0","0","0","0","0","0","-25.84","-25.84","Released","Jan 1, 2026 7:35:32 AM PST"
"Jan 1, 2026 11:18:07 AM PST","25280479521","Order_Retrocharge","111-6186032-0899451","","retrocharge for orderid 111-6186032-0899451","","Amazon.com","Standard Orders","","","","","","0","1.12","0","0","0","0","0","0","0","0","-1.12","0","0","0","0","0","Released","Jan 1, 2026 11:18:07 AM PST"
"Jan 1, 2026 1:23:26 PM PST","25280479521","Order","113-1105496-1205031","Ether-01","Gear Doctors® Ether 17.5oz Ultralight Camping Sleeping Pad - Backpacking Air Mattress - Camping Mattress Pad - Compact Inflatable Sleeping Mat for Ba","1","amazon.com","Standard Orders","Amazon","San Francisco","CA","94118","MarketplaceFacilitator","33.99","2.64","2.99","0","0","0","0","0","-6.39","0","-2.64","-4.59","-5.68","0","0","20.32","Released","Jan 9, 2026 4:21:19 PM PST"
"Jan 1, 2026 3:47:18 PM PST","25280479521","Order","111-2768663-6888264","Ether-01","Gear Doctors® Ether 17.5oz Ultralight Camping Sleeping Pad - Backpacking Air Mattress - Camping Mattress Pad - Compact Inflatable Sleeping Mat for Ba","1","amazon.com","Standard Orders","Amazon","IRVINE","CA","92602","MarketplaceFacilitator","33.99","2.63","2.99","0","0","0","0","0","-2.99","0","-2.63","-5.10","-5.68","0","0","23.21","Released","Jan 8, 2026 10:45:49 PM PST"
"Jan 1, 2026 5:34:09 PM PST","25392467641","Order","114-2058020-6757822","GDClassic01","Gear Doctors Oxylus 4.3R-Value Insulated Foam Self Inflating Sleeping Pad Camping-Sleeping Pad Backpacking Air Mattress-Camping Mattress Self Inflatin","1","amazon.com","Standard Orders","Amazon","STRATFORD","CT","06614","MarketplaceFacilitator","37.49","2.38","6.99","0","0","0","0","0","-6.99","0","-2.38","-5.62","-8.10","0","0","23.77","Released","Jan 10, 2026 7:22:14 AM PST"
"Jan 1, 2026 6:08:54 PM PST","25392467641","Order","113-0906079-1654610","GDCampingPillowOrange","Gear Doctors 3.5oz Compact Ultralight Inflatable Camping Pillow- Inflatable Camp Pillow- Backpacking Pillows Ultralight- Camping Pillows for Sleeping,","1","amazon.com","Standard Orders","Amazon","CELINA","TX","75009","MarketplaceFacilitator","14.99","0.94","0","0","0","0","0","0","0","0","-0.94","-2.25","-4.16","0","0","8.58","Released","Jan 11, 2026 7:52:50 AM PST"
"Jan 1, 2026 6:36:03 PM PST","25392467641","Order","114-4238722-0514666","GDCampingPillowTeal","Gear Doctors 3.5oz Compact Ultralight Inflatable Camping Pillow - Inflatable Camp Pillow - Backpacking Pillows Ultralight- Camping Pillows for Sleepin","1","amazon.com","Standard Orders","Amazon","Fayetteville","North Carolina","28306","MarketplaceFacilitator","14.99","1.05","0","0","0","0","0","0","0","0","-1.05","-2.25","-4.16","0","0","8.58","Released","Jan 12, 2026 12:05:17 AM PST"
"Jan 1, 2026 6:36:03 PM PST","25392467641","Order","114-4238722-0514666","GDApolloAir-02","Gear Doctors ApolloAir 5.2 R-Value [25oz] Ultralight Insulated Inflatable Camping Sleeping Pad - Backpacking Sleeping Pad - Camping Mattress Compact L","1","amazon.com","Standard Orders","Amazon","Fayetteville","North Carolina","28306","MarketplaceFacilitator","89.99","6.30","0","0","0","0","0","0","0","0","-6.30","-13.50","-6.10","0","0","70.39","Released","Jan 12, 2026 12:05:17 AM PST"
"Jan 1, 2026 8:58:00 PM PST","25280479521","Service Fee","","","Cost of Advertising","","","Standard Orders","","","","","","0","0","0","0","0","0","0","0","0","0","0","0","0","-502.83","0","-502.83","Released","Jan 1, 2026 8:58:00 PM PST"
"Jan 1, 2026 9:40:02 PM PST","25280479521","Order","111-7014064-1005039","GDCampingPillowOrange","Gear Doctors 3.5oz Compact Ultralight Inflatable Camping Pillow- Inflatable Camp Pillow- Backpacking Pillows Ultralight- Camping Pillows for Sleeping,","1","amazon.com","Standard Orders","Amazon","MOUNT DORA","FL","32757","MarketplaceFacilitator","14.99","1.05","0","0","0","0","0","0","0","0","-1.05","-2.25","-4.16","0","0","8.58","Released","Jan 9, 2026 10:14:47 PM PST"
"Jan 1, 2026 10:00:09 PM PST","25392467641","Order","112-2009398-0006610","GDApolloAir-02","Gear Doctors ApolloAir 5.2 R-Value [25oz] Ultralight Insulated Inflatable Camping Sleeping Pad - Backpacking Sleeping Pad - Camping Mattress Compact L","1","amazon.com","Standard Orders","Amazon","ROUND ROCK","TX","78664","MarketplaceFacilitator","89.99","6.68","0","0","0","0","0","0","-9.00","0","-6.68","-12.15","-6.10","0","0","62.74","Released","Jan 10, 2026 3:44:12 AM PST"
"Jan 1, 2026 10:32:42 PM PST","25392467641","Order","112-7483713-6402603","GDCampingPillowOrange","Gear Doctors 3.5oz Compact Ultralight Inflatable Camping Pillow- Inflatable Camp Pillow- Backpacking Pillows Ultralight- Camping Pillows for Sleeping,","1","amazon.com","Standard Orders","Amazon","RICHARDSON","TX","75081","MarketplaceFacilitator","14.99","1.24","0","0","0","0","0","0","0","0","-1.24","-2.25","-4.16","0","0","8.58","Released","Jan 13, 2026 1:02:53 AM PST"
"Jan 1, 2026 11:00:00 PM PST","25280479521","Order","114-1266733-9478637","GDCampingPillowOrange","Gear Doctors 3.5oz Compact Ultralight Inflatable Camping Pillow- Inflatable Camp Pillow- Backpacking Pillows Ultralight- Camping Pillows for Sleeping,","1","amazon.com","Standard Orders","Amazon","VALRICO","FL","33596","MarketplaceFacilitator","14.99","1.12","0","0","0","0","0","0","0","0","-1.12","-2.25","-4.16","0","0","8.58","Released","Jan 9, 2026 7:51:21 AM PST"
"Jan 2, 2026 12:06:59 AM PST","25280479521","Order","114-1326341-1177023","Ether-01","Gear Doctors® Ether 17.5oz Ultralight Camping Sleeping Pad - Backpacking Air Mattress - Camping Mattress Pad - Compact Inflatable Sleeping Mat for Ba","1","amazon.com","Standard Orders","Amazon","SURPRISE","AZ","85387","MarketplaceFacilitator","33.99","3.09","2.99","0","0","0","0","0","-2.99","0","-3.09","-5.10","-5.68","0","0","23.21","Released","Jan 9, 2026 6:36:51 AM PST"
"Jan 2, 2026 12:07:29 AM PST","25392467641","Order","112-8348254-3951403","GDCampingPillowBlue","Gear Doctors 3.5oz Compact Ultralight Inflatable Camping Pillow - Inflatable Camp Pillow - Backpacking Pillows Ultralight- Camping Pillows for Sleepin","1","amazon.com","Standard Orders","Amazon","APOLLO BEACH","FL","33572","MarketplaceFacilitator","14.99","1.12","0","0","0","0","0","0","0","0","-1.12","-2.25","-4.16","0","0","8.58","Released","Jan 12, 2026 12:24:32 PM PST"
"Jan 2, 2026 12:41:23 AM PST","25392467641","Order","114-5749813-6765826","GDApolloAir01","Gear Doctors ApolloAir 5.2 R-Value [17oz] Ultralight Insulated Inflatable Camping Sleeping Pad - Backpacking Sleeping Pad - Camping Mattress Compact L","1","amazon.com","Standard Orders","Amazon","EATONVILLE","WA","98328","MarketplaceFacilitator","76.50","6.20","0","0","0","0","0","0","0","0","-6.20","-11.48","-5.68","0","0","59.34","Released","Jan 9, 2026 11:56:45 PM PST"
"Jan 2, 2026 12:49:04 AM PST","25392467641","Order","112-5336587-5693858","GDClassic01","Gear Doctors Oxylus 4.3R-Value Insulated Foam Self Inflating Sleeping Pad Camping-Sleeping Pad Backpacking Air Mattress-Camping Mattress Self Inflatin","1","amazon.com","Standard Orders","Amazon","WILLISTON","ND","58801","MarketplaceFacilitator","37.49","3.00","5.14","0","0","0","0","0","-5.14","0","-3.00","-5.62","-8.10","0","0","23.77","Released","Jan 13, 2026 7:36:46 AM PST"
"Jan 2, 2026 1:11:16 AM PST","25392467641","Order","114-8140198-9554634","GDCampingPillowOrange","Gear Doctors 3.5oz Compact Ultralight Inflatable Camping Pillow- Inflatable Camp Pillow- Backpacking Pillows Ultralight- Camping Pillows for Sleeping,","1","amazon.com","Standard Orders","Amazon","EAST BRIDGEWATER","MA","02333","MarketplaceFacilitator","14.99","0.94","0","0","0","0","0","0","0","0","-0.94","-2.25","-4.16","0","0","8.58","Released","Jan 12, 2026 8:26:49 AM PST"
"Jan 2, 2026 1:27:27 AM PST","25392467641","Order","112-4458725-4555439","GDClassic01","Gear Doctors Oxylus 4.3R-Value Insulated Foam Self Inflating Sleeping Pad Camping-Sleeping Pad Backpacking Air Mattress-Camping Mattress Self Inflatin","1","amazon.com","Standard Orders","Amazon","POTTSTOWN","PA","19464","MarketplaceFacilitator","37.49","2.25","0","0","0","0","0","0","0","0","-2.25","-5.62","-8.10","0","0","23.77","Released","Jan 11, 2026 4:07:24 AM PST"
"Jan 2, 2026 2:05:11 AM PST","25392467641","Order","111-9522888-1045026","GDCampingPillowOrange","Gear Doctors 3.5oz Compact Ultralight Inflatable Camping Pillow- Inflatable Camp Pillow- Backpacking Pillows Ultralight- Camping Pillows for Sleeping,","1","amazon.com","Standard Orders","Amazon","RANCHO PALOS VERDES","CA","90275","MarketplaceFacilitator","14.99","1.32","0","0","0","0","0","0","-1.50","0","-1.32","-2.02","-4.16","0","0","7.31","Released","Jan 10, 2026 4:16:42 AM PST"
"Jan 2, 2026 3:06:15 AM PST","25392467641","Order","114-7808792-4347425","GDClassic01","Gear Doctors Oxylus 4.3R-Value Insulated Foam Self Inflating Sleeping Pad Camping-Sleeping Pad Backpacking Air Mattress-Camping Mattress Self Inflatin","1","amazon.com","Standard Orders","Amazon","TYLER","TX","75703","MarketplaceFacilitator","37.49","3.09","0","0","0","0","0","0","0","0","-3.09","-5.62","-8.10","0","0","23.77","Released","Jan 10, 2026 10:20:53 PM PST"
"Jan 2, 2026 5:55:44 AM PST","25392467641","Order","113-6510446-5278606","GDCampingPillowOrange","Gear Doctors 3.5oz Compact Ultralight Inflatable Camping Pillow- Inflatable Camp Pillow- Backpacking Pillows Ultralight- Camping Pillows for Sleeping,","1","amazon.com","Standard Orders","Amazon","POINT PLEASANT BEACH","NJ","08742","MarketplaceFacilitator","14.99","0.99","0","0","0","0","0","0","0","0","-0.99","-2.25","-4.16","0","0","8.58","Released","Jan 11, 2026 12:36:13 AM PST"
"Jan 2, 2026 6:30:27 AM PST","25392467641","Order","112-9745680-2597063","GDCampingPillowOrange","Gear Doctors 3.5oz Compact Ultralight Inflatable Camping Pillow- Inflatable Camp Pillow- Backpacking Pillows Ultralight- Camping Pillows for Sleeping,","1","amazon.com","Standard Orders","Amazon","CASSOPOLIS","MI","49031","MarketplaceFacilitator","14.99","0.90","0","0","0","0","0","0","0","0","-0.90","-2.25","-4.16","0","0","8.58","Released","Jan 12, 2026 1:30:40 AM PST"
"Jan 2, 2026 7:38:41 AM PST","25392467641","Order","114-8228164-8903407","GDClassic01","Gear Doctors Oxylus 4.3R-Value Insulated Foam Self Inflating Sleeping Pad Camping-Sleeping Pad Backpacking Air Mattress-Camping Mattress Self Inflatin","1","amazon.com","Standard Orders","Amazon","CONDON","MT","59826","","37.49","0","0","0","0","0","0","0","0","0","0","-5.62","-8.10","0","0","23.77","Released","Jan 12, 2026 12:41:59 PM PST"
"Jan 2, 2026 8:09:39 AM PST","25392467641","Order","114-4118911-5377808","Ether-01","Gear Doctors® Ether 17.5oz Ultralight Camping Sleeping Pad - Backpacking Air Mattress - Camping Mattress Pad - Compact Inflatable Sleeping Mat for Ba","2","amazon.com","Standard Orders","Amazon","MIAMI","FL","33195","","67.98","0","6.99","0","0","0","0","0","-6.99","0","0","-10.20","-11.36","0","0","46.42","Released","Jan 12, 2026 8:08:09 AM PST"
"Jan 2, 2026 8:26:57 AM PST","25392467641","Order","112-8157405-3833048","GDClassic01","Gear Doctors Oxylus 4.3R-Value Insulated Foam Self Inflating Sleeping Pad Camping-Sleeping Pad Backpacking Air Mattress-Camping Mattress Self Inflatin","1","amazon.com","Standard Orders","Amazon","OWENSVILLE","IN","47665","MarketplaceFacilitator","37.49","2.62","0","0","0","0","0","0","0","0","-2.62","-5.62","-8.10","0","0","23.77","Released","Jan 10, 2026 10:57:41 PM PST"
"Jan 2, 2026 8:40:35 AM PST","25392467641","Order","113-9872561-6338657","GDCampingPillowBlue","Gear Doctors 3.5oz Compact Ultralight Inflatable Camping Pillow - Inflatable Camp Pillow - Backpacking Pillows Ultralight- Camping Pillows for Sleepin","1","amazon.com","Standard Orders","Amazon","MAURICE","LA","70555","MarketplaceFacilitator","14.99","1.25","0","0","0","0","0","0","-1.50","0","-1.25","-2.02","-4.16","0","0","7.31","Released","Jan 10, 2026 7:30:39 AM PST"
"Jan 2, 2026 9:20:42 AM PST","25392467641","Order","111-9766087-2711439","Ether-01","Gear Doctors® Ether 17.5oz Ultralight Camping Sleeping Pad - Backpacking Air Mattress - Camping Mattress Pad - Compact Inflatable Sleeping Mat for Ba","1","amazon.com","Standard Orders","Amazon","HILLSBOROUGH","NH","03244","","33.99","0","0","0","0","0","0","0","0","0","0","-5.10","-5.68","0","0","23.21","Released","Jan 11, 2026 4:25:27 AM PST"
"Jan 2, 2026 10:40:21 AM PST","25392467641","Order","113-1663103-3569045","GDCampingPillowTeal","Gear Doctors 3.5oz Compact Ultralight Inflatable Camping Pillow - Inflatable Camp Pillow - Backpacking Pillows Ultralight- Camping Pillows for Sleepin","1","amazon.com","Standard Orders","Amazon","MEDINA","OH","44256","MarketplaceFacilitator","14.99","1.01","1.05","0","0","0","0","0","-1.05","0","-1.01","-2.25","-4.16","0","0","8.58","Released","Jan 12, 2026 4:08:52 AM PST"
"Jan 2, 2026 10:43:18 AM PST","25392467641","Order","113-1929915-9515429","Ether-01","Gear Doctors® Ether 17.5oz Ultralight Camping Sleeping Pad - Backpacking Air Mattress - Camping Mattress Pad - Compact Inflatable Sleeping Mat for Ba","1","amazon.com","Standard Orders","Amazon","WOODSBORO","MD","21798","MarketplaceFacilitator","33.99","2.04","0","0","0","0","0","0","0","0","-2.04","-5.10","-5.68","0","0","23.21","Released","Jan 11, 2026 2:04:59 AM PST"
"Jan 2, 2026 11:00:08 AM PST","25392467641","Order","112-0933409-3996262","GDCampingPillowOrange","Gear Doctors 3.5oz Compact Ultralight Inflatable Camping Pillow- Inflatable Camp Pillow- Backpacking Pillows Ultralight- Camping Pillows for Sleeping,","1","amazon.com","Standard Orders","Amazon","Annandale","VA","22003","MarketplaceFacilitator","14.99","0.90","2.99","0","0","0","0","0","-2.99","0","-0.90","-2.25","-4.16","0","0","8.58","Released","Jan 9, 2026 11:33:06 PM PST"
"Jan 2, 2026 11:06:16 AM PST","25392467641","Order","113-8340365-8285809","Ether-01","Gear Doctors® Ether 17.5oz Ultralight Camping Sleeping Pad - Backpacking Air Mattress - Camping Mattress Pad - Compact Inflatable Sleeping Mat for Ba","1","amazon.com","Standard Orders","Amazon","GOODRICH","MI","48438","MarketplaceFacilitator","33.99","2.04","0.52","0","0","0","0","0","0","0","-2.04","-5.10","-6.20","0","0","23.21","Released","Jan 11, 2026 2:20:16 AM PST"
"Jan 2, 2026 11:17:56 AM PST","25392467641","Order","113-5915027-1801065","GDCampingPillowOrange","Gear Doctors 3.5oz Compact Ultralight Inflatable Camping Pillow- Inflatable Camp Pillow- Backpacking Pillows Ultralight- Camping Pillows for Sleeping,","1","amazon.com","Standard Orders","Amazon","NESQUEHONING","PA","18240","MarketplaceFacilitator","14.99","0.90","0","0","0","0","0","0","0","0","-0.90","-2.25","-4.16","0","0","8.58","Released","Jan 11, 2026 6:30:54 AM PST"
"Jan 2, 2026 11:22:05 AM PST","25392467641","Order","113-9211243-0073822","Ether-01","Gear Doctors® Ether 17.5oz Ultralight Camping Sleeping Pad - Backpacking Air Mattress - Camping Mattress Pad - Compact Inflatable Sleeping Mat for Ba","1","amazon.com","Standard Orders","Amazon","MANCHESTER","NEW HAMPSHIRE","03104","","33.99","0","0","0","0","0","0","0","0","0","0","-5.10","-5.68","0","0","23.21","Released","Jan 10, 2026 8:02:25 AM PST"
"Jan 2, 2026 11:46:50 AM PST","25280479521","Refund","111-6025970-7392261","Ether-01","Gear Doctors® Ether 17.5oz Ultralight Camping Sleeping Pad - Backpacking Air Mattress - Camping Mattress Pad - Compact Inflatable Sleeping Mat for Ba","1","amazon.com","Standard Orders","Amazon","CALDWELL","ID","83607","MarketplaceFacilitator","-23.79","-1.43","-0.34","0","0","0","0","0","0.34","0","4.29","8.57","0","0","0","-12.36","Released","Jan 2, 2026 11:46:50 AM PST"
"Jan 2, 2026 11:46:50 AM PST","25280479521","Refund","111-6025970-7392261","Ether-01","Gear Doctors® Ether 17.5oz Ultralight Camping Sleeping Pad - Backpacking Air Mattress - Camping Mattress Pad - Compact Inflatable Sleeping Mat for Ba","1","amazon.com","Standard Orders","Amazon","CALDWELL","ID","83607","","-23.79","-1.43","-0.33","0","0","0","0","0","0.33","0","0","0","0","0","0","-25.22","Released","Jan 2, 2026 11:46:50 AM PST"
"Jan 2, 2026 11:46:50 AM PST","25280479521","Refund","111-6025970-7392261","Ether-01","Gear Doctors® Ether 17.5oz Ultralight Camping Sleeping Pad - Backpacking Air Mattress - Camping Mattress Pad - Compact Inflatable Sleeping Mat for Ba","1","amazon.com","Standard Orders","Amazon","CALDWELL","ID","83607","","-23.79","-1.43","-0.33","0","0","0","0","0","0.33","0","0","0","0","0","0","-25.22","Released","Jan 2, 2026 11:46:50 AM PST"
"Jan 2, 2026 12:13:29 PM PST","25392467641","Order","113-3405414-6507467","Ether-01","Gear Doctors® Ether 17.5oz Ultralight Camping Sleeping Pad - Backpacking Air Mattress - Camping Mattress Pad - Compact Inflatable Sleeping Mat for Ba","1","amazon.com","Standard Orders","Amazon","OLDTOWN","ID","83822","MarketplaceFacilitator","33.99","2.00","0","0","0","0","0","0","-0.68","0","-10.00","-25.00","-5.68","0","0","-5.37","Released","Jan 11, 2026 2:24:14 AM PST"
"Jan 2, 2026 12:13:29 PM PST","25392467641","Order","113-3405414-6507467","Ether-01","Gear Doctors® Ether 17.5oz Ultralight Camping Sleeping Pad - Backpacking Air Mattress - Camping Mattress Pad - Compact Inflatable Sleeping Mat for Ba","3","amazon.com","Standard Orders","Amazon","OLDTOWN","ID","83822","","101.97","6.00","0","0","0","0","0","0","-2.04","0","0","0","-17.04","0","0","88.89","Released","Jan 11, 2026 2:24:14 AM PST"
"Jan 2, 2026 12:13:29 PM PST","25392467641","Order","113-3405414-6507467","Ether-01","Gear Doctors® Ether 17.5oz Ultralight Camping Sleeping Pad - Backpacking Air Mattress - Camping Mattress Pad - Compact Inflatable Sleeping Mat for Ba","1","amazon.com","Standard Orders","Amazon","OLDTOWN","ID","83822","","33.99","2.00","0","0","0","0","0","0","-0.68","0","0","0","-5.68","0","0","29.63","Released","Jan 11, 2026 2:24:14 AM PST"
"Jan 2, 2026 12:15:32 PM PST","25280479521","Refund_Retrocharge","111-6186032-0899451","","retrocharge reversal for orderid 111-6186032-0899451","","Amazon.com","Standard Orders","","","","","","0","-1.12","0","0","0","0","0","0","0","0","1.12","0","0","0","0","0","Released","Jan 2, 2026 12:15:32 PM PST"
"Jan 2, 2026 12:40:38 PM PST","25392467641","Order","113-9405305-8868208","Ether-01","Gear Doctors® Ether 17.5oz Ultralight Camping Sleeping Pad - Backpacking Air Mattress - Camping Mattress Pad - Compact Inflatable Sleeping Mat for Ba","1","amazon.com","Standard Orders","Amazon","San Francisco","CA","94118","MarketplaceFacilitator","33.99","2.64","2.99","0","0","0","0","0","-6.39","0","-2.64","-4.59","-5.68","0","0","20.32","Released","Jan 10, 2026 5:26:48 AM PST"
"Jan 2, 2026 1:21:24 PM PST","25392467641","Order","114-2812709-1101043","GDCampingPillowOrange","Gear Doctors 3.5oz Compact Ultralight Inflatable Camping Pillow- Inflatable Camp Pillow- Backpacking Pillows Ultralight- Camping Pillows for Sleeping,","1","amazon.com","Standard Orders","Amazon","SANFORD","NC","27330","MarketplaceFacilitator","14.99","1.05","0","0","0","0","0","0","0","0","-1.05","-2.25","-4.16","0","0","8.58","Released","Jan 11, 2026 5:37:16 AM PST"
"Jan 2, 2026 1:24:40 PM PST","25392467641","Order","111-0566094-8695418","Ether-01","Gear Doctors® Ether 17.5oz Ultralight Camping Sleeping Pad - Backpacking Air Mattress - Camping Mattress Pad - Compact Inflatable Sleeping Mat for Ba","1","amazon.com","Standard Orders","Amazon","WILLIAMSVILLE","NY","14221","MarketplaceFacilitator","33.99","2.97","3.21","0","0","0","0","0","-3.21","0","-2.97","-5.10","-5.68","0","0","23.21","Released","Jan 10, 2026 5:05:56 PM PST"
"Jan 2, 2026 1:37:24 PM PST","25392467641","Order","113-9389588-1001817","GDApolloAir-02","Gear Doctors ApolloAir 5.2 R-Value [25oz] Ultralight Insulated Inflatable Camping Sleeping Pad - Backpacking Sleeping Pad - Camping Mattress Compact L","1","amazon.com","Standard Orders","Amazon","WICKENBURG","AZ","85390","MarketplaceFacilitator","89.99","7.65","0","0","0","0","0","0","0","0","-7.65","-13.50","-6.10","0","0","70.39","Released","Jan 11, 2026 3:05:08 AM PST"
"Jan 2, 2026 1:55:50 PM PST","25392467641","Order","113-1661657-3207407","Ether-01","Gear Doctors® Ether 17.5oz Ultralight Camping Sleeping Pad - Backpacking Air Mattress - Camping Mattress Pad - Compact Inflatable Sleeping Mat for Ba","1","amazon.com","Standard Orders","Amazon","TAYLORS","SC","29687","MarketplaceFacilitator","33.99","2.04","0","0","0","0","0","0","0","0","-2.04","-5.10","-5.68","0","0","23.21","Released","Jan 10, 2026 6:52:38 AM PST"
"Jan 2, 2026 2:01:38 PM PST","25392467641","Order","114-5200422-7950640","GDClassic01","Gear Doctors Oxylus 4.3R-Value Insulated Foam Self Inflating Sleeping Pad Camping-Sleeping Pad Backpacking Air Mattress-Camping Mattress Self Inflatin","1","amazon.com","Standard Orders","Amazon","GREENSBORO","NC","27408","MarketplaceFacilitator","37.49","2.53","0","0","0","0","0","0","0","0","-2.53","-5.62","-8.10","0","0","23.77","Released","Jan 10, 2026 11:58:13 PM PST"
"Jan 2, 2026 2:04:39 PM PST","25392467641","Order","113-0926180-5845032","Ether-01","Gear Doctors® Ether 17.5oz Ultralight Camping Sleeping Pad - Backpacking Air Mattress - Camping Mattress Pad - Compact Inflatable Sleeping Mat for Ba","1","amazon.com","Standard Orders","Amazon","CLACKAMAS","OR","97015","","33.99","0","0","0","0","0","0","0","0","0","0","-5.10","-5.68","0","0","23.21","Released","Jan 11, 2026 4:49:37 AM PST"
"Jan 2, 2026 2:17:14 PM PST","25392467641","Order","114-9316116-1208267","GDApolloAir01","Gear Doctors ApolloAir 5.2 R-Value [17oz] Ultralight Insulated Inflatable Camping Sleeping Pad - Backpacking Sleeping Pad - Camping Mattress Compact L","1","amazon.com","Standard Orders","Amazon","FLAGSTAFF","AZ","86005","MarketplaceFacilitator","76.50","7.18","0","0","0","0","0","0","0","0","-7.18","-11.48","-5.68","0","0","59.34","Released","Jan 11, 2026 10:26:00 PM PST"
"Jan 2, 2026 2:28:57 PM PST","25392467641","Order","111-8764853-0949031","GDCampingPillowBlue","Gear Doctors 3.5oz Compact Ultralight Inflatable Camping Pillow - Inflatable Camp Pillow - Backpacking Pillows Ultralight- Camping Pillows for Sleepin","1","amazon.com","Standard Orders","Amazon","PULASKI","WI","54162","MarketplaceFacilitator","14.99","0.82","0","0","0","0","0","0","0","0","-0.82","-2.25","-4.16","0","0","8.58","Released","Jan 11, 2026 7:52:57 AM PST"
"Jan 2, 2026 2:30:22 PM PST","25392467641","Order","111-5816673-8253051","GDClassic01","Gear Doctors Oxylus 4.3R-Value Insulated Foam Self Inflating Sleeping Pad Camping-Sleeping Pad Backpacking Air Mattress-Camping Mattress Self Inflatin","1","amazon.com","Standard Orders","Amazon","New Territories","Hong Kong SAR","","","37.49","0","11.04","0","0","0","0","0","-11.04","0","0","-5.62","-8.10","0","0","23.77","Released","Jan 15, 2026 11:25:00 PM PST"
"Jan 2, 2026 2:35:39 PM PST","25392467641","Order","111-1837483-5457001","GDApolloAir01","Gear Doctors ApolloAir 5.2 R-Value [17oz] Ultralight Insulated Inflatable Camping Sleeping Pad - Backpacking Sleeping Pad - Camping Mattress Compact L","1","amazon.com","Standard Orders","Amazon","BALLSTON SPA","NY","12020","MarketplaceFacilitator","80.74","5.09","0","0","0","0","0","0","-8.07","0","-5.09","-10.90","-5.68","0","0","56.09","Released","Jan 10, 2026 6:06:27 AM PST"
"Jan 2, 2026 3:02:26 PM PST","25392467641","Order","114-1338389-3433030","GDCampingPillowOrange","Gear Doctors 3.5oz Compact Ultralight Inflatable Camping Pillow- Inflatable Camp Pillow- Backpacking Pillows Ultralight- Camping Pillows for Sleeping,","1","amazon.com","Standard Orders","Amazon","LOS ANGELES","CA","90029","MarketplaceFacilitator","14.99","1.46","0","0","0","0","0","0","0","0","-1.46","-2.25","-4.16","0","0","8.58","Released","Jan 10, 2026 11:47:55 PM PST"
"Jan 2, 2026 3:10:11 PM PST","25392467641","Order","114-7402590-5331446","GDApolloAir-02","Gear Doctors ApolloAir 5.2 R-Value [25oz] Ultralight Insulated Inflatable Camping Sleeping Pad - Backpacking Sleeping Pad - Camping Mattress Compact L","1","amazon.com","Standard Orders","Amazon","ARNOLD","MO","63010","MarketplaceFacilitator","89.99","3.80","6.99","0","0","0","0","0","-6.99","0","-3.80","-13.50","-6.10","0","0","70.39","Released","Jan 11, 2026 2:53:18 AM PST"
"Jan 2, 2026 3:12:47 PM PST","25392467641","Order","113-5171560-8357003","GDApolloAir01","Gear Doctors ApolloAir 5.2 R-Value [17oz] Ultralight Insulated Inflatable Camping Sleeping Pad - Backpacking Sleeping Pad - Camping Mattress Compact L","1","amazon.com","Standard Orders","Amazon","LYNDEN","WA","98264","MarketplaceFacilitator","76.50","7.04","0","0","0","0","0","0","0","0","-7.04","-11.48","-5.68","0","0","59.34","Released","Jan 12, 2026 5:15:23 AM PST"
"Jan 2, 2026 3:32:48 PM PST","25392467641","Order","114-7036383-5982625","GDCampingPillowOrange","Gear Doctors 3.5oz Compact Ultralight Inflatable Camping Pillow- Inflatable Camp Pillow- Backpacking Pillows Ultralight- Camping Pillows for Sleeping,","1","amazon.com","Standard Orders","Amazon","BARRINGTON","NH","03825","","14.99","0","0","0","0","0","0","0","0","0","0","-2.25","-4.16","0","0","8.58","Released","Jan 11, 2026 8:25:15 AM PST"
"Jan 2, 2026 3:58:51 PM PST","25392467641","Order","112-5493214-1702630","GDClassic01","Gear Doctors Oxylus 4.3R-Value Insulated Foam Self Inflating Sleeping Pad Camping-Sleeping Pad Backpacking Air Mattress-Camping Mattress Self Inflatin","1","amazon.com","Standard Orders","Amazon","OWENS CROSS ROADS","AL","35763","MarketplaceFacilitator","37.49","3.00","0","0","0","0","0","0","0","0","-3.00","-5.62","-8.10","0","0","23.77","Released","Jan 12, 2026 4:43:39 AM PST"
"Jan 2, 2026 4:01:49 PM PST","25280479521","Refund","112-1443245-5164242","GDApolloAir01","Gear Doctors ApolloAir 5.2 R-Value [17oz] Ultralight Insulated Inflatable Camping Sleeping Pad - Backpacking Sleeping Pad - Camping Mattress Compact L","1","amazon.com","Standard Orders","Amazon","COLUMBIA","MO","65201","MarketplaceFacilitator","-84.99","-6.78","0","0","0","0","0","0","0","0","6.78","10.20","0","0","0","-74.79","Released","Jan 2, 2026 4:01:49 PM PST"
"Jan 2, 2026 4:05:45 PM PST","25392467641","Order","112-4090224-0533857","GDCampingPillowOrange","Gear Doctors 3.5oz Compact Ultralight Inflatable Camping Pillow- Inflatable Camp Pillow- Backpacking Pillows Ultralight- Camping Pillows for Sleeping,","1","amazon.com","Standard Orders","Amazon","RAVENEL","SC","29470","MarketplaceFacilitator","14.99","1.35","0","0","0","0","0","0","0","0","-1.35","-2.25","-4.16","0","0","8.58","Released","Jan 11, 2026 10:40:26 AM PST"
"Jan 2, 2026 4:44:45 PM PST","25280479521","Adjustment","113-7060645-3157039","GDClassic01","FBA Inventory Reimbursement - Customer Return","1","","Standard Orders","","","","","","0","0","0","0","0","0","0","0","0","0","0","0","0","0","20.58","20.58","Released","Jan 2, 2026 4:44:45 PM PST"
"Jan 2, 2026 4:53:35 PM PST","25392467641","Order","112-5991518-3800236","Ether-01","Gear Doctors® Ether 17.5oz Ultralight Camping Sleeping Pad - Backpacking Air Mattress - Camping Mattress Pad - Compact Inflatable Sleeping Mat for Ba","1","amazon.com","Standard Orders","Amazon","AVE MARIA","FL","34142","MarketplaceFacilitator","33.99","2.04","0","0","0","0","0","0","0","0","-2.04","-5.10","-5.68","0","0","23.21","Released","Jan 12, 2026 11:50:33 PM PST"
"Jan 2, 2026 5:16:31 PM PST","25392467641","Order","113-9210629-4019422","Ether-01","Gear Doctors® Ether 17.5oz Ultralight Camping Sleeping Pad - Backpacking Air Mattress - Camping Mattress Pad - Compact Inflatable Sleeping Mat for Ba","1","amazon.com","Standard Orders","Amazon","LOGAN","UT","84321","MarketplaceFacilitator","33.99","2.48","0","0","0","0","0","0","0","0","-2.48","-5.10","-5.68","0","0","23.21","Released","Jan 11, 2026 4:30:34 AM PST"
"Jan 2, 2026 5:22:45 PM PST","25392467641","Order","112-8674225-8580258","GDCampingPillowBlue","Gear Doctors 3.5oz Compact Ultralight Inflatable Camping Pillow - Inflatable Camp Pillow - Backpacking Pillows Ultralight- Camping Pillows for Sleepin","1","amazon.com","Standard Orders","Amazon","ANAHEIM","CA","92804","MarketplaceFacilitator","14.99","1.16","0","0","0","0","0","0","0","0","-1.16","-2.25","-4.16","0","0","8.58","Released","Jan 12, 2026 3:12:13 AM PST"
"Jan 2, 2026 5:25:22 PM PST","25280479521","FBA Inventory Fee","YSmrJe/Upm","","FBA Removal Order: Return Fee","","Amazon.com","Standard Orders","","","","","","0","0","0","0","0","0","0","0","0","0","0","0","0","0","-4.99","-4.99","Released","Jan 2, 2026 5:25:22 PM PST"
"Jan 2, 2026 5:25:33 PM PST","25280479521","FBA Inventory Fee","YSmrJe/Upm","","FBA Removal Order: Return Fee","","Amazon.com","Standard Orders","","","","","","0","0","0","0","0","0","0","0","0","0","0","0","0","0","-2.27","-2.27","Released","Jan 2, 2026 5:25:33 PM PST"
"Jan 2, 2026 5:25:38 PM PST","25280479521","FBA Inventory Fee","YSmrJe/Upm","","FBA Removal Order: Return Fee","","Amazon.com","Standard Orders","","","","","","0","0","0","0","0","0","0","0","0","0","0","0","0","0","-6.22","-6.22","Released","Jan 2, 2026 5:25:38 PM PST"
"Jan 2, 2026 5:25:40 PM PST","25280479521","FBA Inventory Fee","YSmrJe/Upm","","FBA Removal Order: Return Fee","","Amazon.com","Standard Orders","","","","","","0","0","0","0","0","0","0","0","0","0","0","0","0","0","-8.49","-8.49","Released","Jan 2, 2026 5:25:40 PM PST"
"Jan 2, 2026 5:26:05 PM PST","25280479521","FBA Inventory Fee","YSmrJe/Upm","","FBA Removal Order: Return Fee","","Amazon.com","Standard Orders","","","","","","0","0","0","0","0","0","0","0","0","0","0","0","0","0","-7.90","-7.90","Released","Jan 2, 2026 5:26:05 PM PST"
"Jan 2, 2026 5:26:09 PM PST","25280479521","FBA Inventory Fee","YSmrJe/Upm","","FBA Removal Order: Return Fee","","Amazon.com","Standard Orders","","","","","","0","0","0","0","0","0","0","0","0","0","0","0","0","0","-3.95","-3.95","Released","Jan 2, 2026 5:26:09 PM PST"
"Jan 2, 2026 5:31:03 PM PST","25392467641","Order","112-8674225-8580258","GDCampingPillowOrange","Gear Doctors 3.5oz Compact Ultralight Inflatable Camping Pillow- Inflatable Camp Pillow- Backpacking Pillows Ultralight- Camping Pillows for Sleeping,","1","amazon.com","Standard Orders","Amazon","ANAHEIM","CA","92804","MarketplaceFacilitator","14.99","1.16","0","0","0","0","0","0","0","0","-1.16","-2.25","-4.16","0","0","8.58","Released","Jan 10, 2026 10:49:20 PM PST"
"Jan 2, 2026 6:04:53 PM PST","25392467641","Order","113-8592236-0591461","GDApolloAir01","Gear Doctors ApolloAir 5.2 R-Value [17oz] Ultralight Insulated Inflatable Camping Sleeping Pad - Backpacking Sleeping Pad - Camping Mattress Compact L","1","amazon.com","Standard Orders","Amazon","ALPHARETTA","GA","30005","MarketplaceFacilitator","76.50","5.93","0","0","0","0","0","0","0","0","-5.93","-11.48","-5.68","0","0","59.34","Released","Jan 11, 2026 7:10:30 AM PST"
"Jan 2, 2026 6:05:31 PM PST","25392467641","Order","111-9158998-0153804","GDClassic01","Gear Doctors Oxylus 4.3R-Value Insulated Foam Self Inflating Sleeping Pad Camping-Sleeping Pad Backpacking Air Mattress-Camping Mattress Self Inflatin","1","amazon.com","Standard Orders","Amazon","AUBURNDALE","FL","33823","MarketplaceFacilitator","37.49","2.62","0","0","0","0","0","0","0","0","-2.62","-5.62","-8.10","0","0","23.77","Released","Jan 10, 2026 5:38:47 PM PST"
"Jan 2, 2026 6:29:31 PM PST","25392467641","Order","111-5676508-8373025","GDCampingPillowTeal","Gear Doctors 3.5oz Compact Ultralight Inflatable Camping Pillow - Inflatable Camp Pillow - Backpacking Pillows Ultralight- Camping Pillows for Sleepin","1","amazon.com","Standard Orders","Amazon","SCHENECTADY","NY","12302","MarketplaceFacilitator","14.99","1.20","0","0","0","0","0","0","0","0","-1.20","-2.25","-4.16","0","0","8.58","Released","Jan 13, 2026 2:41:03 AM PST"
"Jan 2, 2026 6:44:28 PM PST","25280479521","Refund","114-4342457-3094604","Ether-01","Gear Doctors® Ether 17.5oz Ultralight Camping Sleeping Pad - Backpacking Air Mattress - Camping Mattress Pad - Compact Inflatable Sleeping Mat for Ba","1","amazon.com","Standard Orders","Amazon","BEN LOMOND","CA","95005","MarketplaceFacilitator","-33.99","-3.23","0","0","0","0","0","0","0","0","3.23","4.08","0","0","0","-29.91","Released","Jan 6, 2026 6:12:14 AM PST"
"Jan 2, 2026 6:52:37 PM PST","25392467641","Order","112-5629505-2982628","GDCampingPillowTeal","Gear Doctors 3.5oz Compact Ultralight Inflatable Camping Pillow - Inflatable Camp Pillow - Backpacking Pillows Ultralight- Camping Pillows for Sleepin","1","amazon.com","Standard Orders","Amazon","SAINT PETERS","MO","63376","MarketplaceFacilitator","14.99","1.19","0","0","0","0","0","0","0","0","-1.19","-2.25","-4.16","0","0","8.58","Released","Jan 11, 2026 5:42:20 AM PST"
"Jan 2, 2026 6:52:48 PM PST","25392467641","Order","113-5424283-8022636","GDApolloAir01","Gear Doctors ApolloAir 5.2 R-Value [17oz] Ultralight Insulated Inflatable Camping Sleeping Pad - Backpacking Sleeping Pad - Camping Mattress Compact L","1","amazon.com","Standard Orders","Amazon","NORTH PRAIRIE","WI","53153","MarketplaceFacilitator","76.50","3.83","0","0","0","0","0","0","0","0","-3.83","-11.48","-5.68","0","0","59.34","Released","Jan 10, 2026 11:06:19 PM PST"
"Jan 2, 2026 7:04:59 PM PST","25280479521","Refund","111-4600725-1368221","Ether-01","Gear Doctors® Ether 17.5oz Ultralight Camping Sleeping Pad - Backpacking Air Mattress - Camping Mattress Pad - Compact Inflatable Sleeping Mat for Ba","2","amazon.com","Standard Orders","Amazon","BURLINGTON","NJ","08016","MarketplaceFacilitator","-67.98","-4.50","-0.99","0","0","0","0","0","0.99","0","4.50","8.16","0","0","0","-59.82","Released","Jan 3, 2026 9:59:32 PM PST"
"Jan 2, 2026 7:15:33 PM PST","25280479521","Refund","112-4093587-6293827","GDCampingPillowBlue","Gear Doctors 3.5oz Compact Ultralight Inflatable Camping Pillow - Inflatable Camp Pillow - Backpacking Pillows Ultralight- Camping Pillows for Sleepin","1","amazon.com","Standard Orders","Amazon","COLUMBIA","MO","65201","MarketplaceFacilitator","-14.99","-1.20","0","0","0","0","0","0","0","0","1.20","1.80","0","0","0","-13.19","Released","Jan 5, 2026 5:16:28 AM PST"
"Jan 2, 2026 7:24:56 PM PST","25392467641","Order","112-6233965-0362646","GDClassic01","Gear Doctors Oxylus 4.3R-Value Insulated Foam Self Inflating Sleeping Pad Camping-Sleeping Pad Backpacking Air Mattress-Camping Mattress Self Inflatin","1","amazon.com","Standard Orders","Amazon","RAYMOND","OH","43067","MarketplaceFacilitator","37.49","2.62","0","0","0","0","0","0","0","0","-2.62","-5.62","-8.10","0","0","23.77","Released","Jan 11, 2026 1:04:18 AM PST"
"Jan 2, 2026 8:05:12 PM PST","25392467641","Order","111-1135736-9534659","Ether-01","Gear Doctors® Ether 17.5oz Ultralight Camping Sleeping Pad - Backpacking Air Mattress - Camping Mattress Pad - Compact Inflatable Sleeping Mat for Ba","1","amazon.com","Standard Orders","Amazon","GRAYSLAKE","IL","60030","MarketplaceFacilitator","33.99","2.38","1.50","0","0","0","0","0","-1.50","0","-2.38","-5.10","-5.68","0","0","23.21","Released","Jan 10, 2026 3:48:35 AM PST"
"Jan 2, 2026 8:18:37 PM PST","25392467641","Order","111-5972148-9549014","GDCampingPillowTeal","Gear Doctors 3.5oz Compact Ultralight Inflatable Camping Pillow - Inflatable Camp Pillow - Backpacking Pillows Ultralight- Camping Pillows for Sleepin","1","amazon.com","Standard Orders","Amazon","DENVER","COLORADO","80228","MarketplaceFacilitator","14.99","1.12","0","0","0","0","0","0","0","0","-1.12","-2.25","-4.16","0","0","8.58","Released","Jan 12, 2026 12:28:31 AM PST"
"Jan 2, 2026 8:26:56 PM PST","25392467641","Order","112-4533378-9866663","GDCampingPillowBlue","Gear Doctors 3.5oz Compact Ultralight Inflatable Camping Pillow - Inflatable Camp Pillow - Backpacking Pillows Ultralight- Camping Pillows for Sleepin","1","amazon.com","Standard Orders","Amazon","ABILENE","TX","79602","MarketplaceFacilitator","14.99","1.24","0","0","0","0","0","0","0","0","-1.24","-2.25","-4.16","0","0","8.58","Released","Jan 11, 2026 8:13:38 AM PST"
"Jan 2, 2026 9:16:14 PM PST","25392467641","Order","114-6521242-1530655","Ether-01","Gear Doctors® Ether 17.5oz Ultralight Camping Sleeping Pad - Backpacking Air Mattress - Camping Mattress Pad - Compact Inflatable Sleeping Mat for Ba","1","amazon.com","Standard Orders","Amazon","SHERIDAN","OR","97378","","33.99","0","0","0","0","0","0","0","0","0","0","-5.10","-5.68","0","0","23.21","Released","Jan 11, 2026 6:15:46 AM PST"
"Jan 2, 2026 9:21:32 PM PST","25392467641","Order","112-4297755-5093863","GDClassic01","Gear Doctors Oxylus 4.3R-Value Insulated Foam Self Inflating Sleeping Pad Camping-Sleeping Pad Backpacking Air Mattress-Camping Mattress Self Inflatin","1","amazon.com","Standard Orders","Amazon","ARLINGTON","TN","38002","MarketplaceFacilitator","37.49","3.66","0","0","0","0","0","0","0","0","-3.66","-5.62","-8.10","0","0","23.77","Released","Jan 11, 2026 7:47:45 AM PST"
"Jan 2, 2026 9:56:53 PM PST","25280479521","Adjustment","113-9533729-6832238","Ether-01","FBA Inventory Reimbursement - Customer Return","1","","Standard Orders","","","","","","0","0","0","0","0","0","0","0","0","0","0","0","0","0","22.36","22.36","Released","Jan 2, 2026 9:56:53 PM PST"
"Jan 2, 2026 10:20:47 PM PST","25392467641","Order","112-2073081-9504235","GDApolloAir01","Gear Doctors ApolloAir 5.2 R-Value [17oz] Ultralight Insulated Inflatable Camping Sleeping Pad - Backpacking Sleeping Pad - Camping Mattress Compact L","1","amazon.com","Standard Orders","Amazon","TROY","OH","45373","MarketplaceFacilitator","84.99","5.95","0","0","0","0","0","0","0","0","-5.95","-12.75","-5.68","0","0","66.56","Released","Jan 11, 2026 11:29:38 PM PST"
"Jan 2, 2026 10:34:08 PM PST","25392467641","Order","113-8730609-1856256","GDApolloAir-02","Gear Doctors ApolloAir 5.2 R-Value [25oz] Ultralight Insulated Inflatable Camping Sleeping Pad - Backpacking Sleeping Pad - Camping Mattress Compact L","1","amazon.com","Standard Orders","Amazon","MODESTO","CA","95356","MarketplaceFacilitator","89.99","7.99","0","0","0","0","0","0","0","0","-7.99","-13.50","-6.10","0","0","70.39","Released","Jan 11, 2026 5:20:30 AM PST"
"Jan 2, 2026 10:56:24 PM PST","25392467641","Order","111-4524920-8390661","GDCampingPillowBlue","Gear Doctors 3.5oz Compact Ultralight Inflatable Camping Pillow - Inflatable Camp Pillow - Backpacking Pillows Ultralight- Camping Pillows for Sleepin","1","amazon.com","Standard Orders","Amazon","ROSEMEAD","CA","91770","MarketplaceFacilitator","14.99","1.46","0","0","0","0","0","0","0","0","-1.46","-2.25","-4.16","0","0","8.58","Released","Jan 11, 2026 8:04:07 AM PST"
"Jan 2, 2026 11:05:19 PM PST","25392467641","Order","114-2575477-9885813","Ether-01","Gear Doctors® Ether 17.5oz Ultralight Camping Sleeping Pad - Backpacking Air Mattress - Camping Mattress Pad - Compact Inflatable Sleeping Mat for Ba","1","amazon.com","Standard Orders","Amazon","HAYESVILLE","NC","28904","MarketplaceFacilitator","33.99","2.38","0","0","0","0","0","0","0","0","-2.38","-5.10","-5.68","0","0","23.21","Released","Jan 12, 2026 4:15:44 AM PST"
"Jan 2, 2026 11:10:03 PM PST","25392467641","Order","113-2284312-7804220","Ether-01","Gear Doctors® Ether 17.5oz Ultralight Camping Sleeping Pad - Backpacking Air Mattress - Camping Mattress Pad - Compact Inflatable Sleeping Mat for Ba","1","amazon.com","Standard Orders","Amazon","ANAHEIM","CA","92802","MarketplaceFacilitator","33.99","2.63","6.99","0.54","0","0","0","0","0","0","-3.17","-5.10","-12.67","0","0","23.21","Released","Jan 11, 2026 12:19:51 AM PST"
"Jan 2, 2026 11:26:15 PM PST","25392467641","Order","113-9893101-0418658","GDClassic01","Gear Doctors Oxylus 4.3R-Value Insulated Foam Self Inflating Sleeping Pad Camping-Sleeping Pad Backpacking Air Mattress-Camping Mattress Self Inflatin","1","amazon.com","Standard Orders","Amazon","Wadena","Mn","56482","MarketplaceFacilitator","37.49","2.76","0","0","0","0","0","0","0","0","-2.76","-5.62","-8.10","0","0","23.77","Released","Jan 13, 2026 1:22:13 AM PST"
"Jan 2, 2026 11:58:43 PM PST","25392467641","Order","114-2076638-8737802","Ether-01","Gear Doctors® Ether 17.5oz Ultralight Camping Sleeping Pad - Backpacking Air Mattress - Camping Mattress Pad - Compact Inflatable Sleeping Mat for Ba","1","amazon.com","Standard Orders","Amazon","SAPULPA","OK","74066","MarketplaceFacilitator","33.99","2.96","1.50","0","0","0","0","0","-4.90","0","-2.96","-4.59","-5.68","0","0","20.32","Released","Jan 10, 2026 3:53:03 AM PST"
"Jan 3, 2026 12:14:10 AM PST","25392467641","Order","111-5290710-2671465","GDApolloAir-02","Gear Doctors ApolloAir 5.2 R-Value [25oz] Ultralight Insulated Inflatable Camping Sleeping Pad - Backpacking Sleeping Pad - Camping Mattress Compact L","1","amazon.com","Standard Orders","Amazon","DENVER","COLORADO","80228","MarketplaceFacilitator","89.99","6.75","2.99","0","0","0","0","0","-2.99","0","-6.75","-13.50","-6.10","0","0","70.39","Released","Jan 10, 2026 7:52:49 AM PST"
"Jan 3, 2026 12:47:56 AM PST","25392467641","Order","111-8267191-2995456","Ether-01","Gear Doctors® Ether 17.5oz Ultralight Camping Sleeping Pad - Backpacking Air Mattress - Camping Mattress Pad - Compact Inflatable Sleeping Mat for Ba","1","amazon.com","Standard Orders","Amazon","CARSON CITY","NV","89706","MarketplaceFacilitator","33.99","2.58","0","0","0","0","0","0","0","0","-2.58","-5.10","-5.68","0","0","23.21","Released","Jan 11, 2026 10:55:33 PM PST"
"Jan 3, 2026 1:43:24 AM PST","25392467641","Order","112-2073081-9504235","GDApolloAir01","Gear Doctors ApolloAir 5.2 R-Value [17oz] Ultralight Insulated Inflatable Camping Sleeping Pad - Backpacking Sleeping Pad - Camping Mattress Compact L","1","amazon.com","Standard Orders","Amazon","TROY","OH","45373","MarketplaceFacilitator","84.99","5.95","0","0","0","0","0","0","0","0","-5.95","-12.75","-5.68","0","0","66.56","Released","Jan 11, 2026 10:25:19 PM PST"
"Jan 3, 2026 1:49:01 AM PST","25392467641","Order","114-0370401-1349038","GDCampingPillowOrange","Gear Doctors 3.5oz Compact Ultralight Inflatable Camping Pillow- Inflatable Camp Pillow- Backpacking Pillows Ultralight- Camping Pillows for Sleeping,","1","amazon.com","Standard Orders","Amazon","PLANT CITY","FL","33563","MarketplaceFacilitator","14.99","1.12","0","0","0","0","0","0","0","0","-1.12","-2.25","-4.16","0","0","8.58","Released","Jan 11, 2026 4:20:42 AM PST"
"Jan 3, 2026 2:18:21 AM PST","25280479521","Refund","111-6622887-2609044","GDApolloAir01","Gear Doctors ApolloAir 5.2 R-Value [17oz] Ultralight Insulated Inflatable Camping Sleeping Pad - Backpacking Sleeping Pad - Camping Mattress Compact L","1","amazon.com","Standard Orders","Amazon","Rancho Palos Verdes","Ca","90275","MarketplaceFacilitator","-84.99","-8.29","0","0","0","0","0","0","0","0","8.29","10.20","0","0","0","-74.79","Released","Jan 3, 2026 2:18:21 AM PST"
"Jan 3, 2026 2:19:35 AM PST","25280479521","Refund","112-4230761-6174634","Ether-01","Gear Doctors® Ether 17.5oz Ultralight Camping Sleeping Pad - Backpacking Air Mattress - Camping Mattress Pad - Compact Inflatable Sleeping Mat for Ba","1","amazon.com","Standard Orders","Amazon","CHESTERFIELD","MO","63005","MarketplaceFacilitator","-33.99","-1.44","-2.99","0","0","0","0","0","2.99","0","1.44","4.08","0","0","0","-29.91","Released","Jan 3, 2026 2:19:35 AM PST"
"Jan 3, 2026 2:40:33 AM PST","25392467641","Order","114-6868992-1855405","GDClassic01","Gear Doctors Oxylus 4.3R-Value Insulated Foam Self Inflating Sleeping Pad Camping-Sleeping Pad Backpacking Air Mattress-Camping Mattress Self Inflatin","1","amazon.com","Standard Orders","Amazon","MIAMI","FL","33186","MarketplaceFacilitator","37.49","2.62","0","0","0","0","0","0","0","0","-2.62","-5.62","-8.10","0","0","23.77","Released","Jan 11, 2026 7:07:16 PM PST"
"Jan 3, 2026 3:10:06 AM PST","25392467641","Order","111-7824030-2153851","GDCampingPillowOrange","Gear Doctors 3.5oz Compact Ultralight Inflatable Camping Pillow- Inflatable Camp Pillow- Backpacking Pillows Ultralight- Camping Pillows for Sleeping,","1","amazon.com","Standard Orders","Amazon","WEST ORANGE","TX","77630","MarketplaceFacilitator","14.99","1.24","0.60","0.05","0","0","0","0","0","0","-1.29","-2.25","-4.76","0","0","8.58","Released","Jan 13, 2026 12:14:04 PM PST"
"Jan 3, 2026 3:10:21 AM PST","25392467641","Order","111-7132826-7492264","Ether-01","Gear Doctors® Ether 17.5oz Ultralight Camping Sleeping Pad - Backpacking Air Mattress - Camping Mattress Pad - Compact Inflatable Sleeping Mat for Ba","2","amazon.com","Standard Orders","Amazon","San Jose Sur Atenas","Alajuela","","","67.98","0","27.00","0","0","0","0","0","-27.00","0","0","-10.20","-11.36","0","0","46.42","Released","Jan 15, 2026 11:44:39 AM PST"
"Jan 3, 2026 3:15:32 AM PST","25280479521","Refund","113-2273649-9447462","Ether-01","Gear Doctors® Ether 17.5oz Ultralight Camping Sleeping Pad - Backpacking Air Mattress - Camping Mattress Pad - Compact Inflatable Sleeping Mat for Ba","1","amazon.com","Standard Orders","Amazon","Little Rock","AR","72212","MarketplaceFacilitator","-33.99","-2.93","0","0","0","0","0","0","0","0","2.93","4.08","0","0","0","-29.91","Released","Jan 3, 2026 3:15:32 AM PST"
"Jan 3, 2026 3:19:26 AM PST","25392467641","Order","111-1641759-1657821","GDCampingPillowOrange","Gear Doctors 3.5oz Compact Ultralight Inflatable Camping Pillow- Inflatable Camp Pillow- Backpacking Pillows Ultralight- Camping Pillows for Sleeping,","1","amazon.com","Standard Orders","Amazon","LONGVIEW","WA","98632","MarketplaceFacilitator","14.99","1.23","0","0","0","0","0","0","0","0","-1.23","-2.25","-4.16","0","0","8.58","Released","Jan 13, 2026 12:20:41 AM PST"
"Jan 3, 2026 3:21:06 AM PST","25392467641","Order","111-6355431-8949046","Ether-01","Gear Doctors® Ether 17.5oz Ultralight Camping Sleeping Pad - Backpacking Air Mattress - Camping Mattress Pad - Compact Inflatable Sleeping Mat for Ba","1","amazon.com","Standard Orders","Amazon","GULFPORT","MS","39501","MarketplaceFacilitator","33.99","2.14","0","0","0","0","0","0","-3.40","0","-2.14","-4.59","-5.68","0","0","20.32","Released","Jan 12, 2026 1:59:54 AM PST"
"Jan 3, 2026 3:21:47 AM PST","25280479521","Service Fee","","","Cost of Advertising","","","Standard Orders","","","","","","0","0","0","0","0","0","0","0","0","0","0","0","0","-505.66","0","-505.66","Released","Jan 3, 2026 3:21:47 AM PST"
"Jan 3, 2026 3:36:25 AM PST","25392467641","Order","114-2812709-1101043","GDCampingPillowTeal","Gear Doctors 3.5oz Compact Ultralight Inflatable Camping Pillow - Inflatable Camp Pillow - Backpacking Pillows Ultralight- Camping Pillows for Sleepin","1","amazon.com","Standard Orders","Amazon","SANFORD","NC","27330","MarketplaceFacilitator","14.99","1.05","0","0","0","0","0","0","0","0","-1.05","-2.25","-4.16","0","0","8.58","Released","Jan 13, 2026 3:20:36 AM PST"
"Jan 3, 2026 4:24:53 AM PST","25392467641","Order","112-6477928-5305042","Ether-01","Gear Doctors® Ether 17.5oz Ultralight Camping Sleeping Pad - Backpacking Air Mattress - Camping Mattress Pad - Compact Inflatable Sleeping Mat for Ba","1","amazon.com","Standard Orders","Amazon","BARRINGTON","IL","60010","MarketplaceFacilitator","33.99","3.06","1.50","0","0","0","0","0","-1.50","0","-3.06","-5.10","-5.68","0","0","23.21","Released","Jan 10, 2026 7:16:50 AM PST"
"Jan 3, 2026 5:21:37 AM PST","25392467641","Order","114-1376365-1512211","GDClassic01","Gear Doctors Oxylus 4.3R-Value Insulated Foam Self Inflating Sleeping Pad Camping-Sleeping Pad Backpacking Air Mattress-Camping Mattress Self Inflatin","1","amazon.com","Standard Orders","Amazon","PORTLAND","OR","97201","","37.49","0","2.99","0","0","0","0","0","-2.99","0","0","-5.62","-8.10","0","0","23.77","Released","Jan 11, 2026 1:56:45 AM PST"
"Jan 3, 2026 6:27:14 AM PST","25392467641","Order","113-3402874-0824202","GDCampingPillowBlue","Gear Doctors 3.5oz Compact Ultralight Inflatable Camping Pillow - Inflatable Camp Pillow - Backpacking Pillows Ultralight- Camping Pillows for Sleepin","1","amazon.com","Standard Orders","Amazon","AUBURN","ME","04210","MarketplaceFacilitator","14.99","0.82","0","0","0","0","0","0","0","0","-0.82","-2.25","-4.16","0","0","8.58","Released","Jan 13, 2026 3:03:08 PM PST"
"Jan 3, 2026 6:27:14 AM PST","25392467641","Order","113-3402874-0824202","GDCampingPillowTeal","Gear Doctors 3.5oz Compact Ultralight Inflatable Camping Pillow - Inflatable Camp Pillow - Backpacking Pillows Ultralight- Camping Pillows for Sleepin","1","amazon.com","Standard Orders","Amazon","AUBURN","ME","04210","MarketplaceFacilitator","14.99","0.82","0","0","0","0","0","0","0","0","-0.82","-2.25","-4.16","0","0","8.58","Released","Jan 13, 2026 3:03:08 PM PST"
"Jan 3, 2026 6:37:16 AM PST","25392467641","Order","113-1192329-1573068","GDClassic01","Gear Doctors Oxylus 4.3R-Value Insulated Foam Self Inflating Sleeping Pad Camping-Sleeping Pad Backpacking Air Mattress-Camping Mattress Self Inflatin","2","amazon.com","Standard Orders","Amazon","MOULTON","AL","35650","MarketplaceFacilitator","74.98","6.00","0","0","0","0","0","0","0","0","-6.00","-11.24","-16.20","0","0","47.54","Released","Jan 13, 2026 3:00:58 AM PST"
"Jan 3, 2026 7:09:07 AM PST","25392467641","Order","111-7180424-9405032","GDCampingPillowOrange","Gear Doctors 3.5oz Compact Ultralight Inflatable Camping Pillow- Inflatable Camp Pillow- Backpacking Pillows Ultralight- Camping Pillows for Sleeping,","1","amazon.com","Standard Orders","Amazon","WAUKEE","IA","50263","MarketplaceFacilitator","14.99","1.05","0","0","0","0","0","0","0","0","-1.05","-2.25","-4.16","0","0","8.58","Released","Jan 11, 2026 7:22:47 AM PST"
"Jan 3, 2026 7:32:21 AM PST","25392467641","Order","112-4161880-4973809","Ether-01","Gear Doctors® Ether 17.5oz Ultralight Camping Sleeping Pad - Backpacking Air Mattress - Camping Mattress Pad - Compact Inflatable Sleeping Mat for Ba","1","amazon.com","Standard Orders","Amazon","BEULAVILLE","NC","28518","MarketplaceFacilitator","33.99","2.38","0","0","0","0","0","0","0","0","-2.38","-5.10","-5.68","0","0","23.21","Released","Jan 12, 2026 2:48:17 AM PST"
"Jan 3, 2026 7:58:06 AM PST","25392467641","Order","114-6982056-7302609","GDApolloAir01","Gear Doctors ApolloAir 5.2 R-Value [17oz] Ultralight Insulated Inflatable Camping Sleeping Pad - Backpacking Sleeping Pad - Camping Mattress Compact L","1","amazon.com","Standard Orders","Amazon","RICHMOND HILL","GA","31324","MarketplaceFacilitator","76.50","6.89","0","0","0","0","0","0","0","0","-6.89","-11.48","-5.68","0","0","59.34","Released","Jan 11, 2026 11:07:18 PM PST"
"Jan 3, 2026 8:19:55 AM PST","25392467641","Order","112-3697074-2347444","GDCampingPillowOrange","Gear Doctors 3.5oz Compact Ultralight Inflatable Camping Pillow- Inflatable Camp Pillow- Backpacking Pillows Ultralight- Camping Pillows for Sleeping,","1","amazon.com","Standard Orders","Amazon","BEAUFORT","SC","29907","MarketplaceFacilitator","14.99","0.90","0","0","0","0","0","0","0","0","-0.90","-2.25","-4.16","0","0","8.58","Released","Jan 13, 2026 1:24:38 AM PST"
"Jan 3, 2026 8:29:55 AM PST","25392467641","Order","111-6779881-0641835","GDCampingPillowOrange","Gear Doctors 3.5oz Compact Ultralight Inflatable Camping Pillow- Inflatable Camp Pillow- Backpacking Pillows Ultralight- Camping Pillows for Sleeping,","1","amazon.com","Standard Orders","Amazon","UNIVERSITY PLACE","WA","98467","MarketplaceFacilitator","14.99","1.51","0","0","0","0","0","0","0","0","-1.51","-2.25","-4.16","0","0","8.58","Released","Jan 12, 2026 1:08:56 AM PST"
"Jan 3, 2026 9:05:02 AM PST","25392467641","Order","113-6087724-6061851","GDCampingPillowOrange","Gear Doctors 3.5oz Compact Ultralight Inflatable Camping Pillow- Inflatable Camp Pillow- Backpacking Pillows Ultralight- Camping Pillows for Sleeping,","1","amazon.com","Standard Orders","Amazon","MARGATE","FL","33063","MarketplaceFacilitator","14.99","1.05","0","0","0","0","0","0","0","0","-1.05","-2.25","-4.16","0","0","8.58","Released","Jan 13, 2026 3:05:45 AM PST"
"Jan 3, 2026 9:09:11 AM PST","25392467641","Order","114-3136038-0960206","GDApolloAir-02","Gear Doctors ApolloAir 5.2 R-Value [25oz] Ultralight Insulated Inflatable Camping Sleeping Pad - Backpacking Sleeping Pad - Camping Mattress Compact L","1","amazon.com","Standard Orders","Amazon","CLAREMONT","CA","91711","MarketplaceFacilitator","89.99","8.77","1.49","0","0","0","0","0","-1.49","0","-8.77","-13.50","-6.10","0","0","70.39","Released","Jan 11, 2026 10:04:36 AM PST"
"Jan 3, 2026 9:29:58 AM PST","25392467641","Order","114-6788021-1842609","GDCampingPillowOrange","Gear Doctors 3.5oz Compact Ultralight Inflatable Camping Pillow- Inflatable Camp Pillow- Backpacking Pillows Ultralight- Camping Pillows for Sleeping,","1","amazon.com","Standard Orders","Amazon","BEAUMONT","CA","92223","MarketplaceFacilitator","14.99","1.16","0","0","0","0","0","0","0","0","-1.16","-2.25","-4.16","0","0","8.58","Released","Jan 12, 2026 2:08:33 AM PST"
"Jan 3, 2026 9:41:12 AM PST","25392467641","Order","114-3884053-4997823","GDClassic01","Gear Doctors Oxylus 4.3R-Value Insulated Foam Self Inflating Sleeping Pad Camping-Sleeping Pad Backpacking Air Mattress-Camping Mattress Self Inflatin","1","amazon.com","Standard Orders","Amazon","DEERFIELD BEACH","FL","33441","MarketplaceFacilitator","37.49","2.62","0","0","0","0","0","0","0","0","-5.24","-11.24","-8.10","0","0","15.53","Released","Jan 11, 2026 3:38:22 PM PST"
"Jan 3, 2026 9:41:12 AM PST","25392467641","Order","114-3884053-4997823","GDClassic01","Gear Doctors Oxylus 4.3R-Value Insulated Foam Self Inflating Sleeping Pad Camping-Sleeping Pad Backpacking Air Mattress-Camping Mattress Self Inflatin","1","amazon.com","Standard Orders","Amazon","DEERFIELD BEACH","FL","33441","","37.49","2.62","0","0","0","0","0","0","0","0","0","0","-8.10","0","0","32.01","Released","Jan 11, 2026 3:38:22 PM PST"
"Jan 3, 2026 9:49:33 AM PST","25392467641","Order","114-7783866-3278629","Ether-01","Gear Doctors® Ether 17.5oz Ultralight Camping Sleeping Pad - Backpacking Air Mattress - Camping Mattress Pad - Compact Inflatable Sleeping Mat for Ba","1","amazon.com","Standard Orders","Amazon","LAS VEGAS","NV","89178","MarketplaceFacilitator","33.99","2.85","2.99","0","0","0","0","0","-2.99","0","-2.85","-5.10","-5.68","0","0","23.21","Released","Jan 11, 2026 3:09:47 AM PST"
"Jan 3, 2026 9:55:46 AM PST","25392467641","Order","111-2608421-1645002","GDApolloAir01","Gear Doctors ApolloAir 5.2 R-Value [17oz] Ultralight Insulated Inflatable Camping Sleeping Pad - Backpacking Sleeping Pad - Camping Mattress Compact L","1","amazon.com","Standard Orders","Amazon","ALANSON","MI","49706","MarketplaceFacilitator","76.50","4.59","0","0","0","0","0","0","0","0","-4.59","-11.48","-5.68","0","0","59.34","Released","Jan 15, 2026 5:37:13 AM PST"
"Jan 3, 2026 10:15:13 AM PST","25392467641","Order","112-1236618-8355415","GDCampingPillowTeal","Gear Doctors 3.5oz Compact Ultralight Inflatable Camping Pillow - Inflatable Camp Pillow - Backpacking Pillows Ultralight- Camping Pillows for Sleepin","1","amazon.com","Standard Orders","Amazon","KEY BISCAYNE","FL","33149","MarketplaceFacilitator","14.99","1.05","0","0","0","0","0","0","0","0","-1.05","-2.25","-4.16","0","0","8.58","Released","Jan 12, 2026 1:48:28 AM PST"
"Jan 3, 2026 10:27:15 AM PST","25392467641","Order","113-3282621-4977845","GDClassic01","Gear Doctors Oxylus 4.3R-Value Insulated Foam Self Inflating Sleeping Pad Camping-Sleeping Pad Backpacking Air Mattress-Camping Mattress Self Inflatin","1","amazon.com","Standard Orders","Amazon","Cambridge","MA","02138","MarketplaceFacilitator","37.49","2.34","0","0","0","0","0","0","0","0","-2.34","-5.62","-8.10","0","0","23.77","Released","Jan 13, 2026 7:16:38 AM PST"
"Jan 3, 2026 10:51:34 AM PST","25392467641","Order","112-6116347-8017865","GDApolloAir01","Gear Doctors ApolloAir 5.2 R-Value [17oz] Ultralight Insulated Inflatable Camping Sleeping Pad - Backpacking Sleeping Pad - Camping Mattress Compact L","1","amazon.com","Standard Orders","Amazon","SOUTHBURY","CT","06488","MarketplaceFacilitator","76.50","4.86","0","0","0","0","0","0","0","0","-4.86","-11.48","-5.68","0","0","59.34","Released","Jan 12, 2026 10:53:09 AM PST"
"Jan 3, 2026 10:56:28 AM PST","25392467641","Order","112-4868066-0579455","Ether-01","Gear Doctors® Ether 17.5oz Ultralight Camping Sleeping Pad - Backpacking Air Mattress - Camping Mattress Pad - Compact Inflatable Sleeping Mat for Ba","1","amazon.com","Standard Orders","Amazon","WARRENTON","VA","20187","MarketplaceFacilitator","33.99","1.80","0","0","0","0","0","0","0","0","-1.80","-5.10","-5.68","0","0","23.21","Released","Jan 12, 2026 4:04:00 AM PST"
"Jan 3, 2026 11:28:28 AM PST","25392467641","Order","114-5357208-3196201","GDApolloAir01","Gear Doctors ApolloAir 5.2 R-Value [17oz] Ultralight Insulated Inflatable Camping Sleeping Pad - Backpacking Sleeping Pad - Camping Mattress Compact L","1","amazon.com","Standard Orders","Amazon","MONROVIA","CA","91016","MarketplaceFacilitator","76.50","8.03","0","0","0","0","0","0","0","0","-8.03","-11.48","-5.68","0","0","59.34","Released","Jan 12, 2026 8:02:25 AM PST"
"Jan 3, 2026 12:11:05 PM PST","25392467641","Order","114-9913047-4837032","Ether-01","Gear Doctors® Ether 17.5oz Ultralight Camping Sleeping Pad - Backpacking Air Mattress - Camping Mattress Pad - Compact Inflatable Sleeping Mat for Ba","1","amazon.com","Standard Orders","Amazon","GAINESVILLE","GA","30506","MarketplaceFacilitator","33.99","2.38","3.45","0","0","0","0","0","-3.45","0","-2.38","-5.10","-5.68","0","0","23.21","Released","Jan 14, 2026 1:54:52 AM PST"
"Jan 3, 2026 12:27:48 PM PST","25392467641","Order","112-4212421-6893028","GDClassic01","Gear Doctors Oxylus 4.3R-Value Insulated Foam Self Inflating Sleeping Pad Camping-Sleeping Pad Backpacking Air Mattress-Camping Mattress Self Inflatin","2","amazon.com","Standard Orders","Amazon","HOLT","MI","48842","MarketplaceFacilitator","74.98","4.50","0","0","0","0","0","0","0","0","-4.50","-11.24","-16.20","0","0","47.54","Released","Jan 11, 2026 12:23:03 PM PST"
"Jan 3, 2026 1:22:12 PM PST","25280479521","Refund","114-9248174-7576245","Ether-01","Gear Doctors® Ether 17.5oz Ultralight Camping Sleeping Pad - Backpacking Air Mattress - Camping Mattress Pad - Compact Inflatable Sleeping Mat for Ba","1","amazon.com","Standard Orders","Amazon","DEARBORN","MI","48124","MarketplaceFacilitator","-28.49","-1.71","-1.50","0","0","0","0","0","1.50","0","1.71","3.42","0","0","0","-25.07","Released","Jan 3, 2026 1:22:12 PM PST"
"Jan 3, 2026 1:26:47 PM PST","25280479521","Refund","113-0063060-6165034","GDCampingPillowOrange","Gear Doctors 3.5oz Compact Ultralight Inflatable Camping Pillow- Inflatable Camp Pillow- Backpacking Pillows Ultralight- Camping Pillows for Sleeping,","1","amazon.com","Standard Orders","Amazon","CLEVELAND","OH","44109","MarketplaceFacilitator","-14.99","-1.20","0","0","0","0","0","0","0","0","1.20","1.80","0","0","0","-13.19","Released","Jan 3, 2026 1:26:47 PM PST"
"Jan 3, 2026 1:34:54 PM PST","25392467641","Order","112-1758183-8840265","Ether-01","Gear Doctors® Ether 17.5oz Ultralight Camping Sleeping Pad - Backpacking Air Mattress - Camping Mattress Pad - Compact Inflatable Sleeping Mat for Ba","1","amazon.com","Standard Orders","Amazon","ROCKLIN","CA","95677","MarketplaceFacilitator","33.99","2.46","2.99","0","0","0","0","0","-2.99","0","-2.46","-5.10","-5.68","0","0","23.21","Released","Jan 10, 2026 11:29:44 PM PST"
"Jan 3, 2026 1:36:58 PM PST","25392467641","Order","111-9062650-1417034","GDClassic01","Gear Doctors Oxylus 4.3R-Value Insulated Foam Self Inflating Sleeping Pad Camping-Sleeping Pad Backpacking Air Mattress-Camping Mattress Self Inflatin","1","amazon.com","Standard Orders","Amazon","HOUSTON","TX","77092","MarketplaceFacilitator","37.49","3.09","2.99","0","0","0","0","0","-2.99","0","-3.09","-5.62","-8.10","0","0","23.77","Released","Jan 11, 2026 3:36:55 AM PST"
"Jan 3, 2026 1:39:35 PM PST","25392467641","Order","111-8612712-0417811","Ether-01","Gear Doctors® Ether 17.5oz Ultralight Camping Sleeping Pad - Backpacking Air Mattress - Camping Mattress Pad - Compact Inflatable Sleeping Mat for Ba","1","amazon.com","Standard Orders","Amazon","NACOGDOCHES","TX","75965","MarketplaceFacilitator","33.99","2.46","0","0","0","0","0","0","0","0","-4.92","-10.20","-5.68","0","0","15.65","Released","Jan 12, 2026 11:20:39 PM PST"
"Jan 3, 2026 1:39:35 PM PST","25392467641","Order","111-8612712-0417811","Ether-01","Gear Doctors® Ether 17.5oz Ultralight Camping Sleeping Pad - Backpacking Air Mattress - Camping Mattress Pad - Compact Inflatable Sleeping Mat for Ba","1","amazon.com","Standard Orders","Amazon","NACOGDOCHES","TX","75965","","33.99","2.46","0","0","0","0","0","0","0","0","0","0","-5.68","0","0","30.77","Released","Jan 12, 2026 11:20:39 PM PST"
"Jan 3, 2026 1:45:37 PM PST","25392467641","Order","114-3055438-8181829","GDClassic01","Gear Doctors Oxylus 4.3R-Value Insulated Foam Self Inflating Sleeping Pad Camping-Sleeping Pad Backpacking Air Mattress-Camping Mattress Self Inflatin","1","amazon.com","Standard Orders","Amazon","COLORADO SPRINGS","CO","80920","MarketplaceFacilitator","37.49","2.77","0.60","0","0","0","0","0","-4.35","0","-2.77","-5.06","-8.10","0","0","20.58","Released","Jan 11, 2026 1:04:01 AM PST"
"Jan 3, 2026 1:55:11 PM PST","25392467641","Order","111-1046560-2361838","GDClassic01","Gear Doctors Oxylus 4.3R-Value Insulated Foam Self Inflating Sleeping Pad Camping-Sleeping Pad Backpacking Air Mattress-Camping Mattress Self Inflatin","1","amazon.com","Standard Orders","Amazon","MISHAWAKA","IN","46544","MarketplaceFacilitator","37.49","2.62","0","0","0","0","0","0","0","0","-2.62","-5.62","-8.10","0","0","23.77","Released","Jan 12, 2026 2:30:55 PM PST"
"Jan 3, 2026 1:55:14 PM PST","25392467641","Order","112-8674225-8580258","GDCampingPillowTeal","Gear Doctors 3.5oz Compact Ultralight Inflatable Camping Pillow - Inflatable Camp Pillow - Backpacking Pillows Ultralight- Camping Pillows for Sleepin","1","amazon.com","Standard Orders","Amazon","ANAHEIM","CA","92804","MarketplaceFacilitator","14.99","1.16","0","0","0","0","0","0","0","0","-1.16","-2.25","-4.16","0","0","8.58","Released","Jan 12, 2026 7:51:25 AM PST"
"Jan 3, 2026 1:58:38 PM PST","25392467641","Order","114-2734600-8258638","Ether-01","Gear Doctors® Ether 17.5oz Ultralight Camping Sleeping Pad - Backpacking Air Mattress - Camping Mattress Pad - Compact Inflatable Sleeping Mat for Ba","3","amazon.com","Standard Orders","Amazon","LEANDER","TX","78641","MarketplaceFacilitator","101.97","8.40","0","0","0","0","0","0","0","0","-11.20","-20.40","-17.04","0","0","61.73","Released","Jan 13, 2026 2:27:32 AM PST"
"Jan 3, 2026 1:58:38 PM PST","25392467641","Order","114-2734600-8258638","Ether-01","Gear Doctors® Ether 17.5oz Ultralight Camping Sleeping Pad - Backpacking Air Mattress - Camping Mattress Pad - Compact Inflatable Sleeping Mat for Ba","1","amazon.com","Standard Orders","Amazon","LEANDER","TX","78641","","33.99","2.80","0","0","0","0","0","0","0","0","0","0","-5.68","0","0","31.11","Released","Jan 13, 2026 2:27:32 AM PST"
"Jan 3, 2026 2:35:48 PM PST","25392467641","Order","113-3239100-1198634","GDClassic01","Gear Doctors Oxylus 4.3R-Value Insulated Foam Self Inflating Sleeping Pad Camping-Sleeping Pad Backpacking Air Mattress-Camping Mattress Self Inflatin","1","amazon.com","Standard Orders","Amazon","SHOALS","IN","47581","MarketplaceFacilitator","37.49","2.62","0","0","0","0","0","0","0","0","-2.62","-5.62","-8.10","0","0","23.77","Released","Jan 12, 2026 6:49:04 AM PST"
"Jan 3, 2026 2:44:25 PM PST","25392467641","Order","112-1488050-5284211","GDApolloAir01","Gear Doctors ApolloAir 5.2 R-Value [17oz] Ultralight Insulated Inflatable Camping Sleeping Pad - Backpacking Sleeping Pad - Camping Mattress Compact L","1","amazon.com","Standard Orders","Amazon","LOS ANGELES","CA","90024","MarketplaceFacilitator","76.50","7.46","0","0","0","0","0","0","0","0","-7.46","-11.48","-5.68","0","0","59.34","Released","Jan 12, 2026 12:24:48 AM PST"
"Jan 3, 2026 2:52:52 PM PST","25280479521","Refund","114-2396484-9591462","Ether-01","Gear Doctors® Ether 17.5oz Ultralight Camping Sleeping Pad - Backpacking Air Mattress - Camping Mattress Pad - Compact Inflatable Sleeping Mat for Ba","1","amazon.com","Standard Orders","Amazon","PALM BAY","FL","32907","MarketplaceFacilitator","-25.49","-1.78","0","0","0","0","0","0","0","0","1.78","3.06","0","0","0","-22.43","Released","Jan 3, 2026 2:52:52 PM PST"
"Jan 3, 2026 3:00:28 PM PST","25392467641","Order","112-8906981-1814643","GDCampingPillowBlue","Gear Doctors 3.5oz Compact Ultralight Inflatable Camping Pillow - Inflatable Camp Pillow - Backpacking Pillows Ultralight- Camping Pillows for Sleepin","1","amazon.com","Standard Orders","Amazon","SAN YSIDRO","CA","92173","MarketplaceFacilitator","14.99","1.16","0.25","0.02","0","0","0","0","0","0","-1.18","-2.25","-4.41","0","0","8.58","Released","Jan 15, 2026 6:45:14 AM PST"
"Jan 3, 2026 3:10:57 PM PST","25392467641","Order","114-9240622-1345834","GDCampingPillowOrange","Gear Doctors 3.5oz Compact Ultralight Inflatable Camping Pillow- Inflatable Camp Pillow- Backpacking Pillows Ultralight- Camping Pillows for Sleeping,","1","amazon.com","Standard Orders","Amazon","CHIMACUM","WA","98325","MarketplaceFacilitator","14.99","1.24","0","0","0","0","0","0","-1.50","0","-1.24","-2.02","-4.16","0","0","7.31","Released","Jan 14, 2026 5:14:01 AM PST"
"Jan 3, 2026 3:23:50 PM PST","25392467641","Order","113-4627550-8865003","GDClassic01","Gear Doctors Oxylus 4.3R-Value Insulated Foam Self Inflating Sleeping Pad Camping-Sleeping Pad Backpacking Air Mattress-Camping Mattress Self Inflatin","1","amazon.com","Standard Orders","Amazon","PORT LAVACA","TX","77979","MarketplaceFacilitator","37.49","2.53","0","0","0","0","0","0","0","0","-2.53","-5.62","-8.10","0","0","23.77","Released","Jan 12, 2026 2:55:44 AM PST"
"Jan 3, 2026 3:24:58 PM PST","25392467641","Order","112-3959916-2373845","GDCampingPillowOrange","Gear Doctors 3.5oz Compact Ultralight Inflatable Camping Pillow- Inflatable Camp Pillow- Backpacking Pillows Ultralight- Camping Pillows for Sleeping,","1","amazon.com","Standard Orders","Amazon","CHILLICOTHE","OH","45601","MarketplaceFacilitator","14.99","1.09","0","0","0","0","0","0","0","0","-1.09","-2.25","-4.16","0","0","8.58","Released","Jan 12, 2026 2:02:43 AM PST"
"Jan 3, 2026 3:27:22 PM PST","25392467641","Order","113-1056650-5811433","GDCampingPillowOrange","Gear Doctors 3.5oz Compact Ultralight Inflatable Camping Pillow- Inflatable Camp Pillow- Backpacking Pillows Ultralight- Camping Pillows for Sleeping,","1","amazon.com","Standard Orders","Amazon","FENTON","MO","63026","MarketplaceFacilitator","14.99","0.63","0","0","0","0","0","0","0","0","-0.63","-2.25","-4.16","0","0","8.58","Released","Jan 11, 2026 6:26:34 PM PST"
"Jan 3, 2026 3:29:54 PM PST","25392467641","Order","113-9814372-5426624","Ether-01","Gear Doctors® Ether 17.5oz Ultralight Camping Sleeping Pad - Backpacking Air Mattress - Camping Mattress Pad - Compact Inflatable Sleeping Mat for Ba","1","amazon.com","Standard Orders","Amazon","FRESNO","CA","93704","MarketplaceFacilitator","33.99","2.84","0","0","0","0","0","0","0","0","-2.84","-5.10","-5.68","0","0","23.21","Released","Jan 12, 2026 3:02:50 AM PST"
"Jan 3, 2026 3:49:12 PM PST","25392467641","Order","112-6902321-9056223","GDClassic01","Gear Doctors Oxylus 4.3R-Value Insulated Foam Self Inflating Sleeping Pad Camping-Sleeping Pad Backpacking Air Mattress-Camping Mattress Self Inflatin","1","amazon.com","Standard Orders","Amazon","ORLANDO","FL","32826","MarketplaceFacilitator","37.49","2.44","0","0","0","0","0","0","0","0","-2.44","-5.62","-8.10","0","0","23.77","Released","Jan 12, 2026 1:09:18 AM PST"
"Jan 3, 2026 3:57:07 PM PST","25392467641","Order","111-8492975-4752269","Ether-01","Gear Doctors® Ether 17.5oz Ultralight Camping Sleeping Pad - Backpacking Air Mattress - Camping Mattress Pad - Compact Inflatable Sleeping Mat for Ba","1","amazon.com","Standard Orders","Amazon","CHANDLER","AZ","85225","MarketplaceFacilitator","33.99","2.65","2.99","0","0","0","0","0","-2.99","0","-2.65","-5.10","-5.68","0","0","23.21","Released","Jan 11, 2026 5:40:42 AM PST"
"Jan 3, 2026 4:29:03 PM PST","25280479521","Refund","112-2997890-0822648","Ether-01","Gear Doctors® Ether 17.5oz Ultralight Camping Sleeping Pad - Backpacking Air Mattress - Camping Mattress Pad - Compact Inflatable Sleeping Mat for Ba","1","amazon.com","Standard Orders","Amazon","BEMUS POINT","NY","14712","MarketplaceFacilitator","-33.99","-2.72","0","0","0","0","0","0","0","0","2.72","4.08","0","0","0","-29.91","Released","Jan 3, 2026 4:29:03 PM PST"
"Jan 3, 2026 4:56:07 PM PST","25392467641","Order","113-2606134-5043453","GDCampingPillowBlue","Gear Doctors 3.5oz Compact Ultralight Inflatable Camping Pillow - Inflatable Camp Pillow - Backpacking Pillows Ultralight- Camping Pillows for Sleepin","1","amazon.com","Standard Orders","Amazon","ALBUQUERQUE","NM","87105","MarketplaceFacilitator","14.99","0.93","0","0","0","0","0","0","0","0","-0.93","-2.25","-4.16","0","0","8.58","Released","Jan 12, 2026 2:47:37 AM PST"
"Jan 3, 2026 5:50:13 PM PST","25392467641","Order","113-1441709-3664213","GDCampingPillowBlue","Gear Doctors 3.5oz Compact Ultralight Inflatable Camping Pillow - Inflatable Camp Pillow - Backpacking Pillows Ultralight- Camping Pillows for Sleepin","1","amazon.com","Standard Orders","Amazon","COLORADO SPRINGS","CO","80920","MarketplaceFacilitator","14.99","1.23","0","0","0","0","0","0","0","0","-1.23","-2.25","-4.16","0","0","8.58","Released","Jan 12, 2026 7:40:51 AM PST"
"Jan 3, 2026 5:57:48 PM PST","25280479521","Refund","113-8855054-2879451","GDClassic01","Gear Doctors Oxylus 4.3R-Value Insulated Foam Self Inflating Sleeping Pad Camping-Sleeping Pad Backpacking Air Mattress-Camping Mattress Self Inflatin","1","amazon.com","Standard Orders","Amazon","Pittsburgh","PA","15210","MarketplaceFacilitator","-37.49","-2.25","0","0","0","0","0","0","0","0","2.25","4.50","0","0","0","-32.99","Released","Jan 5, 2026 11:04:09 PM PST"
"Jan 3, 2026 6:08:14 PM PST","25392467641","Order","113-9312893-6893848","GDCampingPillowOrange","Gear Doctors 3.5oz Compact Ultralight Inflatable Camping Pillow- Inflatable Camp Pillow- Backpacking Pillows Ultralight- Camping Pillows for Sleeping,","1","amazon.com","Standard Orders","Amazon","IOWA CITY","IA","52246","MarketplaceFacilitator","14.99","0.90","0","0","0","0","0","0","0","0","-0.90","-2.25","-4.16","0","0","8.58","Released","Jan 12, 2026 4:41:33 AM PST"
"Jan 3, 2026 6:34:12 PM PST","25280479521","Refund","111-3130078-0446656","GDClassic01","Gear Doctors Oxylus 4.3R-Value Insulated Foam Self Inflating Sleeping Pad Camping-Sleeping Pad Backpacking Air Mattress-Camping Mattress Self Inflatin","1","amazon.com","Standard Orders","Amazon","Mesa","AZ","85208","MarketplaceFacilitator","-37.49","-3.11","0","0","0","0","0","0","0","0","3.11","4.50","0","0","0","-32.99","Released","Jan 3, 2026 6:34:12 PM PST"
"Jan 3, 2026 7:32:58 PM PST","25392467641","Order","114-4194606-2825862","GDApolloAir01","Gear Doctors ApolloAir 5.2 R-Value [17oz] Ultralight Insulated Inflatable Camping Sleeping Pad - Backpacking Sleeping Pad - Camping Mattress Compact L","1","amazon.com","Standard Orders","Amazon","JACKSONVILLE","NC","28546","MarketplaceFacilitator","76.50","5.36","0","0","0","0","0","0","0","0","-5.36","-11.48","-5.68","0","0","59.34","Released","Jan 12, 2026 7:20:46 PM PST"
"Jan 3, 2026 7:43:22 PM PST","25392467641","Order","113-9292551-9218600","Ether-01","Gear Doctors® Ether 17.5oz Ultralight Camping Sleeping Pad - Backpacking Air Mattress - Camping Mattress Pad - Compact Inflatable Sleeping Mat for Ba","1","amazon.com","Standard Orders","Amazon","HAZELWOOD","MO","63042","MarketplaceFacilitator","33.99","2.20","0","0","0","0","0","0","0","0","-2.20","-5.10","-5.68","0","0","23.21","Released","Jan 12, 2026 4:03:03 AM PST"
"Jan 3, 2026 8:35:29 PM PST","25392467641","Order","112-0206605-6858604","Ether-01","Gear Doctors® Ether 17.5oz Ultralight Camping Sleeping Pad - Backpacking Air Mattress - Camping Mattress Pad - Compact Inflatable Sleeping Mat for Ba","1","amazon.com","Standard Orders","Amazon","San Dimas","CA","91773","MarketplaceFacilitator","33.99","3.31","0","0","0","0","0","0","0","0","-3.31","-5.10","-5.68","0","0","23.21","Released","Jan 11, 2026 5:05:54 AM PST"
"Jan 3, 2026 8:41:22 PM PST","25392467641","Order","111-5316434-9153042","GDCampingPillowOrange","Gear Doctors 3.5oz Compact Ultralight Inflatable Camping Pillow- Inflatable Camp Pillow- Backpacking Pillows Ultralight- Camping Pillows for Sleeping,","1","amazon.com","Standard Orders","Amazon","CLERMONT","FL","34711","MarketplaceFacilitator","14.99","1.05","0","0","0","0","0","0","0","0","-1.05","-2.25","-4.16","0","0","8.58","Released","Jan 12, 2026 4:03:13 AM PST"
"Jan 3, 2026 9:01:45 PM PST","25392467641","Order","114-3317030-3268207","GDCampingPillowOrange","Gear Doctors 3.5oz Compact Ultralight Inflatable Camping Pillow- Inflatable Camp Pillow- Backpacking Pillows Ultralight- Camping Pillows for Sleeping,","1","amazon.com","Standard Orders","Amazon","INWOOD","WV","25428","MarketplaceFacilitator","14.99","0.90","0.75","0","0","0","0","0","-0.75","0","-3.60","-9.00","-4.16","0","0","-0.87","Released","Jan 11, 2026 6:33:08 AM PST"
"Jan 3, 2026 9:01:45 PM PST","25392467641","Order","114-3317030-3268207","GDCampingPillowOrange","Gear Doctors 3.5oz Compact Ultralight Inflatable Camping Pillow- Inflatable Camp Pillow- Backpacking Pillows Ultralight- Camping Pillows for Sleeping,","3","amazon.com","Standard Orders","Amazon","INWOOD","WV","25428","","44.97","2.70","2.24","0","0","0","0","0","-2.24","0","0","0","-12.48","0","0","35.19","Released","Jan 11, 2026 6:33:08 AM PST"
"Jan 3, 2026 9:01:50 PM PST","25392467641","Order","113-1834749-3629801","Ether-01","Gear Doctors® Ether 17.5oz Ultralight Camping Sleeping Pad - Backpacking Air Mattress - Camping Mattress Pad - Compact Inflatable Sleeping Mat for Ba","1","amazon.com","Standard Orders","Amazon","PRESCOTT","AZ","86301","MarketplaceFacilitator","33.99","2.84","0","0","0","0","0","0","-3.40","0","-2.84","-4.59","-5.68","0","0","20.32","Released","Jan 12, 2026 10:22:59 PM PST"
"Jan 3, 2026 9:07:22 PM PST","25280479521","Service Fee","","","Cost of Advertising","","","Standard Orders","","","","","","0","0","0","0","0","0","0","0","0","0","0","0","0","-500.47","0","-500.47","Released","Jan 3, 2026 9:07:22 PM PST"
"Jan 3, 2026 9:32:20 PM PST","25392467641","Order","111-3269469-0587402","Ether-01","Gear Doctors® Ether 17.5oz Ultralight Camping Sleeping Pad - Backpacking Air Mattress - Camping Mattress Pad - Compact Inflatable Sleeping Mat for Ba","1","amazon.com","Standard Orders","Amazon","NORMANDY PARK","WA","98166","MarketplaceFacilitator","33.99","3.50","2.99","0","0","0","0","0","-2.99","0","-3.50","-5.10","-5.68","0","0","23.21","Released","Jan 11, 2026 4:20:53 AM PST"
"Jan 3, 2026 9:33:14 PM PST","25392467641","Order","111-9453279-9383460","GDClassic01","Gear Doctors Oxylus 4.3R-Value Insulated Foam Self Inflating Sleeping Pad Camping-Sleeping Pad Backpacking Air Mattress-Camping Mattress Self Inflatin","1","amazon.com","Standard Orders","Amazon","KINGSTREE","SC","29556","MarketplaceFacilitator","37.49","2.62","0","0","0","0","0","0","0","0","-2.62","-5.62","-8.10","0","0","23.77","Released","Jan 13, 2026 12:06:03 AM PST"
"Jan 3, 2026 10:29:10 PM PST","25392467641","Order","112-4448575-2696221","GDCampingPillowBlue","Gear Doctors 3.5oz Compact Ultralight Inflatable Camping Pillow - Inflatable Camp Pillow - Backpacking Pillows Ultralight- Camping Pillows for Sleepin","1","amazon.com","Standard Orders","Amazon","SEABECK","WA","98380","MarketplaceFacilitator","14.99","1.38","0","0","0","0","0","0","0","0","-1.38","-2.25","-4.16","0","0","8.58","Released","Jan 11, 2026 9:09:02 PM PST"
"Jan 3, 2026 10:42:18 PM PST","25280479521","Adjustment","114-2982612-3681815","GDClassic01","FBA Inventory Reimbursement - Customer Return","1","","Standard Orders","","","","","","0","0","0","0","0","0","0","0","0","0","0","0","0","0","23.77","23.77","Released","Jan 3, 2026 10:42:18 PM PST"
"Jan 3, 2026 10:46:04 PM PST","25392467641","Order","112-7663289-4333821","GDCampingPillowBlue","Gear Doctors 3.5oz Compact Ultralight Inflatable Camping Pillow - Inflatable Camp Pillow - Backpacking Pillows Ultralight- Camping Pillows for Sleepin","2","amazon.com","Standard Orders","Amazon","SOUTHPORT","NC","28461","MarketplaceFacilitator","29.98","2.02","1.17","0","0","0","0","0","-1.17","0","-2.02","-4.50","-8.32","0","0","17.16","Released","Jan 14, 2026 10:33:34 PM PST"
"Jan 3, 2026 11:21:32 PM PST","25392467641","Order","114-0837271-9741059","GDApolloAir01","Gear Doctors ApolloAir 5.2 R-Value [17oz] Ultralight Insulated Inflatable Camping Sleeping Pad - Backpacking Sleeping Pad - Camping Mattress Compact L","1","amazon.com","Standard Orders","Amazon","UPLAND","CA","91786","MarketplaceFacilitator","76.50","5.93","0","0","0","0","0","0","0","0","-5.93","-11.48","-5.68","0","0","59.34","Released","Jan 12, 2026 7:57:54 AM PST"
"Jan 3, 2026 11:35:23 PM PST","25392467641","Order","111-1206746-3654654","GDCampingPillowTeal","Gear Doctors 3.5oz Compact Ultralight Inflatable Camping Pillow - Inflatable Camp Pillow - Backpacking Pillows Ultralight- Camping Pillows for Sleepin","1","amazon.com","Standard Orders","Amazon","ENGLEWOOD","CO","80110","MarketplaceFacilitator","14.99","1.21","0","0","0","0","0","0","0","0","-1.21","-2.25","-4.16","0","0","8.58","Released","Jan 13, 2026 6:00:01 AM PST"
"Jan 3, 2026 11:40:48 PM PST","25392467641","Order","111-1720570-6029826","Ether-01","Gear Doctors® Ether 17.5oz Ultralight Camping Sleeping Pad - Backpacking Air Mattress - Camping Mattress Pad - Compact Inflatable Sleeping Mat for Ba","1","amazon.com","Standard Orders","Amazon","CODY","WY","82414","MarketplaceFacilitator","33.99","1.36","0","0","0","0","0","0","0","0","-1.36","-5.10","-5.68","0","0","23.21","Released","Jan 14, 2026 3:43:47 AM PST"
"Jan 4, 2026 12:20:32 AM PST","25392467641","Order","111-4562579-6717027","Ether-01","Gear Doctors® Ether 17.5oz Ultralight Camping Sleeping Pad - Backpacking Air Mattress - Camping Mattress Pad - Compact Inflatable Sleeping Mat for Ba","1","amazon.com","Standard Orders","Amazon","CORAL SPRINGS","FL","33076","MarketplaceFacilitator","33.99","2.38","0","0","0","0","0","0","0","0","-2.38","-5.10","-5.68","0","0","23.21","Released","Jan 13, 2026 9:17:57 AM PST"
"Jan 4, 2026 12:21:46 AM PST","25392467641","Order","114-9059466-4558616","Ether-01","Gear Doctors® Ether 17.5oz Ultralight Camping Sleeping Pad - Backpacking Air Mattress - Camping Mattress Pad - Compact Inflatable Sleeping Mat for Ba","1","amazon.com","Standard Orders","Amazon","SMITHFIELD","RI","02917","MarketplaceFacilitator","33.99","2.38","0","0","0","0","0","0","0","0","-2.38","-5.10","-5.68","0","0","23.21","Released","Jan 12, 2026 3:13:11 AM PST"
"Jan 4, 2026 12:34:16 AM PST","25392467641","Order","111-2726188-8518662","GDCampingPillowBlue","Gear Doctors 3.5oz Compact Ultralight Inflatable Camping Pillow - Inflatable Camp Pillow - Backpacking Pillows Ultralight- Camping Pillows for Sleepin","1","amazon.com","Standard Orders","Amazon","LEAD","SD","57754","MarketplaceFacilitator","14.99","0.93","0","0","0","0","0","0","0","0","-0.93","-2.25","-4.16","0","0","8.58","Released","Jan 12, 2026 10:33:33 PM PST"
"Jan 4, 2026 12:52:00 AM PST","25392467641","Order","112-4138322-6146643","Ether-01","Gear Doctors® Ether 17.5oz Ultralight Camping Sleeping Pad - Backpacking Air Mattress - Camping Mattress Pad - Compact Inflatable Sleeping Mat for Ba","1","amazon.com","Standard Orders","Amazon","BELL","CA","90201","MarketplaceFacilitator","33.99","3.31","2.99","0","0","0","0","0","-2.99","0","-3.31","-5.10","-5.68","0","0","23.21","Released","Jan 11, 2026 8:09:34 AM PST"
"Jan 4, 2026 1:00:02 AM PST","25392467641","Order","111-5021809-8760200","Ether-01","Gear Doctors® Ether 17.5oz Ultralight Camping Sleeping Pad - Backpacking Air Mattress - Camping Mattress Pad - Compact Inflatable Sleeping Mat for Ba","1","amazon.com","Standard Orders","Amazon","LA CENTER","WA","98629","MarketplaceFacilitator","33.99","2.65","1.50","0","0","0","0","0","-1.50","0","-2.65","-5.10","-5.68","0","0","23.21","Released","Jan 11, 2026 6:57:19 AM PST"
"Jan 4, 2026 1:11:14 AM PST","25392467641","Order","113-9152211-3762607","GDCampingPillowOrange","Gear Doctors 3.5oz Compact Ultralight Inflatable Camping Pillow- Inflatable Camp Pillow- Backpacking Pillows Ultralight- Camping Pillows for Sleeping,","1","amazon.com","Standard Orders","Amazon","LONG BEACH","CA","90815","MarketplaceFacilitator","14.99","1.57","0","0","0","0","0","0","0","0","-1.57","-2.25","-4.16","0","0","8.58","Released","Jan 11, 2026 6:20:38 PM PST"
"Jan 4, 2026 1:11:14 AM PST","25392467641","Order","113-9152211-3762607","GDApolloAir01","Gear Doctors ApolloAir 5.2 R-Value [17oz] Ultralight Insulated Inflatable Camping Sleeping Pad - Backpacking Sleeping Pad - Camping Mattress Compact L","1","amazon.com","Standard Orders","Amazon","LONG BEACH","CA","90815","MarketplaceFacilitator","76.50","8.03","0","0","0","0","0","0","0","0","-8.03","-11.48","-5.68","0","0","59.34","Released","Jan 11, 2026 6:20:38 PM PST"
"Jan 4, 2026 1:16:56 AM PST","25392467641","Order","113-6197310-1615431","GDCampingPillowBlue","Gear Doctors 3.5oz Compact Ultralight Inflatable Camping Pillow - Inflatable Camp Pillow - Backpacking Pillows Ultralight- Camping Pillows for Sleepin","1","amazon.com","Standard Orders","Amazon","FREEPORT","ME","04032","MarketplaceFacilitator","14.99","0.82","0","0","0","0","0","0","0","0","-0.82","-2.25","-4.16","0","0","8.58","Released","Jan 13, 2026 12:54:59 AM PST"
"Jan 4, 2026 1:26:13 AM PST","25392467641","Order","111-1894195-9528255","Ether-01","Gear Doctors® Ether 17.5oz Ultralight Camping Sleeping Pad - Backpacking Air Mattress - Camping Mattress Pad - Compact Inflatable Sleeping Mat for Ba","1","amazon.com","Standard Orders","Amazon","LA MIRADA","CA","90638","MarketplaceFacilitator","33.99","2.98","2.99","0","0","0","0","0","-6.39","0","-2.98","-4.59","-5.68","0","0","20.32","Released","Jan 12, 2026 12:02:30 AM PST"
"Jan 4, 2026 1:36:33 AM PST","25392467641","Order","112-4976059-6601026","Ether-01","Gear Doctors® Ether 17.5oz Ultralight Camping Sleeping Pad - Backpacking Air Mattress - Camping Mattress Pad - Compact Inflatable Sleeping Mat for Ba","1","amazon.com","Standard Orders","Amazon","JACKSONVILLE","FL","32216","MarketplaceFacilitator","33.99","2.55","2.99","0","0","0","0","0","-2.99","0","-2.55","-5.10","-5.68","0","0","23.21","Released","Jan 11, 2026 6:00:22 AM PST"
"Jan 4, 2026 1:45:29 AM PST","25392467641","Order","111-2209894-7876251","GDCampingPillowBlue","Gear Doctors 3.5oz Compact Ultralight Inflatable Camping Pillow - Inflatable Camp Pillow - Backpacking Pillows Ultralight- Camping Pillows for Sleepin","1","amazon.com","Standard Orders","Amazon","Lavon","TX","75166","MarketplaceFacilitator","14.99","1.24","0","0","0","0","0","0","0","0","-1.24","-2.25","-4.16","0","0","8.58","Released","Jan 12, 2026 5:01:06 AM PST"
"Jan 4, 2026 1:47:24 AM PST","25392467641","Order","111-5270332-4089003","Ether-01","Gear Doctors® Ether 17.5oz Ultralight Camping Sleeping Pad - Backpacking Air Mattress - Camping Mattress Pad - Compact Inflatable Sleeping Mat for Ba","1","amazon.com","Standard Orders","Amazon","ROCHESTER","NY","14609","MarketplaceFacilitator","33.99","2.58","0","0","0","0","0","0","-1.70","0","-5.16","-9.68","-5.68","0","0","14.35","Released","Jan 13, 2026 12:41:46 AM PST"
"Jan 4, 2026 1:47:24 AM PST","25392467641","Order","111-5270332-4089003","Ether-01","Gear Doctors® Ether 17.5oz Ultralight Camping Sleeping Pad - Backpacking Air Mattress - Camping Mattress Pad - Compact Inflatable Sleeping Mat for Ba","1","amazon.com","Standard Orders","Amazon","ROCHESTER","NY","14609","","33.99","2.58","0","0","0","0","0","0","-1.70","0","0","0","-5.68","0","0","29.19","Released","Jan 13, 2026 12:41:46 AM PST"
"Jan 4, 2026 1:47:54 AM PST","25392467641","Order","113-0617812-0968220","GDCampingPillowOrange","Gear Doctors 3.5oz Compact Ultralight Inflatable Camping Pillow- Inflatable Camp Pillow- Backpacking Pillows Ultralight- Camping Pillows for Sleeping,","1","amazon.com","Standard Orders","Amazon","PALM HARBOR","FL","34683","MarketplaceFacilitator","14.99","1.05","0","0","0","0","0","0","0","0","-1.05","-2.25","-4.16","0","0","8.58","Released","Jan 12, 2026 2:38:42 AM PST"
"Jan 4, 2026 2:17:08 AM PST","25392467641","Order","113-9312893-6893848","Ether-01","Gear Doctors® Ether 17.5oz Ultralight Camping Sleeping Pad - Backpacking Air Mattress - Camping Mattress Pad - Compact Inflatable Sleeping Mat for Ba","1","amazon.com","Standard Orders","Amazon","IOWA CITY","IA","52246","MarketplaceFacilitator","33.99","2.04","0","0","0","0","0","0","0","0","-2.04","-5.10","-5.68","0","0","23.21","Released","Jan 12, 2026 12:33:50 PM PST"
"Jan 4, 2026 3:13:57 AM PST","25392467641","Order","112-2983723-3083466","GDClassic01","Gear Doctors Oxylus 4.3R-Value Insulated Foam Self Inflating Sleeping Pad Camping-Sleeping Pad Backpacking Air Mattress-Camping Mattress Self Inflatin","1","amazon.com","Standard Orders","Amazon","ORLANDO","FL","32826","MarketplaceFacilitator","37.49","2.44","2.99","0","0","0","0","0","-2.99","0","-2.44","-5.62","-8.10","0","0","23.77","Released","Jan 12, 2026 1:44:07 AM PST"
"Jan 4, 2026 3:27:59 AM PST","25392467641","Order","114-7237900-0433040","Ether-01","Gear Doctors® Ether 17.5oz Ultralight Camping Sleeping Pad - Backpacking Air Mattress - Camping Mattress Pad - Compact Inflatable Sleeping Mat for Ba","1","amazon.com","Standard Orders","Amazon","SAN DIEGO","CA","92101","MarketplaceFacilitator","33.99","2.63","2.99","0","0","0","0","0","-2.99","0","-2.63","-5.10","-5.68","0","0","23.21","Released","Jan 11, 2026 6:25:33 AM PST"
"Jan 4, 2026 4:40:13 AM PST","25392467641","Order","113-5361030-9167458","Ether-01","Gear Doctors® Ether 17.5oz Ultralight Camping Sleeping Pad - Backpacking Air Mattress - Camping Mattress Pad - Compact Inflatable Sleeping Mat for Ba","1","amazon.com","Standard Orders","Amazon","VANCOUVER","WA","98686","MarketplaceFacilitator","33.99","2.89","1.50","0","0","0","0","0","-1.50","0","-2.89","-5.10","-5.68","0","0","23.21","Released","Jan 12, 2026 3:23:32 AM PST"
"Jan 4, 2026 6:11:56 AM PST","25392467641","Order","111-6428708-7548247","Ether-01","Gear Doctors® Ether 17.5oz Ultralight Camping Sleeping Pad - Backpacking Air Mattress - Camping Mattress Pad - Compact Inflatable Sleeping Mat for Ba","1","amazon.com","Standard Orders","Amazon","THE VILLAGES","FL","32163","MarketplaceFacilitator","33.99","2.38","0","0","0","0","0","0","0","0","-2.38","-5.10","-5.68","0","0","23.21","Released","Jan 13, 2026 1:30:17 AM PST"
"Jan 4, 2026 6:45:00 AM PST","25392467641","Order","111-2583038-4893059","Ether-01","Gear Doctors® Ether 17.5oz Ultralight Camping Sleeping Pad - Backpacking Air Mattress - Camping Mattress Pad - Compact Inflatable Sleeping Mat for Ba","1","amazon.com","Standard Orders","Amazon","ENGLEWOOD","CO","80110","MarketplaceFacilitator","33.99","2.74","1.00","0","0","0","0","0","-1.00","0","-2.74","-5.10","-5.68","0","0","23.21","Released","Jan 12, 2026 6:04:59 AM PST"
"Jan 4, 2026 7:19:48 AM PST","25392467641","Order","111-5016157-4184222","GDCampingPillowOrange","Gear Doctors 3.5oz Compact Ultralight Inflatable Camping Pillow- Inflatable Camp Pillow- Backpacking Pillows Ultralight- Camping Pillows for Sleeping,","1","amazon.com","Standard Orders","Amazon","NEW HYDE PARK","NY","11040","MarketplaceFacilitator","14.99","1.29","0","0","0","0","0","0","0","0","-1.29","-2.25","-4.16","0","0","8.58","Released","Jan 13, 2026 1:53:38 AM PST"
"Jan 4, 2026 8:12:59 AM PST","25392467641","Order","112-3621926-5096207","Ether-01","Gear Doctors® Ether 17.5oz Ultralight Camping Sleeping Pad - Backpacking Air Mattress - Camping Mattress Pad - Compact Inflatable Sleeping Mat for Ba","1","amazon.com","Standard Orders","Amazon","GERVAIS","OR","97026","","33.99","0","2.99","0","0","0","0","0","-6.39","0","0","-4.59","-5.68","0","0","20.32","Released","Jan 12, 2026 5:45:18 AM PST"
"Jan 4, 2026 8:33:43 AM PST","25392467641","Order","112-8736677-2901836","GDClassic01","Gear Doctors Oxylus 4.3R-Value Insulated Foam Self Inflating Sleeping Pad Camping-Sleeping Pad Backpacking Air Mattress-Camping Mattress Self Inflatin","1","amazon.com","Standard Orders","Amazon","COLORADO SPRINGS","CO","80917","MarketplaceFacilitator","37.49","3.07","0","0","0","0","0","0","0","0","-3.07","-5.62","-8.10","0","0","23.77","Released","Jan 13, 2026 4:42:31 AM PST"
"Jan 4, 2026 9:08:56 AM PST","25392467641","Order","113-3579564-7051402","Ether-01","Gear Doctors® Ether 17.5oz Ultralight Camping Sleeping Pad - Backpacking Air Mattress - Camping Mattress Pad - Compact Inflatable Sleeping Mat for Ba","1","amazon.com","Standard Orders","Amazon","HARRISON","TN","37341","MarketplaceFacilitator","33.99","3.14","0","0","0","0","0","0","0","0","-3.14","-5.10","-5.68","0","0","23.21","Released","Jan 12, 2026 10:54:08 PM PST"
"Jan 4, 2026 9:16:07 AM PST","25392467641","Order","113-8555197-9353015","GDCampingPillowOrange","Gear Doctors 3.5oz Compact Ultralight Inflatable Camping Pillow- Inflatable Camp Pillow- Backpacking Pillows Ultralight- Camping Pillows for Sleeping,","1","amazon.com","Standard Orders","Amazon","PICKENS","SC","29671","MarketplaceFacilitator","14.99","1.05","0","0","0","0","0","0","0","0","-1.05","-2.25","-4.16","0","0","8.58","Released","Jan 13, 2026 8:27:31 AM PST"
"Jan 4, 2026 9:30:35 AM PST","25392467641","Order","113-2606134-5043453","GDCampingPillowOrange","Gear Doctors 3.5oz Compact Ultralight Inflatable Camping Pillow- Inflatable Camp Pillow- Backpacking Pillows Ultralight- Camping Pillows for Sleeping,","1","amazon.com","Standard Orders","Amazon","ALBUQUERQUE","NM","87105","MarketplaceFacilitator","14.99","0.93","0","0","0","0","0","0","0","0","-0.93","-2.25","-4.16","0","0","8.58","Released","Jan 13, 2026 10:54:17 PM PST"
"Jan 4, 2026 9:39:41 AM PST","25392467641","Order","112-8906981-1814643","Ether-01","Gear Doctors® Ether 17.5oz Ultralight Camping Sleeping Pad - Backpacking Air Mattress - Camping Mattress Pad - Compact Inflatable Sleeping Mat for Ba","1","amazon.com","Standard Orders","Amazon","SAN YSIDRO","CA","92173","MarketplaceFacilitator","33.99","2.63","1.16","0.09","0","0","0","0","0","0","-2.72","-5.10","-6.84","0","0","23.21","Released","Jan 13, 2026 1:56:05 AM PST"
"Jan 4, 2026 10:16:48 AM PST","25392467641","Order","113-0838317-4811422","GDCampingPillowOrange","Gear Doctors 3.5oz Compact Ultralight Inflatable Camping Pillow- Inflatable Camp Pillow- Backpacking Pillows Ultralight- Camping Pillows for Sleeping,","1","amazon.com","Standard Orders","Amazon","IXONIA","WI","53036","MarketplaceFacilitator","14.99","0.82","0","0","0","0","0","0","0","0","-0.82","-2.25","-4.16","0","0","8.58","Released","Jan 12, 2026 4:10:01 PM PST"
"Jan 4, 2026 10:24:15 AM PST","25392467641","Order","114-1173049-7057856","Ether-01","Gear Doctors® Ether 17.5oz Ultralight Camping Sleeping Pad - Backpacking Air Mattress - Camping Mattress Pad - Compact Inflatable Sleeping Mat for Ba","1","amazon.com","Standard Orders","Amazon","BOONE","NC","28607","MarketplaceFacilitator","33.99","2.29","0","0","0","0","0","0","0","0","-2.29","-5.10","-5.68","0","0","23.21","Released","Jan 14, 2026 12:36:45 AM PST"
"Jan 4, 2026 10:30:22 AM PST","25392467641","Order","113-5249150-4558648","Ether-01","Gear Doctors® Ether 17.5oz Ultralight Camping Sleeping Pad - Backpacking Air Mattress - Camping Mattress Pad - Compact Inflatable Sleeping Mat for Ba","1","amazon.com","Standard Orders","Amazon","TUSCALOOSA","AL","35487","MarketplaceFacilitator","33.99","2.72","1.28","0","0","0","0","0","-1.28","0","-2.72","-5.10","-5.68","0","0","23.21","Released","Jan 14, 2026 3:44:14 PM PST"
"Jan 4, 2026 10:31:09 AM PST","25392467641","Order","113-6550077-0070655","GDApolloAir-02","Gear Doctors ApolloAir 5.2 R-Value [25oz] Ultralight Insulated Inflatable Camping Sleeping Pad - Backpacking Sleeping Pad - Camping Mattress Compact L","1","amazon.com","Standard Orders","Amazon","MOREHEAD","KY","40351","MarketplaceFacilitator","89.99","5.40","0","0","0","0","0","0","0","0","-5.40","-13.50","-6.10","0","0","70.39","Released","Jan 14, 2026 2:58:19 AM PST"
"Jan 4, 2026 10:49:56 AM PST","25392467641","Order","111-5676508-8373025","Ether-01","Gear Doctors® Ether 17.5oz Ultralight Camping Sleeping Pad - Backpacking Air Mattress - Camping Mattress Pad - Compact Inflatable Sleeping Mat for Ba","1","amazon.com","Standard Orders","Amazon","SCHENECTADY","NY","12302","MarketplaceFacilitator","33.99","2.72","0","0","0","0","0","0","0","0","-2.72","-5.10","-5.68","0","0","23.21","Released","Jan 13, 2026 12:14:25 AM PST"
"Jan 4, 2026 10:50:54 AM PST","25392467641","Order","112-6641034-2888262","GDCampingPillowBlue","Gear Doctors 3.5oz Compact Ultralight Inflatable Camping Pillow - Inflatable Camp Pillow - Backpacking Pillows Ultralight- Camping Pillows for Sleepin","1","amazon.com","Standard Orders","Amazon","BAYFIELD","CO","81122","MarketplaceFacilitator","14.99","0.88","0","0","0","0","0","0","0","0","-0.88","-2.25","-4.16","0","0","8.58","Released","Jan 15, 2026 1:56:19 AM PST"
"Jan 4, 2026 10:51:01 AM PST","25392467641","Order","114-2192441-1034669","GDApolloAir01","Gear Doctors ApolloAir 5.2 R-Value [17oz] Ultralight Insulated Inflatable Camping Sleeping Pad - Backpacking Sleeping Pad - Camping Mattress Compact L","2","amazon.com","Standard Orders","Amazon","Lehi","Utah","84043","MarketplaceFacilitator","153.00","11.40","0","0","0","0","0","0","0","0","-11.40","-22.96","-11.36","0","0","118.68","Released","Jan 13, 2026 7:44:50 AM PST"
"Jan 4, 2026 10:52:58 AM PST","25392467641","Order","113-4606510-1001819","Ether-01","Gear Doctors® Ether 17.5oz Ultralight Camping Sleeping Pad - Backpacking Air Mattress - Camping Mattress Pad - Compact Inflatable Sleeping Mat for Ba","1","amazon.com","Standard Orders","Amazon","PORTERVILLE","CA","93257","MarketplaceFacilitator","33.99","3.14","0","0","0","0","0","0","0","0","-3.14","-5.10","-5.68","0","0","23.21","Released","Jan 14, 2026 10:29:57 AM PST"
"Jan 4, 2026 10:58:05 AM PST","25392467641","Order","112-4527255-6361803","GDCampingPillowBlue","Gear Doctors 3.5oz Compact Ultralight Inflatable Camping Pillow - Inflatable Camp Pillow - Backpacking Pillows Ultralight- Camping Pillows for Sleepin","1","amazon.com","Standard Orders","Amazon","ROGERS CITY","MI","49779","MarketplaceFacilitator","14.99","0.81","0","0","0","0","0","0","-1.50","0","-0.81","-2.02","-4.16","0","0","7.31","Released","Jan 14, 2026 3:17:00 AM PST"
"Jan 4, 2026 11:16:01 AM PST","25280479521","Service Fee","FBA193Q7P23R","","FBA Inbound Placement Service Fee","","Amazon.com","Standard Orders","","","","","","0","0","0","0","0","0","0","0","0","0","0","0","0","0","-19.80","-19.80","Released","Jan 4, 2026 11:16:01 AM PST"
"Jan 4, 2026 11:23:08 AM PST","25392467641","Order","114-1248499-1701025","GDCampingPillowTeal","Gear Doctors 3.5oz Compact Ultralight Inflatable Camping Pillow - Inflatable Camp Pillow - Backpacking Pillows Ultralight- Camping Pillows for Sleepin","1","amazon.com","Standard Orders","Amazon","BABYLON","NY","11702","MarketplaceFacilitator","14.99","1.31","0","0","0","0","0","0","0","0","-1.31","-2.25","-4.16","0","0","8.58","Released","Jan 13, 2026 5:44:40 PM PST"
"Jan 4, 2026 11:25:05 AM PST","25280479521","Adjustment","113-2083974-7035457","GDClassic01","FBA Inventory Reimbursement - Customer Return","1","","Standard Orders","","","","","","0","0","0","0","0","0","0","0","0","0","0","0","0","0","23.77","23.77","Released","Jan 4, 2026 11:25:05 AM PST"
"Jan 4, 2026 11:40:18 AM PST","25392467641","Order","112-9207456-0605861","Ether-01","Gear Doctors® Ether 17.5oz Ultralight Camping Sleeping Pad - Backpacking Air Mattress - Camping Mattress Pad - Compact Inflatable Sleeping Mat for Ba","1","amazon.com","Standard Orders","Amazon","Tampa","FL","33624","MarketplaceFacilitator","33.99","2.55","0","0","0","0","0","0","0","0","-2.55","-5.10","-5.68","0","0","23.21","Released","Jan 13, 2026 3:44:30 AM PST"
"Jan 4, 2026 12:01:40 PM PST","25392467641","Order","114-2810673-5245001","GDCampingPillowBlue","Gear Doctors 3.5oz Compact Ultralight Inflatable Camping Pillow - Inflatable Camp Pillow - Backpacking Pillows Ultralight- Camping Pillows for Sleepin","1","amazon.com","Standard Orders","Amazon","WESTHAMPTON BEACH","NY","11978","MarketplaceFacilitator","14.99","1.31","0","0","0","0","0","0","0","0","-1.31","-2.25","-4.16","0","0","8.58","Released","Jan 13, 2026 4:40:17 AM PST"
"Jan 4, 2026 12:38:38 PM PST","25392467641","Order","113-8659544-8995401","GDApolloAir-02","Gear Doctors ApolloAir 5.2 R-Value [25oz] Ultralight Insulated Inflatable Camping Sleeping Pad - Backpacking Sleeping Pad - Camping Mattress Compact L","1","amazon.com","Standard Orders","Amazon","AUSTIN","TX","78748","MarketplaceFacilitator","89.99","7.42","0","0","0","0","0","0","0","0","-7.42","-13.50","-6.10","0","0","70.39","Released","Jan 13, 2026 3:25:12 AM PST"
"Jan 4, 2026 12:43:08 PM PST","25392467641","Order","113-0029925-0266669","GDCampingPillowBlue","Gear Doctors 3.5oz Compact Ultralight Inflatable Camping Pillow - Inflatable Camp Pillow - Backpacking Pillows Ultralight- Camping Pillows for Sleepin","1","amazon.com","Standard Orders","Amazon","KINGSTON","NJ","08528","MarketplaceFacilitator","14.99","0.99","0","0","0","0","0","0","0","0","-0.99","-2.25","-4.16","0","0","8.58","Released","Jan 12, 2026 11:28:00 PM PST"
"Jan 4, 2026 12:44:48 PM PST","25280479521","Refund","113-9792235-4983452","GDClassic01","Gear Doctors Self Inflating Camping Sleeping Pad for Camping 4.3 R Insulated Camping mats-1.5 in Must Haves Inflatable Foam air Sleep mat Self Inflati","1","amazon.com","Standard Orders","Amazon","NORTHAMPTON","PA","18067","MarketplaceFacilitator","-37.49","-2.25","0","0","0","0","0","0","0","0","2.25","4.50","0","0","0","-32.99","Released","Jan 4, 2026 12:44:48 PM PST"
"Jan 4, 2026 12:46:16 PM PST","25392467641","Order","111-4274452-0221804","GDCampingPillowOrange","Gear Doctors 3.5oz Compact Ultralight Inflatable Camping Pillow- Inflatable Camp Pillow- Backpacking Pillows Ultralight- Camping Pillows for Sleeping,","1","amazon.com","Standard Orders","Amazon","HOUSTON","TX","77092","MarketplaceFacilitator","14.99","1.24","0","0","0","0","0","0","0","0","-1.24","-2.25","-4.16","0","0","8.58","Released","Jan 13, 2026 8:02:07 AM PST"
"Jan 4, 2026 1:16:58 PM PST","25280479521","Refund","111-5271950-0924200","Ether-01","Gear Doctors® Ether 17.5oz Ultralight Camping Sleeping Pad - Backpacking Air Mattress - Camping Mattress Pad - Compact Inflatable Sleeping Mat for Ba","1","amazon.com","Standard Orders","Amazon","JACKSONVILLE","FL","32226","MarketplaceFacilitator","-33.99","-2.55","-2.99","0","0","0","0","0","2.99","0","2.55","4.08","0","0","0","-29.91","Released","Jan 4, 2026 1:16:58 PM PST"
"Jan 4, 2026 1:19:42 PM PST","25392467641","Order","113-9991706-7578651","Ether-01","Gear Doctors® Ether 17.5oz Ultralight Camping Sleeping Pad - Backpacking Air Mattress - Camping Mattress Pad - Compact Inflatable Sleeping Mat for Ba","1","amazon.com","Standard Orders","Amazon","SYKESVILLE","MD","21784","MarketplaceFacilitator","33.99","2.04","1.50","0","0","0","0","0","-1.50","0","-2.04","-5.10","-5.68","0","0","23.21","Released","Jan 12, 2026 1:08:28 AM PST"
"Jan 4, 2026 1:46:28 PM PST","25392467641","Refund","113-0926180-5845032","Ether-01","Gear Doctors® Ether 17.5oz Ultralight Camping Sleeping Pad - Backpacking Air Mattress - Camping Mattress Pad - Compact Inflatable Sleeping Mat for Ba","1","amazon.com","Standard Orders","Amazon","CLACKAMAS","OR","97015","","-33.99","0","0","0","0","0","0","0","0","0","0","4.08","0","0","0","-29.91","Released","Jan 10, 2026 3:45:39 PM PST"
"Jan 4, 2026 2:10:13 PM PST","25392467641","Order","114-7867825-2138616","GDCampingPillowOrange","Gear Doctors 3.5oz Compact Ultralight Inflatable Camping Pillow- Inflatable Camp Pillow- Backpacking Pillows Ultralight- Camping Pillows for Sleeping,","1","amazon.com","Standard Orders","Amazon","GULF BREEZE","FL","32563","MarketplaceFacilitator","14.99","1.05","0.70","0","0","0","0","0","-0.70","0","-1.05","-2.25","-4.16","0","0","8.58","Released","Jan 15, 2026 2:19:06 AM PST"
"Jan 4, 2026 2:19:01 PM PST","25392467641","Order","114-7386990-2447435","GDClassic01","Gear Doctors Oxylus 4.3R-Value Insulated Foam Self Inflating Sleeping Pad Camping-Sleeping Pad Backpacking Air Mattress-Camping Mattress Self Inflatin","2","amazon.com","Standard Orders","Amazon","RIVERVIEW","FL","33579","MarketplaceFacilitator","74.98","5.62","0","0","0","0","0","0","0","0","-5.62","-11.24","-16.20","0","0","47.54","Released","Jan 13, 2026 12:20:36 AM PST"
"Jan 4, 2026 2:38:53 PM PST","25392467641","Order","112-1302604-1734657","Ether-01","Gear Doctors® Ether 17.5oz Ultralight Camping Sleeping Pad - Backpacking Air Mattress - Camping Mattress Pad - Compact Inflatable Sleeping Mat for Ba","8","amazon.com","Standard Orders","Amazon","WHITEHALL","MT","59759","","271.92","0","0","0","0","0","0","0","0","0","0","-40.80","-45.44","0","0","185.68","Released","Jan 20, 2026 2:17:11 AM PST"
"Jan 4, 2026 2:54:14 PM PST","25392467641","Order","111-8612712-0417811","GDCampingPillowBlue","Gear Doctors 3.5oz Compact Ultralight Inflatable Camping Pillow - Inflatable Camp Pillow - Backpacking Pillows Ultralight- Camping Pillows for Sleepin","2","amazon.com","Standard Orders","Amazon","NACOGDOCHES","TX","75965","MarketplaceFacilitator","29.98","2.18","0","0","0","0","0","0","0","0","-2.18","-4.50","-8.32","0","0","17.16","Released","Jan 12, 2026 6:23:48 PM PST"
"Jan 4, 2026 2:59:40 PM PST","25392467641","Order","113-7787723-0305821","Ether-01","Gear Doctors® Ether 17.5oz Ultralight Camping Sleeping Pad - Backpacking Air Mattress - Camping Mattress Pad - Compact Inflatable Sleeping Mat for Ba","1","amazon.com","Standard Orders","Amazon","JACKSONVILLE","NC","28546","MarketplaceFacilitator","33.99","2.38","0","0","0","0","0","0","0","0","-2.38","-5.10","-5.68","0","0","23.21","Released","Jan 15, 2026 12:43:46 AM PST"
"Jan 4, 2026 3:16:30 PM PST","25280479521","Order_Retrocharge","111-1820703-8629018","","retrocharge for orderid 111-1820703-8629018","","Amazon.com","Standard Orders","","","","","","0","7.05","0","0","0","0","0","0","0","0","-7.05","0","0","0","0","0","Released","Jan 4, 2026 3:16:30 PM PST"
"Jan 4, 2026 3:18:15 PM PST","25280479521","Refund","112-1089602-4058662","GDApolloAir01","Gear Doctors ApolloAir 5.2 R-Value [17oz] Ultralight Insulated Inflatable Camping Sleeping Pad - Backpacking Sleeping Pad - Camping Mattress Compact L","1","amazon.com","Standard Orders","Amazon","SAN DIEGO","CA","92124","MarketplaceFacilitator","-84.99","-6.59","-2.99","0","0","0","0","0","2.99","0","6.59","10.20","0","0","0","-74.79","Released","Jan 5, 2026 2:09:26 AM PST"
"Jan 4, 2026 3:59:20 PM PST","25392467641","Order","114-6825272-0977808","Ether-01","Gear Doctors® Ether 17.5oz Ultralight Camping Sleeping Pad - Backpacking Air Mattress - Camping Mattress Pad - Compact Inflatable Sleeping Mat for Ba","1","amazon.com","Standard Orders","Amazon","FORT LUPTON","CO","80621","MarketplaceFacilitator","33.99","2.35","2.99","0","0","0","0","0","-2.99","0","-2.35","-5.10","-5.68","0","0","23.21","Released","Jan 12, 2026 12:04:57 AM PST"
"Jan 4, 2026 4:17:13 PM PST","25392467641","Order","113-0914926-2727402","GDApolloAir01","Gear Doctors ApolloAir 5.2 R-Value [17oz] Ultralight Insulated Inflatable Camping Sleeping Pad - Backpacking Sleeping Pad - Camping Mattress Compact L","1","amazon.com","Standard Orders","Amazon","JONESBORO","GA","30236","MarketplaceFacilitator","76.50","6.12","0","0","0","0","0","0","0","0","-6.12","-11.48","-5.68","0","0","59.34","Released","Jan 12, 2026 10:41:34 PM PST"
"Jan 4, 2026 4:34:35 PM PST","25392467641","Order","114-1474642-8772222","GDApolloAir01","Gear Doctors ApolloAir 5.2 R-Value [17oz] Ultralight Insulated Inflatable Camping Sleeping Pad - Backpacking Sleeping Pad - Camping Mattress Compact L","1","amazon.com","Standard Orders","Amazon","CARSON","CA","90745","MarketplaceFacilitator","76.50","8.03","2.99","0","0","0","0","0","-2.99","0","-8.03","-11.48","-5.68","0","0","59.34","Released","Jan 12, 2026 4:45:59 AM PST"
"Jan 4, 2026 4:36:19 PM PST","25392467641","Order","112-2407665-7313818","GDClassic01","Gear Doctors Oxylus 4.3R-Value Insulated Foam Self Inflating Sleeping Pad Camping-Sleeping Pad Backpacking Air Mattress-Camping Mattress Self Inflatin","2","amazon.com","Standard Orders","Amazon","FOLSOM","CA","95630","MarketplaceFacilitator","74.98","5.82","0","0","0","0","0","0","0","0","-5.82","-11.24","-16.20","0","0","47.54","Released","Jan 13, 2026 3:18:38 AM PST"
"Jan 4, 2026 4:46:39 PM PST","25280479521","Refund","111-9505911-5541809","Ether-01","Gear Doctors® Ether 17.5oz Ultralight Camping Sleeping Pad - Backpacking Air Mattress - Camping Mattress Pad - Compact Inflatable Sleeping Mat for Ba","1","amazon.com","Standard Orders","Amazon","SCOTTSDALE","AZ","85258","MarketplaceFacilitator","-23.79","-1.90","-1.49","0","0","0","0","0","1.49","0","1.90","2.86","0","0","0","-20.93","Released","Jan 4, 2026 4:46:39 PM PST"
"Jan 4, 2026 4:59:33 PM PST","25280479521","Refund","113-2256740-1686666","Ether-01","Gear Doctors® Ether 17.5oz Ultralight Camping Sleeping Pad - Backpacking Air Mattress - Camping Mattress Pad - Compact Inflatable Sleeping Mat for Ba","1","amazon.com","Standard Orders","Amazon","BRENTWOOD","TN","37027","MarketplaceFacilitator","-33.99","-3.31","0","0","0","0","0","0","0","0","3.31","4.08","0","0","0","-29.91","Released","Jan 7, 2026 10:27:27 AM PST"
"Jan 4, 2026 5:20:17 PM PST","25392467641","Order","112-1299950-0528208","GDCampingPillowOrange","Gear Doctors 3.5oz Compact Ultralight Inflatable Camping Pillow- Inflatable Camp Pillow- Backpacking Pillows Ultralight- Camping Pillows for Sleeping,","1","amazon.com","Standard Orders","Amazon","BELL","CA","90201","MarketplaceFacilitator","14.99","1.46","0","0","0","0","0","0","0","0","-1.46","-2.25","-4.16","0","0","8.58","Released","Jan 12, 2026 11:11:05 PM PST"
"Jan 4, 2026 5:35:55 PM PST","25392467641","Order","113-0525881-4346658","Ether-01","Gear Doctors® Ether 17.5oz Ultralight Camping Sleeping Pad - Backpacking Air Mattress - Camping Mattress Pad - Compact Inflatable Sleeping Mat for Ba","1","amazon.com","Standard Orders","Amazon","PARDEEVILLE","WI","53954","MarketplaceFacilitator","33.99","1.87","0","0","0","0","0","0","0","0","-1.87","-5.10","-5.68","0","0","23.21","Released","Jan 12, 2026 6:19:41 PM PST"
"Jan 4, 2026 5:36:58 PM PST","25392467641","Order","114-3912595-5510657","GDCampingPillowOrange","Gear Doctors 3.5oz Compact Ultralight Inflatable Camping Pillow- Inflatable Camp Pillow- Backpacking Pillows Ultralight- Camping Pillows for Sleeping,","2","amazon.com","Standard Orders","Amazon","SOUTH JORDAN","UT","84009","MarketplaceFacilitator","29.98","2.24","0","0","0","0","0","0","0","0","-2.24","-4.50","-8.32","0","0","17.16","Released","Jan 14, 2026 11:35:55 PM PST"
"Jan 4, 2026 5:52:34 PM PST","25392467641","Order","114-5393539-4641027","Ether-01","Gear Doctors® Ether 17.5oz Ultralight Camping Sleeping Pad - Backpacking Air Mattress - Camping Mattress Pad - Compact Inflatable Sleeping Mat for Ba","1","amazon.com","Standard Orders","Amazon","LOS ANGELES","CA","90042","MarketplaceFacilitator","33.99","3.31","2.99","0","0","0","0","0","-2.99","0","-3.31","-5.10","-5.68","0","0","23.21","Released","Jan 12, 2026 6:41:49 AM PST"
"Jan 4, 2026 5:57:36 PM PST","25392467641","Order","111-1879092-2597852","Ether-01","Gear Doctors® Ether 17.5oz Ultralight Camping Sleeping Pad - Backpacking Air Mattress - Camping Mattress Pad - Compact Inflatable Sleeping Mat for Ba","1","amazon.com","Standard Orders","Amazon","CASTROVILLE","CA","95012","MarketplaceFacilitator","33.99","2.97","1.84","0","0","0","0","0","-1.84","0","-2.97","-5.10","-5.68","0","0","23.21","Released","Jan 15, 2026 4:54:39 AM PST"
"Jan 4, 2026 7:05:34 PM PST","25280479521","Service Fee","","","Cost of Advertising","","","Standard Orders","","","","","","0","0","0","0","0","0","0","0","0","0","0","0","0","-505.32","0","-505.32","Released","Jan 4, 2026 7:05:34 PM PST"
"Jan 4, 2026 7:47:48 PM PST","25392467641","Order","112-0595141-0681869","Ether-01","Gear Doctors® Ether 17.5oz Ultralight Camping Sleeping Pad - Backpacking Air Mattress - Camping Mattress Pad - Compact Inflatable Sleeping Mat for Ba","1","amazon.com","Standard Orders","Amazon","POWDER SPRINGS","GA","30127","MarketplaceFacilitator","33.99","2.04","1.49","0","0","0","0","0","-1.49","0","-2.04","-5.10","-5.68","0","0","23.21","Released","Jan 12, 2026 2:30:47 AM PST"
"Jan 4, 2026 7:59:43 PM PST","25392467641","Order","113-2648292-5121800","GDCampingPillowBlue","Gear Doctors 3.5oz Compact Ultralight Inflatable Camping Pillow - Inflatable Camp Pillow - Backpacking Pillows Ultralight- Camping Pillows for Sleepin","1","amazon.com","Standard Orders","Amazon","NORTH CHARLESTON","SC","29405","MarketplaceFacilitator","14.99","1.35","0","0","0","0","0","0","0","0","-1.35","-2.25","-4.16","0","0","8.58","Released","Jan 12, 2026 11:37:31 PM PST"
"Jan 4, 2026 9:08:02 PM PST","25392467641","Order","112-0636879-0533812","GDCampingPillowBlue","Gear Doctors 3.5oz Compact Ultralight Inflatable Camping Pillow - Inflatable Camp Pillow - Backpacking Pillows Ultralight- Camping Pillows for Sleepin","1","amazon.com","Standard Orders","Amazon","CRESSKILL","NJ","07626","MarketplaceFacilitator","14.99","0.99","0","0","0","0","0","0","0","0","-0.99","-2.25","-4.16","0","0","8.58","Released","Jan 14, 2026 6:50:23 AM PST"
"Jan 4, 2026 9:19:30 PM PST","25392467641","Order","114-7904955-9413031","GDApolloAir01","Gear Doctors ApolloAir 5.2 R-Value [17oz] Ultralight Insulated Inflatable Camping Sleeping Pad - Backpacking Sleeping Pad - Camping Mattress Compact L","2","amazon.com","Standard Orders","Amazon","LOS ANGELES","CA","90024","MarketplaceFacilitator","153.00","14.92","0","0","0","0","0","0","0","0","-14.92","-22.96","-11.36","0","0","118.68","Released","Jan 14, 2026 9:21:59 AM PST"
"Jan 4, 2026 9:38:58 PM PST","25392467641","Order","111-2045579-6049806","Ether-01","Gear Doctors® Ether 17.5oz Ultralight Camping Sleeping Pad - Backpacking Air Mattress - Camping Mattress Pad - Compact Inflatable Sleeping Mat for Ba","1","amazon.com","Standard Orders","Amazon","WORCESTER","MA","01604","MarketplaceFacilitator","33.99","2.12","0","0","0","0","0","0","0","0","-2.12","-5.10","-5.68","0","0","23.21","Released","Jan 14, 2026 1:54:03 AM PST"
"Jan 4, 2026 9:44:26 PM PST","25392467641","Order","111-6843135-4668218","GDApolloAir-02","Gear Doctors ApolloAir 5.2 R-Value [25oz] Ultralight Insulated Inflatable Camping Sleeping Pad - Backpacking Sleeping Pad - Camping Mattress Compact L","1","amazon.com","Standard Orders","Amazon","INDIO","CA","92201","MarketplaceFacilitator","89.99","7.87","0","0","0","0","0","0","0","0","-7.87","-13.50","-6.10","0","0","70.39","Released","Jan 12, 2026 2:58:20 PM PST"
"Jan 4, 2026 10:56:36 PM PST","25392467641","Order","112-5137661-4591443","GDCampingPillowBlue","Gear Doctors 3.5oz Compact Ultralight Inflatable Camping Pillow - Inflatable Camp Pillow - Backpacking Pillows Ultralight- Camping Pillows for Sleepin","1","amazon.com","Standard Orders","Amazon","MONCKS CORNER","SC","29461","MarketplaceFacilitator","14.99","1.35","6.99","0.63","0","0","0","0","0","0","-1.98","-2.25","-11.15","0","0","8.58","Released","Jan 14, 2026 10:47:44 PM PST"
"Jan 4, 2026 10:57:39 PM PST","25392467641","Order","114-2650518-0950622","GDCampingPillowOrange","Gear Doctors 3.5oz Compact Ultralight Inflatable Camping Pillow- Inflatable Camp Pillow- Backpacking Pillows Ultralight- Camping Pillows for Sleeping,","1","amazon.com","Standard Orders","Amazon","SHERMAN","TX","75090","MarketplaceFacilitator","14.99","0.94","0","0","0","0","0","0","0","0","-0.94","-2.25","-4.16","0","0","8.58","Released","Jan 14, 2026 5:06:34 AM PST"
"Jan 4, 2026 11:05:55 PM PST","25392467641","Order","114-5608909-5257062","GDCampingPillowOrange","Gear Doctors 3.5oz Compact Ultralight Inflatable Camping Pillow- Inflatable Camp Pillow- Backpacking Pillows Ultralight- Camping Pillows for Sleeping,","1","amazon.com","Standard Orders","Amazon","BOISE","ID","83709","MarketplaceFacilitator","14.99","0.90","0","0","0","0","0","0","0","0","-0.90","-2.25","-4.16","0","0","8.58","Released","Jan 15, 2026 5:19:55 AM PST"
"Jan 4, 2026 11:14:10 PM PST","25392467641","Order","111-9972339-5244265","Ether-01","Gear Doctors® Ether 17.5oz Ultralight Camping Sleeping Pad - Backpacking Air Mattress - Camping Mattress Pad - Compact Inflatable Sleeping Mat for Ba","1","amazon.com","Standard Orders","Amazon","Elk River","MN","55330","MarketplaceFacilitator","33.99","2.68","0.33","0","0","0","0","0","-0.33","0","-2.68","-5.10","-5.68","0","0","23.21","Released","Jan 12, 2026 4:38:02 AM PST"
"Jan 4, 2026 11:20:26 PM PST","25392467641","Order","112-7599044-2171424","GDCampingPillowOrange","Gear Doctors 3.5oz Compact Ultralight Inflatable Camping Pillow- Inflatable Camp Pillow- Backpacking Pillows Ultralight- Camping Pillows for Sleeping,","1","amazon.com","Standard Orders","Amazon","MANLIUS","NY","13104","MarketplaceFacilitator","14.99","1.20","0","0","0","0","0","0","0","0","-1.20","-2.25","-4.16","0","0","8.58","Released","Jan 14, 2026 11:50:08 PM PST"
"Jan 4, 2026 11:26:15 PM PST","25392467641","Order","113-2384460-8153061","GDCampingPillowTeal","Gear Doctors 3.5oz Compact Ultralight Inflatable Camping Pillow - Inflatable Camp Pillow - Backpacking Pillows Ultralight- Camping Pillows for Sleepin","1","amazon.com","Standard Orders","Amazon","Cerritos","CA","90701","MarketplaceFacilitator","14.99","1.50","0","0","0","0","0","0","-0.75","0","-1.50","-2.14","-4.16","0","0","7.94","Released","Jan 13, 2026 2:50:08 PM PST"
"Jan 4, 2026 11:26:56 PM PST","25392467641","Order","114-1597688-1830665","GDCampingPillowOrange","Gear Doctors 3.5oz Compact Ultralight Inflatable Camping Pillow- Inflatable Camp Pillow- Backpacking Pillows Ultralight- Camping Pillows for Sleeping,","1","amazon.com","Standard Orders","Amazon","EAST PROVIDENCE","RI","02914","MarketplaceFacilitator","14.99","1.05","0","0","0","0","0","0","0","0","-1.05","-2.25","-4.16","0","0","8.58","Released","Jan 13, 2026 10:16:12 PM PST"
"Jan 4, 2026 11:37:01 PM PST","25392467641","Order","111-9614725-1760240","Ether-01","Gear Doctors® Ether 17.5oz Ultralight Camping Sleeping Pad - Backpacking Air Mattress - Camping Mattress Pad - Compact Inflatable Sleeping Mat for Ba","1","amazon.com","Standard Orders","Amazon","STROUDSBURG","PA","18360","MarketplaceFacilitator","33.99","2.04","0","0","0","0","0","0","0","0","-2.04","-5.10","-5.68","0","0","23.21","Released","Jan 13, 2026 2:03:00 AM PST"
"Jan 4, 2026 11:42:01 PM PST","25392467641","Order","114-1795710-1837822","Ether-01","Gear Doctors® Ether 17.5oz Ultralight Camping Sleeping Pad - Backpacking Air Mattress - Camping Mattress Pad - Compact Inflatable Sleeping Mat for Ba","1","amazon.com","Standard Orders","Amazon","BIRMINGHAM","MI","48009","MarketplaceFacilitator","33.99","2.04","0","0","0","0","0","0","0","0","-2.04","-5.10","-5.68","0","0","23.21","Released","Jan 14, 2026 10:46:23 AM PST"
"Jan 4, 2026 11:56:26 PM PST","25392467641","Order","114-8903851-8816200","GDClassic01","Gear Doctors Oxylus 4.3R-Value Insulated Foam Self Inflating Sleeping Pad Camping-Sleeping Pad Backpacking Air Mattress-Camping Mattress Self Inflatin","1","amazon.com","Standard Orders","Amazon","MADISON","WI","53717","MarketplaceFacilitator","37.49","2.06","0","0","0","0","0","0","0","0","-2.06","-5.62","-8.10","0","0","23.77","Released","Jan 14, 2026 1:07:35 AM PST"
"Jan 5, 2026 12:33:45 AM PST","25392467641","Order","113-4278828-8913049","GDApolloAir01","Gear Doctors ApolloAir 5.2 R-Value [17oz] Ultralight Insulated Inflatable Camping Sleeping Pad - Backpacking Sleeping Pad - Camping Mattress Compact L","1","amazon.com","Standard Orders","Amazon","LOS ANGELES","CA","90026","MarketplaceFacilitator","76.50","7.46","0.75","0","0","0","0","0","-0.75","0","-7.46","-11.48","-5.68","0","0","59.34","Released","Jan 13, 2026 3:19:48 AM PST"
"Jan 5, 2026 1:00:43 AM PST","25392467641","Order","111-9111145-7236234","GDClassic01","Gear Doctors Oxylus 4.3R-Value Insulated Foam Self Inflating Sleeping Pad Camping-Sleeping Pad Backpacking Air Mattress-Camping Mattress Self Inflatin","1","amazon.com","Standard Orders","Amazon","ASHLAND","KY","41101","MarketplaceFacilitator","37.49","2.25","0","0","0","0","0","0","0","0","-2.25","-5.62","-8.10","0","0","23.77","Released","Jan 13, 2026 10:45:51 PM PST"
"Jan 5, 2026 1:01:33 AM PST","25392467641","Order","113-4848854-3832234","GDCampingPillowBlue","Gear Doctors 3.5oz Compact Ultralight Inflatable Camping Pillow - Inflatable Camp Pillow - Backpacking Pillows Ultralight- Camping Pillows for Sleepin","1","amazon.com","Standard Orders","Amazon","VERSAILLES","KY","40383","MarketplaceFacilitator","14.99","0.90","0","0","0","0","0","0","0","0","-0.90","-2.25","-4.16","0","0","8.58","Released","Jan 14, 2026 2:30:27 AM PST"
"Jan 5, 2026 1:19:33 AM PST","25392467641","Order","113-8797649-2488255","GDCampingPillowBlue","Gear Doctors 3.5oz Compact Ultralight Inflatable Camping Pillow - Inflatable Camp Pillow - Backpacking Pillows Ultralight- Camping Pillows for Sleepin","1","amazon.com","Standard Orders","Amazon","OWENS CROSS ROADS","AL","35763","MarketplaceFacilitator","14.99","1.20","0","0","0","0","0","0","0","0","-1.20","-2.25","-4.16","0","0","8.58","Released","Jan 15, 2026 11:32:18 AM PST"
"Jan 5, 2026 2:45:59 AM PST","25392467641","Order","113-2788545-0600253","Ether-01","Gear Doctors® Ether 17.5oz Ultralight Camping Sleeping Pad - Backpacking Air Mattress - Camping Mattress Pad - Compact Inflatable Sleeping Mat for Ba","2","amazon.com","Standard Orders","Amazon","HENDERSON","NV","89052","MarketplaceFacilitator","67.98","5.70","0.85","0","0","0","0","0","-0.85","0","-5.70","-10.20","-11.36","0","0","46.42","Released","Jan 12, 2026 7:34:46 AM PST"
"Jan 5, 2026 2:56:19 AM PST","25392467641","Order","112-3866487-1042623","Ether-01","Gear Doctors® Ether 17.5oz Ultralight Camping Sleeping Pad - Backpacking Air Mattress - Camping Mattress Pad - Compact Inflatable Sleeping Mat for Ba","1","amazon.com","Standard Orders","Amazon","ROCHESTER","NY","14624","MarketplaceFacilitator","33.99","2.72","0","0","0","0","0","0","0","0","-2.72","-5.10","-5.68","0","0","23.21","Released","Jan 14, 2026 5:03:20 AM PST"
"Jan 5, 2026 3:27:58 AM PST","25392467641","Order","111-5422888-9177867","GDClassic01","Gear Doctors Oxylus 4.3R-Value Insulated Foam Self Inflating Sleeping Pad Camping-Sleeping Pad Backpacking Air Mattress-Camping Mattress Self Inflatin","1","amazon.com","Standard Orders","Amazon","CAMARILLO","CA","93010","MarketplaceFacilitator","37.49","2.72","0","0","0","0","0","0","0","0","-2.72","-5.62","-8.10","0","0","23.77","Released","Jan 13, 2026 8:59:47 AM PST"
"Jan 5, 2026 3:49:12 AM PST","25392467641","Order","113-0425695-7350602","Ether-01","Gear Doctors® Ether 17.5oz Ultralight Camping Sleeping Pad - Backpacking Air Mattress - Camping Mattress Pad - Compact Inflatable Sleeping Mat for Ba","1","amazon.com","Standard Orders","Amazon","SANTA MONICA","CA","90404","MarketplaceFacilitator","33.99","3.65","0","0","0","0","0","0","0","0","-3.65","-5.10","-5.68","0","0","23.21","Released","Jan 14, 2026 2:45:43 AM PST"
"Jan 5, 2026 4:15:13 AM PST","25392467641","Order","111-1998474-9048256","Ether-01","Gear Doctors® Ether 17.5oz Ultralight Camping Sleeping Pad - Backpacking Air Mattress - Camping Mattress Pad - Compact Inflatable Sleeping Mat for Ba","1","amazon.com","Standard Orders","Amazon","BATTLE GROUND","WA","98604","MarketplaceFacilitator","33.99","2.92","2.99","0","0","0","0","0","-2.99","0","-2.92","-5.10","-5.68","0","0","23.21","Released","Jan 12, 2026 8:25:14 AM PST"
"Jan 5, 2026 5:03:34 AM PST","25392467641","Order","111-9304616-8842607","Ether-01","Gear Doctors® Ether 17.5oz Ultralight Camping Sleeping Pad - Backpacking Air Mattress - Camping Mattress Pad - Compact Inflatable Sleeping Mat for Ba","1","amazon.com","Standard Orders","Amazon","GRASS VALLEY","CALIFORNIA","95945","MarketplaceFacilitator","33.99","2.55","0","0","0","0","0","0","0","0","-2.55","-5.10","-5.68","0","0","23.21","Released","Jan 14, 2026 3:29:13 AM PST"
"Jan 5, 2026 5:34:10 AM PST","25392467641","Order","114-8726897-9155467","GDApolloAir01","Gear Doctors ApolloAir 5.2 R-Value [17oz] Ultralight Insulated Inflatable Camping Sleeping Pad - Backpacking Sleeping Pad - Camping Mattress Compact L","1","amazon.com","Standard Orders","Amazon","San Francisco","California","94123","MarketplaceFacilitator","76.50","6.60","0.58","0","0","0","0","0","-0.58","0","-6.60","-11.48","-5.68","0","0","59.34","Released","Jan 14, 2026 7:13:27 AM PST"
"Jan 5, 2026 5:41:41 AM PST","25392467641","Order","111-7555326-8431454","GDClassic01","Gear Doctors Oxylus 4.3R-Value Insulated Foam Self Inflating Sleeping Pad Camping-Sleeping Pad Backpacking Air Mattress-Camping Mattress Self Inflatin","1","amazon.com","Standard Orders","Amazon","LEBANON","MO","65536","MarketplaceFacilitator","37.49","2.15","1.43","0.08","0","0","0","0","0","0","-2.23","-5.62","-9.53","0","0","23.77","Released","Jan 15, 2026 4:55:59 AM PST"
"Jan 5, 2026 6:09:34 AM PST","25392467641","Order","111-6624732-4838611","Ether-01","Gear Doctors® Ether 17.5oz Ultralight Camping Sleeping Pad - Backpacking Air Mattress - Camping Mattress Pad - Compact Inflatable Sleeping Mat for Ba","3","amazon.com","Standard Orders","Amazon","MIAMI","FL","33195","","101.97","0","6.05","0","0","0","0","0","-6.05","0","0","-15.30","-17.04","0","0","69.63","Released","Jan 14, 2026 2:51:35 AM PST"
"Jan 5, 2026 8:13:58 AM PST","25392467641","Order","111-7455541-1969044","GDCampingPillowTeal","Gear Doctors 3.5oz Compact Ultralight Inflatable Camping Pillow - Inflatable Camp Pillow - Backpacking Pillows Ultralight- Camping Pillows for Sleepin","1","amazon.com","Standard Orders","Amazon","Henrico","Virginia","23231","MarketplaceFacilitator","14.99","0.90","0","0","0","0","0","0","0","0","-0.90","-2.25","-4.16","0","0","8.58","Released","Jan 15, 2026 7:13:32 AM PST"
"Jan 5, 2026 8:31:39 AM PST","25392467641","Order","112-0099064-8607416","Ether-01","Gear Doctors® Ether 17.5oz Ultralight Camping Sleeping Pad - Backpacking Air Mattress - Camping Mattress Pad - Compact Inflatable Sleeping Mat for Ba","1","amazon.com","Standard Orders","Amazon","San Jose","CA","95113","MarketplaceFacilitator","33.99","3.19","0","0","0","0","0","0","0","0","-3.19","-5.10","-5.68","0","0","23.21","Released","Jan 13, 2026 7:17:30 AM PST"
"Jan 5, 2026 8:49:28 AM PST","25392467641","Order","111-9247097-9433853","GDCampingPillowBlue","Gear Doctors 3.5oz Compact Ultralight Inflatable Camping Pillow - Inflatable Camp Pillow - Backpacking Pillows Ultralight- Camping Pillows for Sleepin","1","amazon.com","Standard Orders","Amazon","PORT SAINT LUCIE","FL","34986","MarketplaceFacilitator","14.99","1.05","0","0","0","0","0","0","0","0","-1.05","-2.25","-4.16","0","0","8.58","Released","Jan 13, 2026 6:26:58 PM PST"
"Jan 5, 2026 8:54:55 AM PST","25280479521","Refund","113-0389269-8199448","GDApolloAir-02","Gear Doctors ApolloAir 5.2 R-Value [25oz] Ultralight Insulated Inflatable Camping Sleeping Pad - Backpacking Sleeping Pad - Camping Mattress Compact L","1","amazon.com","Standard Orders","Amazon","MACCLENNY","FL","32063","MarketplaceFacilitator","-89.99","-6.30","0","0","0","0","0","0","0","0","6.30","10.80","0","0","0","-79.19","Released","Jan 5, 2026 8:54:55 AM PST"
"Jan 5, 2026 9:04:46 AM PST","25392467641","Order","113-2686106-7029849","GDCampingPillowOrange","Gear Doctors 3.5oz Compact Ultralight Inflatable Camping Pillow- Inflatable Camp Pillow- Backpacking Pillows Ultralight- Camping Pillows for Sleeping,","1","amazon.com","Standard Orders","Amazon","CHICAGO","IL","60605","MarketplaceFacilitator","14.99","1.54","0","0","0","0","0","0","0","0","-1.54","-2.25","-4.16","0","0","8.58","Released","Jan 14, 2026 1:11:05 AM PST"
"Jan 5, 2026 9:42:48 AM PST","25392467641","Order","112-7564993-1834654","GDClassic01","Gear Doctors Oxylus 4.3R-Value Insulated Foam Self Inflating Sleeping Pad Camping-Sleeping Pad Backpacking Air Mattress-Camping Mattress Self Inflatin","1","amazon.com","Standard Orders","Amazon","NORTHPORT","AL","35476","MarketplaceFacilitator","37.49","3.00","0","0","0","0","0","0","0","0","-6.00","-11.24","-8.10","0","0","15.15","Released","Jan 14, 2026 6:06:24 AM PST"
"Jan 5, 2026 9:42:48 AM PST","25392467641","Order","112-7564993-1834654","GDClassic01","Gear Doctors Oxylus 4.3R-Value Insulated Foam Self Inflating Sleeping Pad Camping-Sleeping Pad Backpacking Air Mattress-Camping Mattress Self Inflatin","1","amazon.com","Standard Orders","Amazon","NORTHPORT","AL","35476","","37.49","3.00","0","0","0","0","0","0","0","0","0","0","-8.10","0","0","32.39","Released","Jan 14, 2026 6:06:24 AM PST"
"Jan 5, 2026 9:44:26 AM PST","25392467641","Order","114-6981965-9993000","Ether-01","Gear Doctors® Ether 17.5oz Ultralight Camping Sleeping Pad - Backpacking Air Mattress - Camping Mattress Pad - Compact Inflatable Sleeping Mat for Ba","1","amazon.com","Standard Orders","Amazon","Tamarac","FL","33319","MarketplaceFacilitator","33.99","2.38","0","0","0","0","0","0","0","0","-2.38","-5.10","-5.68","0","0","23.21","Released","Jan 14, 2026 3:37:29 AM PST"
"Jan 5, 2026 10:25:18 AM PST","25392467641","Order","114-8850831-0030602","GDCampingPillowTeal","Gear Doctors 3.5oz Compact Ultralight Inflatable Camping Pillow - Inflatable Camp Pillow - Backpacking Pillows Ultralight- Camping Pillows for Sleepin","1","amazon.com","Standard Orders","Amazon","WOODBURY","MN","55125","MarketplaceFacilitator","14.99","1.33","0","0","0","0","0","0","0","0","-1.33","-2.25","-4.16","0","0","8.58","Released","Jan 13, 2026 11:43:32 PM PST"
"Jan 5, 2026 10:31:30 AM PST","25392467641","Order","113-2101998-8552224","Ether-01","Gear Doctors® Ether 17.5oz Ultralight Camping Sleeping Pad - Backpacking Air Mattress - Camping Mattress Pad - Compact Inflatable Sleeping Mat for Ba","1","amazon.com","Standard Orders","Amazon","MARIETTA","GA","30064","MarketplaceFacilitator","33.99","2.04","0","0","0","0","0","0","0","0","-2.04","-5.10","-5.68","0","0","23.21","Released","Jan 14, 2026 3:01:33 AM PST"
"Jan 5, 2026 10:34:43 AM PST","25392467641","Order","113-2681224-5584218","Ether-01","Gear Doctors® Ether 17.5oz Ultralight Camping Sleeping Pad - Backpacking Air Mattress - Camping Mattress Pad - Compact Inflatable Sleeping Mat for Ba","1","amazon.com","Standard Orders","Amazon","WICHITA","KS","67208","MarketplaceFacilitator","33.99","2.55","0","0","0","0","0","0","0","0","-2.55","-5.10","-5.68","0","0","23.21","Released","Jan 15, 2026 9:47:25 AM PST"
"Jan 5, 2026 10:35:47 AM PST","25392467641","Order","112-8949994-1850630","GDClassic01","Gear Doctors Oxylus 4.3R-Value Insulated Foam Self Inflating Sleeping Pad Camping-Sleeping Pad Backpacking Air Mattress-Camping Mattress Self Inflatin","1","amazon.com","Standard Orders","Amazon","HAMILTON","OH","45011","MarketplaceFacilitator","37.49","2.44","2.99","0","0","0","0","0","-2.99","0","-2.44","-5.62","-8.10","0","0","23.77","Released","Jan 13, 2026 12:51:21 AM PST"
"Jan 5, 2026 10:38:20 AM PST","25392467641","Order","112-0145849-1476232","Ether-01","Gear Doctors® Ether 17.5oz Ultralight Camping Sleeping Pad - Backpacking Air Mattress - Camping Mattress Pad - Compact Inflatable Sleeping Mat for Ba","1","amazon.com","Standard Orders","Amazon","SOUTHLAKE","TX","76092","MarketplaceFacilitator","33.99","2.80","0","0","0","0","0","0","0","0","-2.80","-5.10","-5.68","0","0","23.21","Released","Jan 15, 2026 7:15:46 AM PST"
"Jan 5, 2026 10:47:11 AM PST","25280479521","Refund","111-6703652-7134610","GDClassic01","Gear Doctors Self Inflating Camping Sleeping Pad for Camping 4.3 R Insulated Camping mats-1.5 in Must Haves Inflatable Foam air Sleep mat Self Inflati","1","amazon.com","Standard Orders","Amazon","MARYVILLE","TN","37804","MarketplaceFacilitator","-37.49","-3.66","0","0","0","0","0","0","0","0","3.66","4.50","0","0","0","-32.99","Released","Jan 5, 2026 10:47:11 AM PST"
"Jan 5, 2026 11:00:59 AM PST","25392467641","Order","112-0893980-7185837","Ether-01","Gear Doctors® Ether 17.5oz Ultralight Camping Sleeping Pad - Backpacking Air Mattress - Camping Mattress Pad - Compact Inflatable Sleeping Mat for Ba","1","amazon.com","Standard Orders","Amazon","LOS ANGELES","CA","90026","MarketplaceFacilitator","33.99","3.31","0","0","0","0","0","0","0","0","-3.31","-5.10","-5.68","0","0","23.21","Released","Jan 14, 2026 5:32:30 AM PST"
"Jan 5, 2026 11:17:14 AM PST","25392467641","Order","111-7614371-3608252","GDCampingPillowBlue","Gear Doctors 3.5oz Compact Ultralight Inflatable Camping Pillow - Inflatable Camp Pillow - Backpacking Pillows Ultralight- Camping Pillows for Sleepin","1","amazon.com","Standard Orders","Amazon","ARVADA","CO","80003","MarketplaceFacilitator","14.99","1.35","0","0","0","0","0","0","0","0","-1.35","-2.25","-4.16","0","0","8.58","Released","Jan 15, 2026 3:31:24 AM PST"
"Jan 5, 2026 11:20:48 AM PST","25495925401","Order","113-8116050-4801845","Ether-01","Gear Doctors® Ether 17.5oz Ultralight Camping Sleeping Pad - Backpacking Air Mattress - Camping Mattress Pad - Compact Inflatable Sleeping Mat for Ba","1","amazon.com","Standard Orders","Amazon","Rialto","CA","92376","MarketplaceFacilitator","33.99","0","0","0","0","0","0","0","0","0","0","-5.10","-5.68","0","0","23.21","Released","Jan 27, 2026 3:45:18 AM PST"
"Jan 5, 2026 11:22:53 AM PST","25392467641","Order","111-0225970-5963408","Ether-01","Gear Doctors® Ether 17.5oz Ultralight Camping Sleeping Pad - Backpacking Air Mattress - Camping Mattress Pad - Compact Inflatable Sleeping Mat for Ba","1","amazon.com","Standard Orders","Amazon","ELGIN","OK","73538","MarketplaceFacilitator","33.99","1.66","0","0","0","0","0","0","0","0","-1.66","-5.10","-5.68","0","0","23.21","Released","Jan 15, 2026 3:50:01 AM PST"
"Jan 5, 2026 11:51:18 AM PST","25392467641","Order","112-5977978-0237853","GDCampingPillowBlue","Gear Doctors 3.5oz Compact Ultralight Inflatable Camping Pillow - Inflatable Camp Pillow - Backpacking Pillows Ultralight- Camping Pillows for Sleepin","1","amazon.com","Standard Orders","Amazon","LINCOLN","CA","95648","MarketplaceFacilitator","14.99","1.09","0","0","0","0","0","0","0","0","-1.09","-2.25","-4.16","0","0","8.58","Released","Jan 13, 2026 10:45:09 PM PST"
"Jan 5, 2026 12:01:26 PM PST","25392467641","Order","113-2523169-0908245","Ether-01","Gear Doctors® Ether 17.5oz Ultralight Camping Sleeping Pad - Backpacking Air Mattress - Camping Mattress Pad - Compact Inflatable Sleeping Mat for Ba","1","amazon.com","Standard Orders","Amazon","AMITY","PA","15311","MarketplaceFacilitator","33.99","2.04","6.22","0","0","0","0","0","-6.22","0","-2.04","-5.10","-5.68","0","0","23.21","Released","Jan 13, 2026 10:21:37 PM PST"
"Jan 5, 2026 12:08:04 PM PST","25392467641","Order","114-6226742-9359405","Ether-01","Gear Doctors® Ether 17.5oz Ultralight Camping Sleeping Pad - Backpacking Air Mattress - Camping Mattress Pad - Compact Inflatable Sleeping Mat for Ba","3","amazon.com","Standard Orders","Amazon","NORTHBRIDGE","MA","01534","MarketplaceFacilitator","101.97","6.36","0","0","0","0","0","0","0","0","-6.36","-15.30","-17.04","0","0","69.63","Released","Jan 14, 2026 6:10:21 AM PST"
"Jan 5, 2026 12:15:27 PM PST","25392467641","Order","111-0665343-5915458","Ether-01","Gear Doctors® Ether 17.5oz Ultralight Camping Sleeping Pad - Backpacking Air Mattress - Camping Mattress Pad - Compact Inflatable Sleeping Mat for Ba","1","amazon.com","Standard Orders","Amazon","Los Altos","CA","94024","MarketplaceFacilitator","33.99","3.10","0.99","0","0","0","0","0","-0.99","0","-3.10","-5.10","-5.68","0","0","23.21","Released","Jan 13, 2026 1:52:33 AM PST"
"Jan 5, 2026 12:35:12 PM PST","25392467641","Order","113-0260130-6821863","Ether-01","Gear Doctors® Ether 17.5oz Ultralight Camping Sleeping Pad - Backpacking Air Mattress - Camping Mattress Pad - Compact Inflatable Sleeping Mat for Ba","1","amazon.com","Standard Orders","Amazon","TRABUCO CANYON","CA","92679","MarketplaceFacilitator","33.99","2.63","0","0","0","0","0","0","0","0","-2.63","-5.10","-5.68","0","0","23.21","Released","Jan 14, 2026 1:04:45 AM PST"
"Jan 5, 2026 12:44:29 PM PST","25392467641","Order","111-9812448-5520208","GDApolloAir-02","Gear Doctors ApolloAir 5.2 R-Value [25oz] Ultralight Insulated Inflatable Camping Sleeping Pad - Backpacking Sleeping Pad - Camping Mattress Compact L","1","amazon.com","Standard Orders","Amazon","SAN TAN VALLEY","AZ","85140","MarketplaceFacilitator","89.99","6.03","0","0","0","0","0","0","0","0","-6.03","-13.50","-6.10","0","0","70.39","Released","Jan 14, 2026 6:36:51 AM PST"
"Jan 5, 2026 12:50:12 PM PST","25392467641","Order","113-0841525-6289833","GDCampingPillowBlue","Gear Doctors 3.5oz Compact Ultralight Inflatable Camping Pillow - Inflatable Camp Pillow - Backpacking Pillows Ultralight- Camping Pillows for Sleepin","1","amazon.com","Standard Orders","Amazon","BENICIA,","CA","94510","MarketplaceFacilitator","14.99","1.44","0.60","0.06","0","0","0","0","0","0","-1.50","-2.25","-4.76","0","0","8.58","Released","Jan 16, 2026 12:27:24 AM PST"
"Jan 5, 2026 12:55:06 PM PST","25280479521","Service Fee","","","Cost of Advertising","","","Standard Orders","","","","","","0","0","0","0","0","0","0","0","0","0","0","0","0","-500.58","0","-500.58","Released","Jan 5, 2026 12:55:06 PM PST"
"Jan 5, 2026 12:57:22 PM PST","25392467641","Order","112-1579457-0226661","GDCampingPillowOrange","Gear Doctors 3.5oz Compact Ultralight Inflatable Camping Pillow- Inflatable Camp Pillow- Backpacking Pillows Ultralight- Camping Pillows for Sleeping,","1","amazon.com","Standard Orders","Amazon","COLORADO SPRINGS","CO","80920","MarketplaceFacilitator","14.99","1.23","0","0","0","0","0","0","0","0","-1.23","-2.25","-4.16","0","0","8.58","Released","Jan 15, 2026 1:53:29 AM PST"
"Jan 5, 2026 1:14:14 PM PST","25392467641","Order","113-7890950-8545839","GDApolloAir01","Gear Doctors ApolloAir 5.2 R-Value [17oz] Ultralight Insulated Inflatable Camping Sleeping Pad - Backpacking Sleeping Pad - Camping Mattress Compact L","1","amazon.com","Standard Orders","Amazon","MADISON","WI","53703","MarketplaceFacilitator","76.50","4.21","0","0","0","0","0","0","0","0","-4.21","-11.48","-5.68","0","0","59.34","Released","Jan 13, 2026 5:46:38 PM PST"
"Jan 5, 2026 1:16:19 PM PST","25392467641","Order","114-1597688-1830665","GDCampingPillowTeal","Gear Doctors 3.5oz Compact Ultralight Inflatable Camping Pillow - Inflatable Camp Pillow - Backpacking Pillows Ultralight- Camping Pillows for Sleepin","1","amazon.com","Standard Orders","Amazon","EAST PROVIDENCE","RI","02914","MarketplaceFacilitator","14.99","1.05","0","0","0","0","0","0","0","0","-1.05","-2.25","-4.16","0","0","8.58","Released","Jan 14, 2026 2:54:15 AM PST"
"Jan 5, 2026 1:31:30 PM PST","25392467641","Order","112-7194046-6571424","Ether-01","Gear Doctors® Ether 17.5oz Ultralight Camping Sleeping Pad - Backpacking Air Mattress - Camping Mattress Pad - Compact Inflatable Sleeping Mat for Ba","2","amazon.com","Standard Orders","Amazon","APEX","NC","27502","MarketplaceFacilitator","67.98","4.92","0","0","0","0","0","0","0","0","-4.92","-10.20","-11.36","0","0","46.42","Released","Jan 14, 2026 3:37:46 AM PST"
"Jan 5, 2026 1:36:09 PM PST","25280479521","Order","113-3597125-5733868","GDClassic01","Gear Doctors Oxylus 4.3R-Value Insulated Foam Self Inflating Sleeping Pad Camping—Sleeping Pad Backpacking Air Mattress—Camping Mattress Self Inflating Camp Mat 4 Seasons Sleep Mat—Camp/Floor/Tent/Cot","8","Amazon.com","Standard Orders","Amazon","Opa-Locka","FL","33054","","299.92","0","0","0","0","0","0","0","0","0","0","-44.96","-60.48","0","0","194.48","Released","Jan 5, 2026 1:36:09 PM PST"
"Jan 5, 2026 1:37:36 PM PST","25392467641","Order","113-9737451-4153046","GDCampingPillowBlue","Gear Doctors 3.5oz Compact Ultralight Inflatable Camping Pillow - Inflatable Camp Pillow - Backpacking Pillows Ultralight- Camping Pillows for Sleepin","1","amazon.com","Standard Orders","Amazon","CAMBRIDGE","MA","02139","MarketplaceFacilitator","14.99","0.94","0","0","0","0","0","0","0","0","-0.94","-2.25","-4.16","0","0","8.58","Released","Jan 14, 2026 5:14:21 AM PST"
"Jan 5, 2026 1:38:05 PM PST","25280479521","Refund","111-4354080-6945840","GDClassic01","Gear Doctors Oxylus 4.3R-Value Insulated Foam Self Inflating Sleeping Pad Camping-Sleeping Pad Backpacking Air Mattress-Camping Mattress Self Inflatin","1","amazon.com","Standard Orders","Amazon","Los Angeles","California","90056","MarketplaceFacilitator","-37.49","-3.66","0","0","0","0","0","0","0","0","3.66","4.50","0","0","0","-32.99","Released","Jan 5, 2026 1:38:05 PM PST"
"Jan 5, 2026 1:49:43 PM PST","25280479521","Refund","113-4758435-4125830","Ether-01","Gear Doctors® Ether 17.5oz Ultralight Camping Sleeping Pad - Backpacking Air Mattress - Camping Mattress Pad - Compact Inflatable Sleeping Mat for Ba","1","amazon.com","Standard Orders","Amazon","COLUMBUS","IN","47203","MarketplaceFacilitator","-25.49","-1.78","0","0","0","0","0","0","0","0","1.78","3.06","0","0","0","-22.43","Released","Jan 5, 2026 1:49:43 PM PST"
"Jan 5, 2026 2:14:33 PM PST","25392467641","Order","113-0124290-6495423","GDClassic01","Gear Doctors Oxylus 4.3R-Value Insulated Foam Self Inflating Sleeping Pad Camping-Sleeping Pad Backpacking Air Mattress-Camping Mattress Self Inflatin","1","amazon.com","Standard Orders","Amazon","SEFFNER","FL","33584","MarketplaceFacilitator","37.49","2.53","0","0","0","0","0","0","-3.75","0","-2.53","-5.06","-8.10","0","0","20.58","Released","Jan 14, 2026 1:21:41 AM PST"
"Jan 5, 2026 2:17:19 PM PST","25392467641","Order","111-1291766-1472244","GDCampingPillowOrange","Gear Doctors 3.5oz Compact Ultralight Inflatable Camping Pillow- Inflatable Camp Pillow- Backpacking Pillows Ultralight- Camping Pillows for Sleeping,","1","amazon.com","Standard Orders","Amazon","LINCOLN","MA","01773","MarketplaceFacilitator","14.99","0.94","0","0","0","0","0","0","0","0","-0.94","-2.25","-4.16","0","0","8.58","Released","Jan 14, 2026 4:25:56 AM PST"
"Jan 5, 2026 2:40:43 PM PST","25392467641","Order","111-3717095-5385013","Ether-01","Gear Doctors® Ether 17.5oz Ultralight Camping Sleeping Pad - Backpacking Air Mattress - Camping Mattress Pad - Compact Inflatable Sleeping Mat for Ba","2","amazon.com","Standard Orders","Amazon","DEBARY","FL","32713","MarketplaceFacilitator","67.98","4.42","0","0","0","0","0","0","0","0","-4.42","-10.20","-11.36","0","0","46.42","Released","Jan 14, 2026 6:55:04 AM PST"
"Jan 5, 2026 2:46:52 PM PST","25392467641","Order","114-8500147-8569862","GDCampingPillowOrange","Gear Doctors 3.5oz Compact Ultralight Inflatable Camping Pillow- Inflatable Camp Pillow- Backpacking Pillows Ultralight- Camping Pillows for Sleeping,","1","amazon.com","Standard Orders","Amazon","JERSEY CITY","NJ","07305","MarketplaceFacilitator","14.99","0.99","0","0","0","0","0","0","0","0","-0.99","-2.25","-4.16","0","0","8.58","Released","Jan 14, 2026 11:12:05 PM PST"
"Jan 5, 2026 2:51:40 PM PST","25392467641","Order","114-6914818-7569815","GDCampingPillowOrange","Gear Doctors 3.5oz Compact Ultralight Inflatable Camping Pillow- Inflatable Camp Pillow- Backpacking Pillows Ultralight- Camping Pillows for Sleeping,","1","amazon.com","Standard Orders","Amazon","SURPRISE","AZ","85379","MarketplaceFacilitator","14.99","1.36","0","0","0","0","0","0","0","0","-1.36","-2.25","-4.16","0","0","8.58","Released","Jan 14, 2026 6:11:41 AM PST"
"Jan 5, 2026 3:15:56 PM PST","25392467641","Order","113-9737451-4153046","GDCampingPillowTeal","Gear Doctors 3.5oz Compact Ultralight Inflatable Camping Pillow - Inflatable Camp Pillow - Backpacking Pillows Ultralight- Camping Pillows for Sleepin","1","amazon.com","Standard Orders","Amazon","CAMBRIDGE","MA","02139","MarketplaceFacilitator","14.99","0.94","0","0","0","0","0","0","0","0","-0.94","-2.25","-4.16","0","0","8.58","Released","Jan 15, 2026 2:35:41 AM PST"
"Jan 5, 2026 3:42:42 PM PST","25392467641","Order","113-0756602-3360269","GDCampingPillowBlue","Gear Doctors 3.5oz Compact Ultralight Inflatable Camping Pillow - Inflatable Camp Pillow - Backpacking Pillows Ultralight- Camping Pillows for Sleepin","1","amazon.com","Standard Orders","Amazon","JACKSONVILLE","IL","62650","MarketplaceFacilitator","14.99","1.20","0","0","0","0","0","0","0","0","-1.20","-2.25","-4.16","0","0","8.58","Released","Jan 16, 2026 7:40:27 AM PST"
"Jan 5, 2026 3:42:42 PM PST","25392467641","Order","113-0756602-3360269","GDCampingPillowOrange","Gear Doctors 3.5oz Compact Ultralight Inflatable Camping Pillow- Inflatable Camp Pillow- Backpacking Pillows Ultralight- Camping Pillows for Sleeping,","1","amazon.com","Standard Orders","Amazon","JACKSONVILLE","IL","62650","MarketplaceFacilitator","14.99","1.20","0","0","0","0","0","0","0","0","-1.20","-2.25","-4.16","0","0","8.58","Released","Jan 16, 2026 7:40:27 AM PST"
"Jan 5, 2026 5:37:20 PM PST","25392467641","Refund","111-4524920-8390661","GDCampingPillowBlue","Gear Doctors 3.5oz Compact Ultralight Inflatable Camping Pillow - Inflatable Camp Pillow - Backpacking Pillows Ultralight- Camping Pillows for Sleepin","1","amazon.com","Standard Orders","Amazon","ROSEMEAD","CA","91770","MarketplaceFacilitator","-14.99","-1.46","0","0","0","0","0","0","0","0","1.46","1.80","0","0","0","-13.19","Released","Jan 10, 2026 8:38:40 PM PST"
"Jan 5, 2026 6:24:52 PM PST","25280479521","Adjustment","112-3840655-4577861","GDCampingPillowOrange","FBA Inventory Reimbursement - Customer Service Issue","1","","Standard Orders","","","","","","0","0","0","0","0","0","0","0","0","0","0","0","0","0","8.58","8.58","Released","Jan 5, 2026 6:24:52 PM PST"
"Jan 5, 2026 6:24:54 PM PST","25392467641","Order","113-5376161-1970614","Ether-01","Gear Doctors® Ether 17.5oz Ultralight Camping Sleeping Pad - Backpacking Air Mattress - Camping Mattress Pad - Compact Inflatable Sleeping Mat for Ba","1","amazon.com","Standard Orders","Amazon","PENSACOLA","FL","32526","MarketplaceFacilitator","33.99","2.55","0","0","0","0","0","0","0","0","-2.55","-5.10","-5.68","0","0","23.21","Released","Jan 14, 2026 4:17:18 AM PST"
"Jan 5, 2026 6:46:10 PM PST","25280479521","Adjustment","113-3156456-7579406","GDClassic01","FBA Inventory Reimbursement - Customer Return","1","","Standard Orders","","","","","","0","0","0","0","0","0","0","0","0","0","0","0","0","0","23.77","23.77","Released","Jan 5, 2026 6:46:10 PM PST"
"Jan 5, 2026 6:53:25 PM PST","25392467641","Order","112-2525337-4769814","GDClassic01","Gear Doctors Oxylus 4.3R-Value Insulated Foam Self Inflating Sleeping Pad Camping-Sleeping Pad Backpacking Air Mattress-Camping Mattress Self Inflatin","1","amazon.com","Standard Orders","Amazon","ORTONVILLE","MI","48462","MarketplaceFacilitator","37.49","2.25","0","0","0","0","0","0","0","0","-2.25","-5.62","-8.10","0","0","23.77","Released","Jan 14, 2026 2:35:19 AM PST"
"Jan 5, 2026 7:13:58 PM PST","25392467641","Order","113-7947797-2278656","GDCampingPillowBlue","Gear Doctors 3.5oz Compact Ultralight Inflatable Camping Pillow - Inflatable Camp Pillow - Backpacking Pillows Ultralight- Camping Pillows for Sleepin","1","amazon.com","Standard Orders","Amazon","JOHNS ISLAND","SC","29455","MarketplaceFacilitator","14.99","1.35","0","0","0","0","0","0","0","0","-1.35","-2.25","-4.16","0","0","8.58","Released","Jan 15, 2026 6:41:53 AM PST"
"Jan 5, 2026 7:14:07 PM PST","25280479521","Adjustment","112-3840655-4577861","GDCampingPillowOrange","FBA Inventory Reimbursement - Customer Service Issue","1","","Standard Orders","","","","","","0","0","0","0","0","0","0","0","0","0","0","0","0","0","8.58","8.58","Released","Jan 5, 2026 7:14:07 PM PST"
"Jan 5, 2026 7:15:17 PM PST","25392467641","Order","111-6505236-4761003","GDApolloAir-02","Gear Doctors ApolloAir 5.2 R-Value [25oz] Ultralight Insulated Inflatable Camping Sleeping Pad - Backpacking Sleeping Pad - Camping Mattress Compact L","1","amazon.com","Standard Orders","Amazon","LAKEWOOD","CO","80227","MarketplaceFacilitator","89.99","6.75","1.49","0","0","0","0","0","-1.49","0","-6.75","-13.50","-6.10","0","0","70.39","Released","Jan 13, 2026 3:44:07 AM PST"
"Jan 5, 2026 7:18:52 PM PST","25392467641","Order","113-1253036-7849811","Ether-01","Gear Doctors® Ether 17.5oz Ultralight Camping Sleeping Pad - Backpacking Air Mattress - Camping Mattress Pad - Compact Inflatable Sleeping Mat for Ba","1","amazon.com","Standard Orders","Amazon","Chicago","IL","60661","MarketplaceFacilitator","33.99","3.48","0","0","0","0","0","0","0","0","-3.48","-5.10","-5.68","0","0","23.21","Released","Jan 16, 2026 12:41:02 PM PST"
"Jan 5, 2026 7:29:20 PM PST","25280479521","Adjustment","112-3840655-4577861","GDCampingPillowOrange","FBA Inventory Reimbursement - Customer Service Issue","1","","Standard Orders","","","","","","0","0","0","0","0","0","0","0","0","0","0","0","0","0","8.58","8.58","Released","Jan 5, 2026 7:29:20 PM PST"
"Jan 5, 2026 7:34:03 PM PST","25280479521","Adjustment","","Ether-01","FBA Inventory Reimbursement - General Adjustment","1","","Standard Orders","","","","","","0","0","0","0","0","0","0","0","0","0","0","0","0","0","-19.81","-19.81","Released","Jan 5, 2026 7:34:03 PM PST"
"Jan 5, 2026 7:40:31 PM PST","25392467641","Order","111-9313446-0493861","Ether-01","Gear Doctors® Ether 17.5oz Ultralight Camping Sleeping Pad - Backpacking Air Mattress - Camping Mattress Pad - Compact Inflatable Sleeping Mat for Ba","1","amazon.com","Standard Orders","Amazon","FRASER","MI","48026","MarketplaceFacilitator","33.99","2.04","0","0","0","0","0","0","0","0","-2.04","-5.10","-5.68","0","0","23.21","Released","Jan 15, 2026 5:24:02 AM PST"
"Jan 5, 2026 7:42:49 PM PST","25392467641","Order","112-6174922-6985840","GDClassic01","Gear Doctors Oxylus 4.3R-Value Insulated Foam Self Inflating Sleeping Pad Camping-Sleeping Pad Backpacking Air Mattress-Camping Mattress Self Inflatin","1","amazon.com","Standard Orders","Amazon","SANTA MONICA","CA","90405","MarketplaceFacilitator","37.49","4.03","1.49","0","0","0","0","0","-1.49","0","-4.03","-5.62","-8.10","0","0","23.77","Released","Jan 13, 2026 5:15:27 AM PST"
"Jan 5, 2026 7:44:53 PM PST","25392467641","Order","114-4732170-2489855","Ether-01","Gear Doctors® Ether 17.5oz Ultralight Camping Sleeping Pad - Backpacking Air Mattress - Camping Mattress Pad - Compact Inflatable Sleeping Mat for Ba","1","amazon.com","Standard Orders","Amazon","RIVERSIDE","RI","02915","MarketplaceFacilitator","33.99","2.38","0","0","0","0","0","0","0","0","-2.38","-5.10","-5.68","0","0","23.21","Released","Jan 14, 2026 5:33:19 AM PST"
"Jan 5, 2026 7:51:10 PM PST","25392467641","Order","114-4195910-9572223","Ether-01","Gear Doctors® Ether 17.5oz Ultralight Camping Sleeping Pad - Backpacking Air Mattress - Camping Mattress Pad - Compact Inflatable Sleeping Mat for Ba","1","amazon.com","Standard Orders","Amazon","LOTHIAN","MD","20711","MarketplaceFacilitator","33.99","2.04","1.00","0","0","0","0","0","-1.00","0","-2.04","-5.10","-5.68","0","0","23.21","Released","Jan 13, 2026 1:19:04 AM PST"
"Jan 5, 2026 7:56:04 PM PST","25392467641","Order","111-2187037-3183437","GDCampingPillowOrange","Gear Doctors 3.5oz Compact Ultralight Inflatable Camping Pillow- Inflatable Camp Pillow- Backpacking Pillows Ultralight- Camping Pillows for Sleeping,","1","amazon.com","Standard Orders","Amazon","MUNFORD","TN","38058","MarketplaceFacilitator","14.99","1.39","0","0","0","0","0","0","0","0","-1.39","-2.25","-4.16","0","0","8.58","Released","Jan 15, 2026 6:05:45 PM PST"
"Jan 5, 2026 7:56:51 PM PST","25392467641","Order","114-5974568-9401859","GDCampingPillowOrange","Gear Doctors 3.5oz Compact Ultralight Inflatable Camping Pillow- Inflatable Camp Pillow- Backpacking Pillows Ultralight- Camping Pillows for Sleeping,","1","amazon.com","Standard Orders","Amazon","NORTH FALMOUTH","MA","02556","MarketplaceFacilitator","14.99","0.94","0","0","0","0","0","0","0","0","-0.94","-2.25","-4.16","0","0","8.58","Released","Jan 15, 2026 5:18:23 AM PST"
"Jan 5, 2026 8:10:44 PM PST","25392467641","Order","114-9888049-0496254","GDApolloAir-02","Gear Doctors ApolloAir 5.2 R-Value [25oz] Ultralight Insulated Inflatable Camping Sleeping Pad - Backpacking Sleeping Pad - Camping Mattress Compact L","1","amazon.com","Standard Orders","Amazon","TEQUESTA","FL","33469","MarketplaceFacilitator","89.99","5.26","0","0","0","0","0","0","-9.00","0","-5.26","-12.15","-6.10","0","0","62.74","Released","Jan 14, 2026 5:05:01 AM PST"
"Jan 5, 2026 8:19:59 PM PST","25392467641","Order","114-5876003-3425050","GDCampingPillowOrange","Gear Doctors 3.5oz Compact Ultralight Inflatable Camping Pillow- Inflatable Camp Pillow- Backpacking Pillows Ultralight- Camping Pillows for Sleeping,","1","amazon.com","Standard Orders","Amazon","CIRCLEVILLE","OH","43113","MarketplaceFacilitator","14.99","1.09","0","0","0","0","0","0","0","0","-1.09","-2.25","-4.16","0","0","8.58","Released","Jan 14, 2026 5:10:27 AM PST"
"Jan 5, 2026 8:49:45 PM PST","25392467641","Order","113-9492614-1577039","GDClassic01","Gear Doctors Oxylus 4.3R-Value Insulated Foam Self Inflating Sleeping Pad Camping-Sleeping Pad Backpacking Air Mattress-Camping Mattress Self Inflatin","1","amazon.com","Standard Orders","Amazon","HOUGHTON LAKE","MI","48629","MarketplaceFacilitator","37.49","2.25","0","0","0","0","0","0","0","0","-2.25","-5.62","-8.10","0","0","23.77","Released","Jan 13, 2026 11:08:11 PM PST"
"Jan 5, 2026 9:15:02 PM PST","25392467641","Order","114-9850240-1021856","GDClassic01","Gear Doctors Oxylus 4.3R-Value Insulated Foam Self Inflating Sleeping Pad Camping-Sleeping Pad Backpacking Air Mattress-Camping Mattress Self Inflatin","2","amazon.com","Standard Orders","Amazon","LINN","MO","65051","MarketplaceFacilitator","74.98","5.22","4.01","0","0","0","0","0","-4.01","0","-5.22","-11.24","-16.20","0","0","47.54","Released","Jan 16, 2026 6:31:39 AM PST"
"Jan 5, 2026 9:33:03 PM PST","25392467641","Order","113-2384460-8153061","GDCampingPillowBlue","Gear Doctors 3.5oz Compact Ultralight Inflatable Camping Pillow - Inflatable Camp Pillow - Backpacking Pillows Ultralight- Camping Pillows for Sleepin","1","amazon.com","Standard Orders","Amazon","Cerritos","CA","90701","MarketplaceFacilitator","14.99","1.50","0","0","0","0","0","0","-0.75","0","-1.50","-2.14","-4.16","0","0","7.94","Released","Jan 16, 2026 5:01:36 AM PST"
"Jan 5, 2026 9:56:18 PM PST","25392467641","Order","114-1943988-4201009","GDCampingPillowBlue","Gear Doctors 3.5oz Compact Ultralight Inflatable Camping Pillow - Inflatable Camp Pillow - Backpacking Pillows Ultralight- Camping Pillows for Sleepin","1","amazon.com","Standard Orders","Amazon","PHOENIX","AZ","85083","MarketplaceFacilitator","14.99","1.36","0","0","0","0","0","0","0","0","-1.36","-2.25","-4.16","0","0","8.58","Released","Jan 15, 2026 2:27:33 AM PST"
"Jan 5, 2026 10:01:13 PM PST","25280479521","Adjustment","112-3840655-4577861","GDCampingPillowOrange","FBA Inventory Reimbursement - Customer Service Issue","1","","Standard Orders","","","","","","0","0","0","0","0","0","0","0","0","0","0","0","0","0","8.58","8.58","Released","Jan 5, 2026 10:01:13 PM PST"
"Jan 5, 2026 10:02:05 PM PST","25392467641","Order","111-7506806-7113846","Ether-01","Gear Doctors® Ether 17.5oz Ultralight Camping Sleeping Pad - Backpacking Air Mattress - Camping Mattress Pad - Compact Inflatable Sleeping Mat for Ba","1","amazon.com","Standard Orders","Amazon","DELANO","CA","93215","MarketplaceFacilitator","33.99","2.80","2.99","0","0","0","0","0","-2.99","0","-2.80","-5.10","-5.68","0","0","23.21","Released","Jan 13, 2026 5:26:49 AM PST"
"Jan 5, 2026 10:11:31 PM PST","25392467641","Order","112-0090430-8138652","Ether-01","Gear Doctors® Ether 17.5oz Ultralight Camping Sleeping Pad - Backpacking Air Mattress - Camping Mattress Pad - Compact Inflatable Sleeping Mat for Ba","1","amazon.com","Standard Orders","Amazon","KERSHAW","SC","29067","MarketplaceFacilitator","33.99","2.72","0","0","0","0","0","0","0","0","-2.72","-5.10","-5.68","0","0","23.21","Released","Jan 15, 2026 2:34:41 AM PST"
"Jan 5, 2026 10:16:02 PM PST","25392467641","Order","113-2429787-9771404","Ether-01","Gear Doctors® Ether 17.5oz Ultralight Camping Sleeping Pad - Backpacking Air Mattress - Camping Mattress Pad - Compact Inflatable Sleeping Mat for Ba","1","amazon.com","Standard Orders","Amazon","TELLICO PLAINS","TN","37385","MarketplaceFacilitator","33.99","3.14","3.16","0","0","0","0","0","-3.16","0","-3.14","-5.10","-5.68","0","0","23.21","Released","Jan 16, 2026 10:22:02 PM PST"
"Jan 5, 2026 10:44:40 PM PST","25392467641","Order","114-1658325-9885059","Ether-01","Gear Doctors® Ether 17.5oz Ultralight Camping Sleeping Pad - Backpacking Air Mattress - Camping Mattress Pad - Compact Inflatable Sleeping Mat for Ba","1","amazon.com","Standard Orders","Amazon","MOUNT EPHRAIM","NJ","08059","MarketplaceFacilitator","33.99","2.25","0","0","0","0","0","0","0","0","-2.25","-5.10","-5.68","0","0","23.21","Released","Jan 14, 2026 1:24:43 AM PST"
"Jan 5, 2026 11:06:26 PM PST","25392467641","Order","112-4740085-0945028","Ether-01","Gear Doctors® Ether 17.5oz Ultralight Camping Sleeping Pad - Backpacking Air Mattress - Camping Mattress Pad - Compact Inflatable Sleeping Mat for Ba","1","amazon.com","Standard Orders","Amazon","TRAVELERS REST","SC","29690","MarketplaceFacilitator","33.99","1.84","0","0","0","0","0","0","-3.40","0","-1.84","-4.59","-5.68","0","0","20.32","Released","Jan 14, 2026 7:07:33 AM PST"
"Jan 5, 2026 11:49:44 PM PST","25392467641","Order","114-4358251-6409025","GDApolloAir01","Gear Doctors ApolloAir 5.2 R-Value [17oz] Ultralight Insulated Inflatable Camping Sleeping Pad - Backpacking Sleeping Pad - Camping Mattress Compact L","1","amazon.com","Standard Orders","Amazon","MADISON","MS","39110","MarketplaceFacilitator","76.50","5.36","0","0","0","0","0","0","0","0","-5.36","-11.48","-5.68","0","0","59.34","Released","Jan 15, 2026 1:43:27 AM PST"
"Jan 6, 2026 12:11:43 AM PST","25392467641","Order","114-4704153-1289827","GDCampingPillowOrange","Gear Doctors 3.5oz Compact Ultralight Inflatable Camping Pillow- Inflatable Camp Pillow- Backpacking Pillows Ultralight- Camping Pillows for Sleeping,","1","amazon.com","Standard Orders","Amazon","SOMERSET","NJ","08873","MarketplaceFacilitator","14.99","0.99","0","0","0","0","0","0","0","0","-0.99","-2.25","-4.16","0","0","8.58","Released","Jan 15, 2026 1:16:16 AM PST"
"Jan 6, 2026 12:27:11 AM PST","25392467641","Order","111-7740075-5648224","Ether-01","Gear Doctors® Ether 17.5oz Ultralight Camping Sleeping Pad - Backpacking Air Mattress - Camping Mattress Pad - Compact Inflatable Sleeping Mat for Ba","1","amazon.com","Standard Orders","Amazon","CHARDON","OH","44024","MarketplaceFacilitator","33.99","2.29","0","0","0","0","0","0","0","0","-2.29","-5.10","-5.68","0","0","23.21","Released","Jan 14, 2026 10:27:44 PM PST"
"Jan 6, 2026 12:30:21 AM PST","25392467641","Order","113-4838438-4046651","GDClassic01","Gear Doctors Oxylus 4.3R-Value Insulated Foam Self Inflating Sleeping Pad Camping-Sleeping Pad Backpacking Air Mattress-Camping Mattress Self Inflatin","1","amazon.com","Standard Orders","Amazon","NORTH PORT","FL","34289","MarketplaceFacilitator","37.49","2.62","0","0","0","0","0","0","0","0","-2.62","-5.62","-8.10","0","0","23.77","Released","Jan 14, 2026 5:40:11 AM PST"
"Jan 6, 2026 12:47:32 AM PST","25392467641","Order","111-1110171-7581002","GDClassic01","Gear Doctors Oxylus 4.3R-Value Insulated Foam Self Inflating Sleeping Pad Camping-Sleeping Pad Backpacking Air Mattress-Camping Mattress Self Inflatin","1","amazon.com","Standard Orders","Amazon","SAINT AUGUSTINE","FL","32092","MarketplaceFacilitator","37.49","2.44","0","0","0","0","0","0","0","0","-2.44","-5.62","-8.10","0","0","23.77","Released","Jan 14, 2026 3:19:45 AM PST"
"Jan 6, 2026 12:48:23 AM PST","25392467641","Order","114-5974568-9401859","GDCampingPillowBlue","Gear Doctors 3.5oz Compact Ultralight Inflatable Camping Pillow - Inflatable Camp Pillow - Backpacking Pillows Ultralight- Camping Pillows for Sleepin","1","amazon.com","Standard Orders","Amazon","NORTH FALMOUTH","MA","02556","MarketplaceFacilitator","14.99","0.94","0","0","0","0","0","0","0","0","-0.94","-2.25","-4.16","0","0","8.58","Released","Jan 15, 2026 12:17:08 AM PST"
"Jan 6, 2026 12:50:24 AM PST","25392467641","Order","113-5953037-3121036","GDCampingPillowOrange","Gear Doctors 3.5oz Compact Ultralight Inflatable Camping Pillow- Inflatable Camp Pillow- Backpacking Pillows Ultralight- Camping Pillows for Sleeping,","1","amazon.com","Standard Orders","Amazon","Niles","MI","49120","MarketplaceFacilitator","14.99","0.90","0","0","0","0","0","0","0","0","-0.90","-2.25","-4.16","0","0","8.58","Released","Jan 14, 2026 11:22:37 PM PST"
"Jan 6, 2026 1:03:04 AM PST","25392467641","Order","113-2591340-3789807","Ether-01","Gear Doctors® Ether 17.5oz Ultralight Camping Sleeping Pad - Backpacking Air Mattress - Camping Mattress Pad - Compact Inflatable Sleeping Mat for Ba","1","amazon.com","Standard Orders","Amazon","Milwaukee","WI","53209","MarketplaceFacilitator","33.99","2.01","0","0","0","0","0","0","0","0","-2.01","-5.10","-5.68","0","0","23.21","Released","Jan 15, 2026 3:29:13 AM PST"
"Jan 6, 2026 1:20:55 AM PST","25392467641","Order","113-8712130-1268212","Ether-01","Gear Doctors® Ether 17.5oz Ultralight Camping Sleeping Pad - Backpacking Air Mattress - Camping Mattress Pad - Compact Inflatable Sleeping Mat for Ba","1","amazon.com","Standard Orders","Amazon","Lantana","Texas","76226","MarketplaceFacilitator","33.99","2.12","0","0","0","0","0","0","0","0","-2.12","-5.10","-5.68","0","0","23.21","Released","Jan 14, 2026 11:10:32 PM PST"
"Jan 6, 2026 1:38:23 AM PST","25392467641","Order","114-3745210-1262605","Ether-01","Gear Doctors® Ether 17.5oz Ultralight Camping Sleeping Pad - Backpacking Air Mattress - Camping Mattress Pad - Compact Inflatable Sleeping Mat for Ba","1","amazon.com","Standard Orders","Amazon","ALBEMARLE","NC","28001","MarketplaceFacilitator","33.99","2.38","0","0","0","0","0","0","0","0","-2.38","-5.10","-5.68","0","0","23.21","Released","Jan 15, 2026 6:31:31 AM PST"
"Jan 6, 2026 1:40:44 AM PST","25392467641","Order","114-7577052-5951456","Ether-01","Gear Doctors® Ether 17.5oz Ultralight Camping Sleeping Pad - Backpacking Air Mattress - Camping Mattress Pad - Compact Inflatable Sleeping Mat for Ba","1","amazon.com","Standard Orders","Amazon","Canton","GA","30114","MarketplaceFacilitator","33.99","2.04","0","0","0","0","0","0","0","0","-2.04","-5.10","-5.68","0","0","23.21","Released","Jan 14, 2026 10:42:02 PM PST"
"Jan 6, 2026 1:49:30 AM PST","25392467641","Order","113-9523251-4654618","GDCampingPillowBlue","Gear Doctors 3.5oz Compact Ultralight Inflatable Camping Pillow - Inflatable Camp Pillow - Backpacking Pillows Ultralight- Camping Pillows for Sleepin","1","amazon.com","Standard Orders","Amazon","OAK PARK","IL","60302","MarketplaceFacilitator","14.99","1.50","0","0","0","0","0","0","0","0","-1.50","-2.25","-4.16","0","0","8.58","Released","Jan 14, 2026 5:42:36 PM PST"
"Jan 6, 2026 2:01:15 AM PST","25392467641","Order","112-3351664-2039421","GDCampingPillowTeal","Gear Doctors 3.5oz Compact Ultralight Inflatable Camping Pillow - Inflatable Camp Pillow - Backpacking Pillows Ultralight- Camping Pillows for Sleepin","1","amazon.com","Standard Orders","Amazon","FORT WORTH","TX","76135","MarketplaceFacilitator","14.99","1.24","0","0","0","0","0","0","0","0","-1.24","-2.25","-4.16","0","0","8.58","Released","Jan 15, 2026 1:40:28 AM PST"
"Jan 6, 2026 3:17:37 AM PST","25392467641","Order","112-5990460-3637824","GDClassic01","Gear Doctors Oxylus 4.3R-Value Insulated Foam Self Inflating Sleeping Pad Camping-Sleeping Pad Backpacking Air Mattress-Camping Mattress Self Inflatin","1","amazon.com","Standard Orders","Amazon","LEANDER","TX","78641","MarketplaceFacilitator","37.49","3.09","0","0","0","0","0","0","0","0","-3.09","-5.62","-8.10","0","0","23.77","Released","Jan 13, 2026 11:47:31 PM PST"
"Jan 6, 2026 3:26:18 AM PST","25280479521","Refund","113-4603450-4852262","Ether-01","Gear Doctors® Ether 17.5oz Ultralight Camping Sleeping Pad - Backpacking Air Mattress - Camping Mattress Pad - Compact Inflatable Sleeping Mat for Ba","1","amazon.com","Standard Orders","Amazon","PHOENIX","AZ","85021","MarketplaceFacilitator","-33.99","-3.09","-2.99","0","0","0","0","0","2.99","0","3.09","4.08","0","0","0","-29.91","Released","Jan 7, 2026 7:01:34 AM PST"
"Jan 6, 2026 3:34:56 AM PST","25392467641","Order","113-4848854-3832234","GDCampingPillowTeal","Gear Doctors 3.5oz Compact Ultralight Inflatable Camping Pillow - Inflatable Camp Pillow - Backpacking Pillows Ultralight- Camping Pillows for Sleepin","1","amazon.com","Standard Orders","Amazon","VERSAILLES","KY","40383","MarketplaceFacilitator","14.99","0.90","0","0","0","0","0","0","0","0","-0.90","-2.25","-4.16","0","0","8.58","Released","Jan 14, 2026 7:01:09 PM PST"
"Jan 6, 2026 3:37:05 AM PST","25392467641","Order","113-1224272-8456262","GDCampingPillowBlue","Gear Doctors 3.5oz Compact Ultralight Inflatable Camping Pillow - Inflatable Camp Pillow - Backpacking Pillows Ultralight- Camping Pillows for Sleepin","1","amazon.com","Standard Orders","Amazon","HATBORO","PA","19040","MarketplaceFacilitator","14.99","0.90","0","0","0","0","0","0","0","0","-0.90","-2.25","-4.16","0","0","8.58","Released","Jan 15, 2026 2:51:05 AM PST"
"Jan 6, 2026 3:42:26 AM PST","25280479521","Refund","112-7331672-5118616","Ether-01","Gear Doctors® Ether 17.5oz Ultralight Camping Sleeping Pad - Backpacking Air Mattress - Camping Mattress Pad - Compact Inflatable Sleeping Mat for Ba","1","amazon.com","Standard Orders","Amazon","San Diego","CA","92106","MarketplaceFacilitator","-33.99","-2.63","0","0","0","0","0","0","0","0","2.63","4.08","0","0","0","-29.91","Released","Jan 6, 2026 3:42:26 AM PST"
"Jan 6, 2026 4:05:19 AM PST","25392467641","Order","114-6988108-8629012","GDCampingPillowBlue","Gear Doctors 3.5oz Compact Ultralight Inflatable Camping Pillow - Inflatable Camp Pillow - Backpacking Pillows Ultralight- Camping Pillows for Sleepin","1","amazon.com","Standard Orders","Amazon","SAN DIEGO","CA","92129","MarketplaceFacilitator","14.99","1.16","0.57","0","0","0","0","0","-0.57","0","-1.16","-2.25","-4.16","0","0","8.58","Released","Jan 16, 2026 11:43:15 PM PST"
"Jan 6, 2026 4:51:10 AM PST","25392467641","Order","113-3791512-9661034","Ether-01","Gear Doctors® Ether 17.5oz Ultralight Camping Sleeping Pad - Backpacking Air Mattress - Camping Mattress Pad - Compact Inflatable Sleeping Mat for Ba","2","amazon.com","Standard Orders","Amazon","SCOTTSVILLE","NY","14546","MarketplaceFacilitator","67.98","5.44","0","0","0","0","0","0","0","0","-5.44","-10.20","-11.36","0","0","46.42","Released","Jan 15, 2026 1:59:18 AM PST"
"Jan 6, 2026 6:59:53 AM PST","25392467641","Order","111-6761289-6192210","Ether-01","Gear Doctors® Ether 17.5oz Ultralight Camping Sleeping Pad - Backpacking Air Mattress - Camping Mattress Pad - Compact Inflatable Sleeping Mat for Ba","1","amazon.com","Standard Orders","Amazon","ROCK VALLEY","IA","51247","MarketplaceFacilitator","33.99","2.38","5.93","0","0","0","0","0","-5.93","0","-2.38","-5.10","-5.68","0","0","23.21","Released","Jan 16, 2026 7:21:02 AM PST"
"Jan 6, 2026 7:08:09 AM PST","25392467641","Order","114-0473786-4795427","Ether-01","Gear Doctors® Ether 17.5oz Ultralight Camping Sleeping Pad - Backpacking Air Mattress - Camping Mattress Pad - Compact Inflatable Sleeping Mat for Ba","1","amazon.com","Standard Orders","Amazon","BUFFALO","MN","55313","MarketplaceFacilitator","33.99","2.51","2.99","0","0","0","0","0","-2.99","0","-2.51","-5.10","-5.68","0","0","23.21","Released","Jan 14, 2026 11:28:34 AM PST"
"Jan 6, 2026 7:16:49 AM PST","25392467641","Order","114-3288309-6894650","GDApolloAir01","Gear Doctors ApolloAir 5.2 R-Value [17oz] Ultralight Insulated Inflatable Camping Sleeping Pad - Backpacking Sleeping Pad - Camping Mattress Compact L","1","amazon.com","Standard Orders","Amazon","COLORADO SPRINGS","CO","80927","MarketplaceFacilitator","76.50","6.27","1.00","0","0","0","0","0","-1.00","0","-6.27","-11.48","-5.68","0","0","59.34","Released","Jan 14, 2026 4:36:38 AM PST"
"Jan 6, 2026 7:21:12 AM PST","25392467641","Order","114-1455558-6069828","Ether-01","Gear Doctors® Ether 17.5oz Ultralight Camping Sleeping Pad - Backpacking Air Mattress - Camping Mattress Pad - Compact Inflatable Sleeping Mat for Ba","1","amazon.com","Standard Orders","Amazon","CRYSTAL RIVER","FL","34429","MarketplaceFacilitator","33.99","2.04","0","0","0","0","0","0","0","0","-2.04","-5.10","-5.68","0","0","23.21","Released","Jan 16, 2026 6:15:57 PM PST"
"Jan 6, 2026 7:26:02 AM PST","25392467641","Order","112-8266669-8735435","GDCampingPillowBlue","Gear Doctors 3.5oz Compact Ultralight Inflatable Camping Pillow - Inflatable Camp Pillow - Backpacking Pillows Ultralight- Camping Pillows for Sleepin","1","amazon.com","Standard Orders","Amazon","BAKERSFIELD","CA","93314","MarketplaceFacilitator","14.99","1.24","0","0","0","0","0","0","0","0","-1.24","-2.25","-4.16","0","0","8.58","Released","Jan 15, 2026 7:37:59 AM PST"
"Jan 6, 2026 7:30:09 AM PST","25392467641","Order","111-2779912-5526633","GDClassic01","Gear Doctors Oxylus 4.3R-Value Insulated Foam Self Inflating Sleeping Pad Camping-Sleeping Pad Backpacking Air Mattress-Camping Mattress Self Inflatin","1","amazon.com","Standard Orders","Amazon","MATTHEWS","NC","28105","MarketplaceFacilitator","37.49","2.72","3.87","0.28","0","0","0","0","0","0","-3.00","-5.62","-11.97","0","0","23.77","Released","Jan 15, 2026 1:51:35 AM PST"
"Jan 6, 2026 8:11:58 AM PST","25392467641","Order","114-3797672-9888238","GDApolloAir01","Gear Doctors ApolloAir 5.2 R-Value [17oz] Ultralight Insulated Inflatable Camping Sleeping Pad - Backpacking Sleeping Pad - Camping Mattress Compact L","1","amazon.com","Standard Orders","Amazon","ARLINGTON","VA","22203","MarketplaceFacilitator","76.50","4.59","0","0","0","0","0","0","0","0","-9.18","-22.96","-5.68","0","0","43.27","Released","Jan 15, 2026 12:42:59 AM PST"
"Jan 6, 2026 8:11:58 AM PST","25392467641","Order","114-3797672-9888238","GDApolloAir01","Gear Doctors ApolloAir 5.2 R-Value [17oz] Ultralight Insulated Inflatable Camping Sleeping Pad - Backpacking Sleeping Pad - Camping Mattress Compact L","1","amazon.com","Standard Orders","Amazon","ARLINGTON","VA","22203","","76.50","4.59","0","0","0","0","0","0","0","0","0","0","-5.68","0","0","75.41","Released","Jan 15, 2026 12:42:59 AM PST"
"Jan 6, 2026 8:16:20 AM PST","25392467641","Order","111-7247902-7949060","GDCampingPillowOrange","Gear Doctors 3.5oz Compact Ultralight Inflatable Camping Pillow- Inflatable Camp Pillow- Backpacking Pillows Ultralight- Camping Pillows for Sleeping,","1","amazon.com","Standard Orders","Amazon","Cynthiana","KY","41031","MarketplaceFacilitator","14.99","0.90","0","0","0","0","0","0","0","0","-0.90","-2.25","-4.16","0","0","8.58","Released","Jan 15, 2026 4:37:48 AM PST"
"Jan 6, 2026 8:28:04 AM PST","25280479521","Refund","114-7824874-8756241","Ether-01","Gear Doctors® Ether 17.5oz Ultralight Camping Sleeping Pad - Backpacking Air Mattress - Camping Mattress Pad - Compact Inflatable Sleeping Mat for Ba","2","amazon.com","Standard Orders","Amazon","DARLINGTON","MD","21034","MarketplaceFacilitator","-50.98","-3.06","0","0","0","0","0","0","0","0","3.06","6.11","0","0","0","-44.87","Released","Jan 6, 2026 8:28:04 AM PST"
"Jan 6, 2026 8:42:42 AM PST","25392467641","Order","114-6147756-3904215","GDCampingPillowBlue","Gear Doctors 3.5oz Compact Ultralight Inflatable Camping Pillow - Inflatable Camp Pillow - Backpacking Pillows Ultralight- Camping Pillows for Sleepin","1","amazon.com","Standard Orders","Amazon","LOS ANGELES","CA","90043","MarketplaceFacilitator","14.99","1.46","0","0","0","0","0","0","0","0","-1.46","-2.25","-4.16","0","0","8.58","Released","Jan 15, 2026 12:05:51 AM PST"
"Jan 6, 2026 9:14:36 AM PST","25392467641","Order","111-9788991-6629049","GDApolloAir-02","Gear Doctors ApolloAir 5.2 R-Value [25oz] Ultralight Insulated Inflatable Camping Sleeping Pad - Backpacking Sleeping Pad - Camping Mattress Compact L","1","amazon.com","Standard Orders","Amazon","CUMMING","GA","30040","MarketplaceFacilitator","89.99","6.30","0","0","0","0","0","0","0","0","-6.30","-13.50","-6.10","0","0","70.39","Released","Jan 15, 2026 2:19:44 AM PST"
"Jan 6, 2026 9:49:31 AM PST","25280479521","Service Fee","","","Cost of Advertising","","","Standard Orders","","","","","","0","0","0","0","0","0","0","0","0","0","0","0","0","-500.89","0","-500.89","Released","Jan 6, 2026 9:49:31 AM PST"
"Jan 6, 2026 10:14:14 AM PST","25392467641","Order","113-1584476-5848206","Ether-01","Gear Doctors® Ether 17.5oz Ultralight Camping Sleeping Pad - Backpacking Air Mattress - Camping Mattress Pad - Compact Inflatable Sleeping Mat for Ba","1","amazon.com","Standard Orders","Amazon","Harrisburg","pa","17112","MarketplaceFacilitator","33.99","2.04","6.99","0.42","0","0","0","0","0","0","-2.46","-5.10","-12.67","0","0","23.21","Released","Jan 14, 2026 7:19:56 AM PST"
"Jan 6, 2026 10:22:39 AM PST","25392467641","Order","113-4740448-3913819","Ether-01","Gear Doctors® Ether 17.5oz Ultralight Camping Sleeping Pad - Backpacking Air Mattress - Camping Mattress Pad - Compact Inflatable Sleeping Mat for Ba","1","amazon.com","Standard Orders","Amazon","MONROE","TN","38573","MarketplaceFacilitator","33.99","3.23","0","0","0","0","0","0","0","0","-3.23","-5.10","-5.68","0","0","23.21","Released","Jan 15, 2026 12:33:50 AM PST"
"Jan 6, 2026 10:38:19 AM PST","25392467641","Order","113-8492630-3602652","Ether-01","Gear Doctors® Ether 17.5oz Ultralight Camping Sleeping Pad - Backpacking Air Mattress - Camping Mattress Pad - Compact Inflatable Sleeping Mat for Ba","1","amazon.com","Standard Orders","Amazon","VANCOUVER","WA","98686","MarketplaceFacilitator","33.99","2.89","2.99","0","0","0","0","0","-2.99","0","-2.89","-5.10","-5.68","0","0","23.21","Released","Jan 13, 2026 11:08:23 PM PST"
"Jan 6, 2026 10:45:03 AM PST","25392467641","Order","113-1822830-0879418","Ether-01","Gear Doctors® Ether 17.5oz Ultralight Camping Sleeping Pad - Backpacking Air Mattress - Camping Mattress Pad - Compact Inflatable Sleeping Mat for Ba","2","amazon.com","Standard Orders","Amazon","ALAMEDA","CA","94501","MarketplaceFacilitator","67.98","7.30","0","0","0","0","0","0","0","0","-7.30","-10.20","-11.36","0","0","46.42","Released","Jan 15, 2026 2:01:29 AM PST"
"Jan 6, 2026 10:54:29 AM PST","25392467641","Order","111-8225073-1471413","GDCampingPillowBlue","Gear Doctors 3.5oz Compact Ultralight Inflatable Camping Pillow - Inflatable Camp Pillow - Backpacking Pillows Ultralight- Camping Pillows for Sleepin","1","amazon.com","Standard Orders","Amazon","LAGUNA NIGUEL","CA","92677","MarketplaceFacilitator","14.99","1.16","0","0","0","0","0","0","0","0","-1.16","-2.25","-4.16","0","0","8.58","Released","Jan 16, 2026 11:35:08 PM PST"
"Jan 6, 2026 11:46:16 AM PST","25392467641","Refund","113-0906079-1654610","GDCampingPillowOrange","Gear Doctors 3.5oz Compact Ultralight Inflatable Camping Pillow- Inflatable Camp Pillow- Backpacking Pillows Ultralight- Camping Pillows for Sleeping,","1","amazon.com","Standard Orders","Amazon","CELINA","TX","75009","MarketplaceFacilitator","-14.99","-0.94","0","0","0","0","0","0","0","0","0.94","1.80","0","0","0","-13.19","Released","Jan 11, 2026 7:53:42 AM PST"
"Jan 6, 2026 11:50:11 AM PST","25392467641","Order","111-8090554-0997043","Ether-01","Gear Doctors® Ether 17.5oz Ultralight Camping Sleeping Pad - Backpacking Air Mattress - Camping Mattress Pad - Compact Inflatable Sleeping Mat for Ba","1","amazon.com","Standard Orders","Amazon","LILBURN","GA","30047","MarketplaceFacilitator","33.99","2.04","0","0","0","0","0","0","0","0","-2.04","-5.10","-5.68","0","0","23.21","Released","Jan 15, 2026 2:19:30 AM PST"
"Jan 6, 2026 12:21:18 PM PST","25280479521","Refund","114-3306148-9668251","Ether-01","Gear Doctors® Ether 17.5oz Ultralight Camping Sleeping Pad - Backpacking Air Mattress - Camping Mattress Pad - Compact Inflatable Sleeping Mat for Ba","1","amazon.com","Standard Orders","Amazon","MOORESVILLE","IN","46158","MarketplaceFacilitator","-33.99","-2.38","0","0","0","0","0","0","0","0","2.38","4.08","0","0","0","-29.91","Released","Jan 6, 2026 12:21:18 PM PST"
"Jan 6, 2026 12:27:01 PM PST","25392467641","Refund","113-3282621-4977845","GDClassic01","Gear Doctors Oxylus 4.3R-Value Insulated Foam Self Inflating Sleeping Pad Camping-Sleeping Pad Backpacking Air Mattress-Camping Mattress Self Inflatin","1","amazon.com","Standard Orders","Amazon","Cambridge","MA","02138","MarketplaceFacilitator","-37.49","-2.34","0","0","0","0","0","0","0","0","2.34","4.50","0","0","0","-32.99","Released","Jan 13, 2026 1:08:34 AM PST"
"Jan 6, 2026 12:38:42 PM PST","25392467641","Order","114-8453942-2177012","Ether-01","Gear Doctors® Ether 17.5oz Ultralight Camping Sleeping Pad - Backpacking Air Mattress - Camping Mattress Pad - Compact Inflatable Sleeping Mat for Ba","1","amazon.com","Standard Orders","Amazon","ANAHEIM","CA","92807","MarketplaceFacilitator","33.99","2.63","0","0","0","0","0","0","0","0","-2.63","-5.10","-5.68","0","0","23.21","Released","Jan 15, 2026 4:59:55 AM PST"
"Jan 6, 2026 12:51:57 PM PST","25392467641","Order","112-9505939-2731429","Ether-01","Gear Doctors® Ether 17.5oz Ultralight Camping Sleeping Pad - Backpacking Air Mattress - Camping Mattress Pad - Compact Inflatable Sleeping Mat for Ba","1","amazon.com","Standard Orders","Amazon","LAKE STEVENS","WA","98258","MarketplaceFacilitator","33.99","3.16","0.60","0","0","0","0","0","-0.60","0","-3.16","-5.10","-5.68","0","0","23.21","Released","Jan 14, 2026 4:19:21 AM PST"
"Jan 6, 2026 1:39:40 PM PST","25392467641","Order","114-5800642-2951453","GDApolloAir01","Gear Doctors ApolloAir 5.2 R-Value [17oz] Ultralight Insulated Inflatable Camping Sleeping Pad - Backpacking Sleeping Pad - Camping Mattress Compact L","1","amazon.com","Standard Orders","Amazon","WICHITA","KS","67212","MarketplaceFacilitator","76.50","5.74","0","0","0","0","0","0","0","0","-5.74","-11.48","-5.68","0","0","59.34","Released","Jan 15, 2026 4:42:03 AM PST"
"Jan 6, 2026 1:42:31 PM PST","25392467641","Order","113-0159991-4301879","Ether-01","Gear Doctors® Ether 17.5oz Ultralight Camping Sleeping Pad - Backpacking Air Mattress - Camping Mattress Pad - Compact Inflatable Sleeping Mat for Ba","2","amazon.com","Standard Orders","Amazon","TAYLORS","SC","29687","MarketplaceFacilitator","67.98","4.08","0","0","0","0","0","0","0","0","-4.08","-10.20","-11.36","0","0","46.42","Released","Jan 16, 2026 3:51:04 AM PST"
"Jan 6, 2026 1:56:06 PM PST","25392467641","Order","113-8472323-6285826","Ether-01","Gear Doctors® Ether 17.5oz Ultralight Camping Sleeping Pad - Backpacking Air Mattress - Camping Mattress Pad - Compact Inflatable Sleeping Mat for Ba","1","amazon.com","Standard Orders","Amazon","BROOMFIELD","CO","80020","MarketplaceFacilitator","33.99","2.77","2.99","0","0","0","0","0","-2.99","0","-2.77","-5.10","-5.68","0","0","23.21","Released","Jan 14, 2026 9:33:59 AM PST"
"Jan 6, 2026 2:08:24 PM PST","25280479521","Refund","112-2370224-2806652","GDClassic01","Gear Doctors Self Inflating Camping Sleeping Pad for Camping 4.3 R Insulated Camping mats-1.5 in Must Haves Inflatable Foam air Sleep mat Self Inflati","2","amazon.com","Standard Orders","Amazon","BROUSSARD","LA","70518","MarketplaceFacilitator","-74.98","-6.38","0","0","0","0","0","0","0","0","9.57","13.49","0","0","0","-58.30","Released","Jan 6, 2026 2:08:24 PM PST"
"Jan 6, 2026 2:08:24 PM PST","25280479521","Refund","112-2370224-2806652","GDClassic01","Gear Doctors Self Inflating Camping Sleeping Pad for Camping 4.3 R Insulated Camping mats-1.5 in Must Haves Inflatable Foam air Sleep mat Self Inflati","1","amazon.com","Standard Orders","Amazon","BROUSSARD","LA","70518","","-37.49","-3.19","0","0","0","0","0","0","0","0","0","0","0","0","0","-40.68","Released","Jan 6, 2026 2:08:24 PM PST"
"Jan 6, 2026 2:16:06 PM PST","25392467641","Order","111-5563654-5673811","GDApolloAir01","Gear Doctors ApolloAir 5.2 R-Value [17oz] Ultralight Insulated Inflatable Camping Sleeping Pad - Backpacking Sleeping Pad - Camping Mattress Compact L","1","amazon.com","Standard Orders","Amazon","VENETIA","PA","15367","MarketplaceFacilitator","76.50","4.59","6.99","0.42","0","0","0","0","0","0","-5.01","-11.48","-12.67","0","0","59.34","Released","Jan 16, 2026 1:00:21 AM PST"
"Jan 6, 2026 2:39:34 PM PST","25392467641","Order","114-6148828-4465050","GDClassic01","Gear Doctors Oxylus 4.3R-Value Insulated Foam Self Inflating Sleeping Pad Camping-Sleeping Pad Backpacking Air Mattress-Camping Mattress Self Inflatin","1","amazon.com","Standard Orders","Amazon","MONROVIA","CA","91016","MarketplaceFacilitator","37.49","3.94","0","0","0","0","0","0","0","0","-3.94","-5.62","-8.10","0","0","23.77","Released","Jan 15, 2026 3:45:54 PM PST"
"Jan 6, 2026 2:48:44 PM PST","25392467641","Order","111-5905132-5870621","GDCampingPillowBlue","Gear Doctors 3.5oz Compact Ultralight Inflatable Camping Pillow - Inflatable Camp Pillow - Backpacking Pillows Ultralight- Camping Pillows for Sleepin","1","amazon.com","Standard Orders","Amazon","MOBILE","AL","36695","MarketplaceFacilitator","14.99","1.20","0","0","0","0","0","0","0","0","-1.20","-2.25","-4.16","0","0","8.58","Released","Jan 15, 2026 12:22:57 AM PST"
"Jan 6, 2026 2:50:53 PM PST","25392467641","Order","113-5345411-8093840","Ether-01","Gear Doctors® Ether 17.5oz Ultralight Camping Sleeping Pad - Backpacking Air Mattress - Camping Mattress Pad - Compact Inflatable Sleeping Mat for Ba","1","amazon.com","Standard Orders","Amazon","HARDEEVILLE","SC","29927","MarketplaceFacilitator","33.99","3.06","0","0","0","0","0","0","0","0","-3.06","-5.10","-5.68","0","0","23.21","Released","Jan 15, 2026 6:39:34 AM PST"
"Jan 6, 2026 3:26:57 PM PST","25392467641","Order","113-1466501-8912259","GDClassic01","Gear Doctors Oxylus 4.3R-Value Insulated Foam Self Inflating Sleeping Pad Camping-Sleeping Pad Backpacking Air Mattress-Camping Mattress Self Inflatin","1","amazon.com","Standard Orders","Amazon","CEDAR CITY","UT","84721","MarketplaceFacilitator","37.49","2.53","0","0","0","0","0","0","0","0","-2.53","-5.62","-8.10","0","0","23.77","Released","Jan 15, 2026 7:33:16 AM PST"
"Jan 6, 2026 4:03:53 PM PST","25392467641","Order","112-5334800-5693058","Ether-01","Gear Doctors® Ether 17.5oz Ultralight Camping Sleeping Pad - Backpacking Air Mattress - Camping Mattress Pad - Compact Inflatable Sleeping Mat for Ba","1","amazon.com","Standard Orders","Amazon","RUSTON","LA","71270","MarketplaceFacilitator","33.99","3.74","0","0","0","0","0","0","0","0","-3.74","-5.10","-5.68","0","0","23.21","Released","Jan 15, 2026 1:12:28 AM PST"
"Jan 6, 2026 4:46:05 PM PST","25392467641","Order","112-7983943-7826624","GDClassic01","Gear Doctors Oxylus 4.3R-Value Insulated Foam Self Inflating Sleeping Pad Camping-Sleeping Pad Backpacking Air Mattress-Camping Mattress Self Inflatin","1","amazon.com","Standard Orders","Amazon","San Diego","CA","92124","MarketplaceFacilitator","37.49","2.91","0","0","0","0","0","0","0","0","-2.91","-5.62","-8.10","0","0","23.77","Released","Jan 15, 2026 1:01:39 AM PST"
"Jan 6, 2026 4:53:12 PM PST","25392467641","Order","114-9487839-3346662","GDClassic01","Gear Doctors Oxylus 4.3R-Value Insulated Foam Self Inflating Sleeping Pad Camping-Sleeping Pad Backpacking Air Mattress-Camping Mattress Self Inflatin","1","amazon.com","Standard Orders","Amazon","LANDENBERG","PA","19350","MarketplaceFacilitator","37.49","2.25","0","0","0","0","0","0","0","0","-2.25","-5.62","-8.10","0","0","23.77","Released","Jan 15, 2026 4:55:43 PM PST"
"Jan 6, 2026 5:12:56 PM PST","25392467641","Order","113-7560682-2018645","GDApolloAir01","Gear Doctors ApolloAir 5.2 R-Value [17oz] Ultralight Insulated Inflatable Camping Sleeping Pad - Backpacking Sleeping Pad - Camping Mattress Compact L","1","amazon.com","Standard Orders","Amazon","KEY WEST","FL","33040","MarketplaceFacilitator","76.50","5.74","0","0","0","0","0","0","0","0","-5.74","-11.48","-5.68","0","0","59.34","Released","Jan 17, 2026 4:26:30 AM PST"
"Jan 6, 2026 5:27:21 PM PST","25280479521","Refund","114-7973122-3089007","GDApolloAir01","Gear Doctors ApolloAir 5.2 R-Value [17oz] Ultralight Insulated Inflatable Camping Sleeping Pad - Backpacking Sleeping Pad - Camping Mattress Compact L","1","amazon.com","Standard Orders","Amazon","CALABASAS","CA","91302","MarketplaceFacilitator","-80.74","-7.87","-2.99","0","0","0","0","0","2.99","0","7.87","9.69","0","0","0","-71.05","Released","Jan 6, 2026 5:27:21 PM PST"
"Jan 6, 2026 6:17:21 PM PST","25392467641","Order","112-8213467-2225027","Ether-01","Gear Doctors® Ether 17.5oz Ultralight Camping Sleeping Pad - Backpacking Air Mattress - Camping Mattress Pad - Compact Inflatable Sleeping Mat for Ba","1","amazon.com","Standard Orders","Amazon","BLOUNTSTOWN","FL","32424","MarketplaceFacilitator","33.99","2.55","0","0","0","0","0","0","0","0","-2.55","-5.10","-5.68","0","0","23.21","Released","Jan 15, 2026 9:47:42 PM PST"
"Jan 6, 2026 6:25:38 PM PST","25392467641","Order","113-6943801-6426619","GDClassic01","Gear Doctors Oxylus 4.3R-Value Insulated Foam Self Inflating Sleeping Pad Camping-Sleeping Pad Backpacking Air Mattress-Camping Mattress Self Inflatin","1","amazon.com","Standard Orders","Amazon","LAKE WORTH","FL","33467","MarketplaceFacilitator","37.49","2.44","2.99","0","0","0","0","0","-2.99","0","-2.44","-5.62","-8.10","0","0","23.77","Released","Jan 14, 2026 3:05:50 AM PST"
"Jan 6, 2026 7:49:54 PM PST","25392467641","Order","113-6466193-4277825","GDApolloAir01","Gear Doctors ApolloAir 5.2 R-Value [17oz] Ultralight Insulated Inflatable Camping Sleeping Pad - Backpacking Sleeping Pad - Camping Mattress Compact L","1","amazon.com","Standard Orders","Amazon","COLORADO SPRINGS","CO","80920","MarketplaceFacilitator","76.50","6.27","2.99","0","0","0","0","0","-2.99","0","-6.27","-11.48","-5.68","0","0","59.34","Released","Jan 14, 2026 4:33:28 AM PST"
"Jan 6, 2026 8:33:33 PM PST","25392467641","Order","114-7477432-8546627","GDCampingPillowBlue","Gear Doctors 3.5oz Compact Ultralight Inflatable Camping Pillow - Inflatable Camp Pillow - Backpacking Pillows Ultralight- Camping Pillows for Sleepin","1","amazon.com","Standard Orders","Amazon","STANFORD","CA","94305","MarketplaceFacilitator","14.99","1.37","0","0","0","0","0","0","0","0","-1.37","-2.25","-4.16","0","0","8.58","Released","Jan 15, 2026 10:48:10 PM PST"
"Jan 6, 2026 8:38:04 PM PST","25392467641","Order","113-6538910-2260204","GDCampingPillowBlue","Gear Doctors 3.5oz Compact Ultralight Inflatable Camping Pillow - Inflatable Camp Pillow - Backpacking Pillows Ultralight- Camping Pillows for Sleepin","2","amazon.com","Standard Orders","Amazon","GALENA PARK","TX","77547","MarketplaceFacilitator","29.98","2.06","0","0","0","0","0","0","-1.50","0","-2.06","-4.28","-8.32","0","0","15.88","Released","Jan 15, 2026 6:12:54 AM PST"
"Jan 6, 2026 8:41:19 PM PST","25392467641","Order","114-9881548-9596221","Ether-01","Gear Doctors® Ether 17.5oz Ultralight Camping Sleeping Pad - Backpacking Air Mattress - Camping Mattress Pad - Compact Inflatable Sleeping Mat for Ba","1","amazon.com","Standard Orders","Amazon","SCOTTSDALE","AZ","85255","MarketplaceFacilitator","33.99","2.72","2.99","0","0","0","0","0","-2.99","0","-2.72","-5.10","-5.68","0","0","23.21","Released","Jan 14, 2026 3:38:33 AM PST"
"Jan 6, 2026 8:48:55 PM PST","25392467641","Order","113-2958236-3343413","GDCampingPillowTeal","Gear Doctors 3.5oz Compact Ultralight Inflatable Camping Pillow - Inflatable Camp Pillow - Backpacking Pillows Ultralight- Camping Pillows for Sleepin","1","amazon.com","Standard Orders","Amazon","Johnstown","CO","80534","MarketplaceFacilitator","14.99","1.12","0","0","0","0","0","0","0","0","-1.12","-2.25","-4.16","0","0","8.58","Released","Jan 15, 2026 1:48:26 PM PST"
"Jan 6, 2026 9:07:28 PM PST","25280479521","Refund","114-3356759-7297816","Ether-01","Gear Doctors® Ether 17.5oz Ultralight Camping Sleeping Pad - Backpacking Air Mattress - Camping Mattress Pad - Compact Inflatable Sleeping Mat for Ba","1","amazon.com","Standard Orders","Amazon","VERONA","NJ","07044","MarketplaceFacilitator","-23.79","-1.58","0","0","0","0","0","0","0","0","1.58","2.86","0","0","0","-20.93","Released","Jan 6, 2026 9:07:28 PM PST"
"Jan 6, 2026 9:08:22 PM PST","25392467641","Order","114-3504928-3141023","GDClassic01","Gear Doctors Oxylus 4.3R-Value Insulated Foam Self Inflating Sleeping Pad Camping-Sleeping Pad Backpacking Air Mattress-Camping Mattress Self Inflatin","1","amazon.com","Standard Orders","Amazon","SNEADS FERRY","NC","28460","MarketplaceFacilitator","37.49","2.62","0","0","0","0","0","0","0","0","-2.62","-5.62","-8.10","0","0","23.77","Released","Jan 17, 2026 4:27:46 AM PST"
"Jan 6, 2026 9:13:55 PM PST","25392467641","Order","111-1853479-7969006","GDCampingPillowOrange","Gear Doctors 3.5oz Compact Ultralight Inflatable Camping Pillow- Inflatable Camp Pillow- Backpacking Pillows Ultralight- Camping Pillows for Sleeping,","1","amazon.com","Standard Orders","Amazon","ORLANDO","FL","32837","MarketplaceFacilitator","14.99","0.97","0","0","0","0","0","0","0","0","-0.97","-2.25","-4.16","0","0","8.58","Released","Jan 15, 2026 6:27:05 AM PST"
"Jan 6, 2026 9:56:32 PM PST","25392467641","Order","111-9139916-1637819","GDClassic01","Gear Doctors Oxylus 4.3R-Value Insulated Foam Self Inflating Sleeping Pad Camping-Sleeping Pad Backpacking Air Mattress-Camping Mattress Self Inflatin","1","amazon.com","Standard Orders","Amazon","MERIDIAN","MS","39305","MarketplaceFacilitator","37.49","2.62","0","0","0","0","0","0","0","0","-2.62","-5.62","-8.10","0","0","23.77","Released","Jan 16, 2026 3:03:32 AM PST"
"Jan 6, 2026 10:31:10 PM PST","25392467641","Order","113-3157156-5696227","GDCampingPillowTeal","Gear Doctors 3.5oz Compact Ultralight Inflatable Camping Pillow - Inflatable Camp Pillow - Backpacking Pillows Ultralight- Camping Pillows for Sleepin","1","amazon.com","Standard Orders","Amazon","UTICA","NY","13502","MarketplaceFacilitator","14.99","1.24","0","0","0","0","0","0","0","0","-1.24","-2.25","-4.16","0","0","8.58","Released","Jan 16, 2026 3:46:15 AM PST"
"Jan 6, 2026 10:31:10 PM PST","25392467641","Order","113-3157156-5696227","GDCampingPillowBlue","Gear Doctors 3.5oz Compact Ultralight Inflatable Camping Pillow - Inflatable Camp Pillow - Backpacking Pillows Ultralight- Camping Pillows for Sleepin","1","amazon.com","Standard Orders","Amazon","UTICA","NY","13502","MarketplaceFacilitator","14.99","1.24","0","0","0","0","0","0","0","0","-1.24","-2.25","-4.16","0","0","8.58","Released","Jan 16, 2026 3:46:15 AM PST"
"Jan 6, 2026 10:58:34 PM PST","25392467641","Order","112-5850590-6895443","Ether-01","Gear Doctors® Ether 17.5oz Ultralight Camping Sleeping Pad - Backpacking Air Mattress - Camping Mattress Pad - Compact Inflatable Sleeping Mat for Ba","1","amazon.com","Standard Orders","Amazon","CONCORD","NC","28025","MarketplaceFacilitator","33.99","2.38","1.49","0","0","0","0","0","-1.49","0","-2.38","-5.10","-5.68","0","0","23.21","Released","Jan 14, 2026 3:37:29 AM PST"
"Jan 6, 2026 11:10:45 PM PST","25392467641","Order","112-5016473-5852215","Ether-01","Gear Doctors® Ether 17.5oz Ultralight Camping Sleeping Pad - Backpacking Air Mattress - Camping Mattress Pad - Compact Inflatable Sleeping Mat for Ba","1","amazon.com","Standard Orders","Amazon","PROVO","UT","84601","MarketplaceFacilitator","33.99","2.53","2.99","0","0","0","0","0","-2.99","0","-2.53","-5.10","-5.68","0","0","23.21","Released","Jan 14, 2026 4:39:47 AM PST"
"Jan 6, 2026 11:18:48 PM PST","25280479521","Refund","113-1827386-3257831","Ether-01","Gear Doctors® Ether 17.5oz Ultralight Camping Sleeping Pad - Backpacking Air Mattress - Camping Mattress Pad - Compact Inflatable Sleeping Mat for Ba","1","amazon.com","Standard Orders","Amazon","BLACK MOUNTAIN","NC","28711","MarketplaceFacilitator","-25.49","-1.78","-2.99","0","0","0","0","0","2.99","0","1.78","3.06","0","0","0","-22.43","Released","Jan 6, 2026 11:18:48 PM PST"
"Jan 6, 2026 11:26:52 PM PST","25392467641","Order","111-3215776-6271406","GDClassic01","Gear Doctors Oxylus 4.3R-Value Insulated Foam Self Inflating Sleeping Pad Camping-Sleeping Pad Backpacking Air Mattress-Camping Mattress Self Inflatin","1","amazon.com","Standard Orders","Amazon","SAINT GEORGE","UT","84770","MarketplaceFacilitator","37.49","2.53","0","0","0","0","0","0","0","0","-2.53","-5.62","-8.10","0","0","23.77","Released","Jan 14, 2026 3:50:40 PM PST"
"Jan 6, 2026 11:42:33 PM PST","25280479521","Refund","114-1634556-7601851","Ether-01","Gear Doctors® Ether 17.5oz Ultralight Camping Sleeping Pad - Backpacking Air Mattress - Camping Mattress Pad - Compact Inflatable Sleeping Mat for Ba","1","amazon.com","Standard Orders","Amazon","Havre de Grace","MD","21078","MarketplaceFacilitator","-32.99","-1.98","-1.00","0","0","0","0","0","1.00","0","1.98","3.96","0","0","0","-29.03","Released","Jan 6, 2026 11:42:33 PM PST"
"Jan 6, 2026 11:44:25 PM PST","25392467641","Order","113-1623375-1990630","Ether-01","Gear Doctors® Ether 17.5oz Ultralight Camping Sleeping Pad - Backpacking Air Mattress - Camping Mattress Pad - Compact Inflatable Sleeping Mat for Ba","1","amazon.com","Standard Orders","Amazon","AHWAHNEE","CA","93601","MarketplaceFacilitator","33.99","2.63","0","0","0","0","0","0","0","0","-2.63","-5.10","-5.68","0","0","23.21","Released","Jan 16, 2026 12:30:25 AM PST"
"Jan 7, 2026 12:17:20 AM PST","25280479521","FBA Transaction fees","2025-12-A4K7GUWRGF4M","","AWD Storage Fee","","Amazon.com","Standard Orders","","","","","","0","0","0","0","0","0","0","0","0","0","0","0","-850.11","0","0","-850.11","Released","Jan 7, 2026 12:17:20 AM PST"
"Jan 7, 2026 1:18:03 AM PST","25392467641","Order","113-2958236-3343413","GDCampingPillowBlue","Gear Doctors 3.5oz Compact Ultralight Inflatable Camping Pillow - Inflatable Camp Pillow - Backpacking Pillows Ultralight- Camping Pillows for Sleepin","1","amazon.com","Standard Orders","Amazon","Johnstown","CO","80534","MarketplaceFacilitator","14.99","1.12","0","0","0","0","0","0","0","0","-1.12","-2.25","-4.16","0","0","8.58","Released","Jan 15, 2026 11:11:28 PM PST"
"Jan 7, 2026 1:22:23 AM PST","25392467641","Order","111-6652157-0827431","GDCampingPillowOrange","Gear Doctors 3.5oz Compact Ultralight Inflatable Camping Pillow- Inflatable Camp Pillow- Backpacking Pillows Ultralight- Camping Pillows for Sleeping,","1","amazon.com","Standard Orders","Amazon","SANTA MONICA","CA","90404","MarketplaceFacilitator","14.99","1.61","0","0","0","0","0","0","0","0","-1.61","-2.25","-4.16","0","0","8.58","Released","Jan 15, 2026 6:54:15 AM PST"
"Jan 7, 2026 1:33:38 AM PST","25280479521","FBA Transaction fees","","","FBA Customer Returns Fee (Non-Apparel and Non-Shoes) for ASIN: B07GGZWRK6 (2025-10-01 to 2025-12-31)","","Amazon.com","Standard Orders","","","","","","0","0","0","0","0","0","0","0","0","0","0","0","-129.60","0","0","-129.60","Released","Jan 7, 2026 1:33:38 AM PST"
"Jan 7, 2026 1:34:04 AM PST","25280479521","FBA Transaction fees","","","FBA Customer Returns Fee (Non-Apparel and Non-Shoes) for ASIN: B08D8VZPDL (2025-10-01 to 2025-12-31)","","Amazon.com","Standard Orders","","","","","","0","0","0","0","0","0","0","0","0","0","0","0","-84.21","0","0","-84.21","Released","Jan 7, 2026 1:34:04 AM PST"
"Jan 7, 2026 2:04:28 AM PST","25392467641","Order","111-5914230-4732217","GDClassic01","Gear Doctors Oxylus 4.3R-Value Insulated Foam Self Inflating Sleeping Pad Camping-Sleeping Pad Backpacking Air Mattress-Camping Mattress Self Inflatin","1","amazon.com","Standard Orders","Amazon","MARLBOROUGH","MA","01752","MarketplaceFacilitator","37.49","2.34","2.99","0","0","0","0","0","-2.99","0","-2.34","-5.62","-8.10","0","0","23.77","Released","Jan 15, 2026 3:48:43 AM PST"
"Jan 7, 2026 2:18:23 AM PST","25280479521","FBA Transaction fees","","","FBA Customer Returns Fee (Non-Apparel and Non-Shoes) for ASIN: B09YV1CBQM (2025-10-01 to 2025-12-31)","","Amazon.com","Standard Orders","","","","","","0","0","0","0","0","0","0","0","0","0","0","0","-37.04","0","0","-37.04","Released","Jan 7, 2026 2:18:23 AM PST"
"Jan 7, 2026 2:26:23 AM PST","25392467641","Order","111-2546337-3687428","Ether-01","Gear Doctors® Ether 17.5oz Ultralight Camping Sleeping Pad - Backpacking Air Mattress - Camping Mattress Pad - Compact Inflatable Sleeping Mat for Ba","1","amazon.com","Standard Orders","Amazon","OXNARD","CA","93033","MarketplaceFacilitator","33.99","3.14","2.99","0","0","0","0","0","-2.99","0","-3.14","-5.10","-5.68","0","0","23.21","Released","Jan 14, 2026 8:58:52 PM PST"
"Jan 7, 2026 3:00:18 AM PST","25392467641","Order","111-5720183-6909823","GDCampingPillowBlue","Gear Doctors 3.5oz Compact Ultralight Inflatable Camping Pillow - Inflatable Camp Pillow - Backpacking Pillows Ultralight- Camping Pillows for Sleepin","1","amazon.com","Standard Orders","Amazon","LA JOLLA","CA","92037","MarketplaceFacilitator","14.99","1.16","0","0","0","0","0","0","0","0","-1.16","-2.25","-4.16","0","0","8.58","Released","Jan 16, 2026 1:17:05 AM PST"
"Jan 7, 2026 3:00:26 AM PST","25392467641","Order","111-4657929-2599463","Ether-01","Gear Doctors® Ether 17.5oz Ultralight Camping Sleeping Pad - Backpacking Air Mattress - Camping Mattress Pad - Compact Inflatable Sleeping Mat for Ba","1","amazon.com","Standard Orders","Amazon","FRIENDSVILLE","TN","37737","MarketplaceFacilitator","33.99","3.31","0","0","0","0","0","0","0","0","-3.31","-5.10","-5.68","0","0","23.21","Released","Jan 16, 2026 3:08:39 AM PST"
"Jan 7, 2026 3:12:10 AM PST","25392467641","Order","112-5388007-4327448","GDClassic01","Gear Doctors Oxylus 4.3R-Value Insulated Foam Self Inflating Sleeping Pad Camping-Sleeping Pad Backpacking Air Mattress-Camping Mattress Self Inflatin","1","amazon.com","Standard Orders","Amazon","LITTLETON","CO","80120","MarketplaceFacilitator","37.49","2.70","0","0","0","0","0","0","-3.75","0","-2.70","-5.06","-8.10","0","0","20.58","Released","Jan 15, 2026 12:58:25 AM PST"
"Jan 7, 2026 3:35:08 AM PST","25280479521","FBA Transaction fees","","","FBA Customer Returns Fee (Non-Apparel and Non-Shoes) for ASIN: B0DSW5VSX2 (2025-10-01 to 2025-12-31)","","Amazon.com","Standard Orders","","","","","","0","0","0","0","0","0","0","0","0","0","0","0","-140.35","0","0","-140.35","Released","Jan 7, 2026 3:35:08 AM PST"
"Jan 7, 2026 4:36:01 AM PST","25392467641","Order","112-7910366-9085037","GDCampingPillowOrange","Gear Doctors 3.5oz Compact Ultralight Inflatable Camping Pillow- Inflatable Camp Pillow- Backpacking Pillows Ultralight- Camping Pillows for Sleeping,","1","amazon.com","Standard Orders","Amazon","SPRING","TX","77386","MarketplaceFacilitator","14.99","1.09","0","0","0","0","0","0","0","0","-1.09","-2.25","-4.16","0","0","8.58","Released","Jan 15, 2026 11:51:02 PM PST"
"Jan 7, 2026 4:40:31 AM PST","25392467641","Order","114-1300847-6125854","Ether-01","Gear Doctors® Ether 17.5oz Ultralight Camping Sleeping Pad - Backpacking Air Mattress - Camping Mattress Pad - Compact Inflatable Sleeping Mat for Ba","1","amazon.com","Standard Orders","Amazon","PHOENIX","AZ","85017","MarketplaceFacilitator","33.99","3.09","2.99","0","0","0","0","0","-2.99","0","-3.09","-5.10","-5.68","0","0","23.21","Released","Jan 14, 2026 8:08:52 AM PST"
"Jan 7, 2026 4:46:08 AM PST","25392467641","Order","113-6878730-3277808","Ether-01","Gear Doctors® Ether 17.5oz Ultralight Camping Sleeping Pad - Backpacking Air Mattress - Camping Mattress Pad - Compact Inflatable Sleeping Mat for Ba","1","amazon.com","Standard Orders","Amazon","PEARL CITY","HI","96782","MarketplaceFacilitator","33.99","1.60","0","0","0","0","0","0","0","0","-1.60","-5.10","-5.68","0","0","23.21","Released","Jan 16, 2026 4:21:52 AM PST"
"Jan 7, 2026 5:27:21 AM PST","25280479521","Adjustment","113-6585607-1105838","GDCampingPillowTeal","FBA Inventory Reimbursement - Customer Return","1","","Standard Orders","","","","","","0","0","0","0","0","0","0","0","0","0","0","0","0","0","7.94","7.94","Released","Jan 7, 2026 5:27:21 AM PST"
"Jan 7, 2026 5:28:50 AM PST","25392467641","Order","111-5655437-8433063","Ether-01","Gear Doctors® Ether 17.5oz Ultralight Camping Sleeping Pad - Backpacking Air Mattress - Camping Mattress Pad - Compact Inflatable Sleeping Mat for Ba","1","amazon.com","Standard Orders","Amazon","FALLS CHURCH","VA","22046","MarketplaceFacilitator","33.99","2.04","2.99","0","0","0","0","0","-2.99","0","-2.04","-5.10","-5.68","0","0","23.21","Released","Jan 15, 2026 7:05:59 AM PST"
"Jan 7, 2026 6:28:40 AM PST","25392467641","Order","111-6889595-5235456","GDCampingPillowOrange","Gear Doctors 3.5oz Compact Ultralight Inflatable Camping Pillow- Inflatable Camp Pillow- Backpacking Pillows Ultralight- Camping Pillows for Sleeping,","1","amazon.com","Standard Orders","Amazon","EASLEY","SC","29640","MarketplaceFacilitator","14.99","1.05","0.86","0","0","0","0","0","-0.86","0","-1.05","-2.25","-4.16","0","0","8.58","Released","Jan 17, 2026 3:34:46 AM PST"
"Jan 7, 2026 7:02:26 AM PST","25392467641","Order","112-1648957-0064247","Ether-01","Gear Doctors® Ether 17.5oz Ultralight Camping Sleeping Pad - Backpacking Air Mattress - Camping Mattress Pad - Compact Inflatable Sleeping Mat for Ba","1","amazon.com","Standard Orders","Amazon","FORT WORTH","TX","76104","MarketplaceFacilitator","33.99","2.80","0.57","0","0","0","0","0","-0.57","0","-2.80","-5.10","-5.68","0","0","23.21","Released","Jan 17, 2026 10:36:07 PM PST"
"Jan 7, 2026 7:02:26 AM PST","25392467641","Order","112-1648957-0064247","GDCampingPillowBlue","Gear Doctors 3.5oz Compact Ultralight Inflatable Camping Pillow - Inflatable Camp Pillow - Backpacking Pillows Ultralight- Camping Pillows for Sleepin","1","amazon.com","Standard Orders","Amazon","FORT WORTH","TX","76104","MarketplaceFacilitator","14.99","1.24","0.12","0","0","0","0","0","-0.12","0","-1.24","-2.25","-4.16","0","0","8.58","Released","Jan 17, 2026 10:36:07 PM PST"
"Jan 7, 2026 8:01:38 AM PST","25392467641","Order","111-0604559-7024231","Ether-01","Gear Doctors® Ether 17.5oz Ultralight Camping Sleeping Pad - Backpacking Air Mattress - Camping Mattress Pad - Compact Inflatable Sleeping Mat for Ba","1","amazon.com","Standard Orders","Amazon","KNOXVILLE","TN","37920","MarketplaceFacilitator","33.99","3.14","0","0","0","0","0","0","0","0","-3.14","-5.10","-5.68","0","0","23.21","Released","Jan 15, 2026 6:53:14 AM PST"
"Jan 7, 2026 8:33:01 AM PST","25392467641","Order","111-2864321-7705006","Ether-01","Gear Doctors® Ether 17.5oz Ultralight Camping Sleeping Pad - Backpacking Air Mattress - Camping Mattress Pad - Compact Inflatable Sleeping Mat for Ba","1","amazon.com","Standard Orders","Amazon","LINCOLN PARK","MI","48146","MarketplaceFacilitator","33.99","2.04","1.75","0","0","0","0","0","0","0","-2.04","-5.10","-7.43","0","0","23.21","Released","Jan 15, 2026 10:24:58 PM PST"
"Jan 7, 2026 8:55:25 AM PST","25392467641","Refund","112-6116347-8017865","GDApolloAir01","Gear Doctors ApolloAir 5.2 R-Value [17oz] Ultralight Insulated Inflatable Camping Sleeping Pad - Backpacking Sleeping Pad - Camping Mattress Compact L","1","amazon.com","Standard Orders","Amazon","SOUTHBURY","CT","06488","MarketplaceFacilitator","-76.50","-4.86","0","0","0","0","0","0","0","0","4.86","9.18","0","0","0","-67.32","Released","Jan 12, 2026 12:06:33 AM PST"
"Jan 7, 2026 9:15:31 AM PST","25392467641","Order","112-9940658-4152226","GDCampingPillowBlue","Gear Doctors 3.5oz Compact Ultralight Inflatable Camping Pillow - Inflatable Camp Pillow - Backpacking Pillows Ultralight- Camping Pillows for Sleepin","1","amazon.com","Standard Orders","Amazon","FOOTHILL RANCH","CA","92610","MarketplaceFacilitator","14.99","1.16","0","0","0","0","0","0","0","0","-1.16","-2.25","-4.16","0","0","8.58","Released","Jan 16, 2026 4:16:15 AM PST"
"Jan 7, 2026 9:16:12 AM PST","25392467641","Order","111-3368563-8157801","GDClassic01","Gear Doctors Oxylus 4.3R-Value Insulated Foam Self Inflating Sleeping Pad Camping-Sleeping Pad Backpacking Air Mattress-Camping Mattress Self Inflatin","1","amazon.com","Standard Orders","Amazon","MONCKS CORNER","SC","29461","MarketplaceFacilitator","37.49","3.37","0","0","0","0","0","0","0","0","-3.37","-5.62","-8.10","0","0","23.77","Released","Jan 15, 2026 8:00:35 PM PST"
"Jan 7, 2026 9:18:17 AM PST","25392467641","Order","114-6815516-4100255","GDCampingPillowOrange","Gear Doctors 3.5oz Compact Ultralight Inflatable Camping Pillow- Inflatable Camp Pillow- Backpacking Pillows Ultralight- Camping Pillows for Sleeping,","1","amazon.com","Standard Orders","Amazon","CANTON","MI","48187","MarketplaceFacilitator","14.99","0.90","0.54","0","0","0","0","0","-0.54","0","-0.90","-2.25","-4.16","0","0","8.58","Released","Jan 17, 2026 4:05:11 AM PST"
"Jan 7, 2026 9:23:18 AM PST","25392467641","Order","114-9101659-3491438","GDApolloAir01","Gear Doctors ApolloAir 5.2 R-Value [17oz] Ultralight Insulated Inflatable Camping Sleeping Pad - Backpacking Sleeping Pad - Camping Mattress Compact L","1","amazon.com","Standard Orders","Amazon","VISTA","CA","92083","MarketplaceFacilitator","76.50","6.31","1.49","0","0","0","0","0","-1.49","0","-6.31","-11.48","-5.68","0","0","59.34","Released","Jan 15, 2026 4:44:08 AM PST"
"Jan 7, 2026 9:52:24 AM PST","25392467641","Order","111-0944611-6014615","GDCampingPillowBlue","Gear Doctors 3.5oz Compact Ultralight Inflatable Camping Pillow - Inflatable Camp Pillow - Backpacking Pillows Ultralight- Camping Pillows for Sleepin","1","amazon.com","Standard Orders","Amazon","FARMINGTON","NM","87402","MarketplaceFacilitator","14.99","1.23","0","0","0","0","0","0","0","0","-1.23","-2.25","-4.16","0","0","8.58","Released","Jan 19, 2026 2:11:18 AM PST"
"Jan 7, 2026 10:15:23 AM PST","25392467641","Order","114-1849549-0221050","Ether-01","Gear Doctors® Ether 17.5oz Ultralight Camping Sleeping Pad - Backpacking Air Mattress - Camping Mattress Pad - Compact Inflatable Sleeping Mat for Ba","1","amazon.com","Standard Orders","Amazon","PORT ALSWORTH","AK","99653","MarketplaceFacilitator","33.99","0","0","0","0","0","0","0","0","0","0","-5.10","-5.68","0","0","23.21","Released","Jan 20, 2026 12:55:43 AM PST"
"Jan 7, 2026 10:49:50 AM PST","25392467641","Order","114-9544558-5267404","Ether-01","Gear Doctors® Ether 17.5oz Ultralight Camping Sleeping Pad - Backpacking Air Mattress - Camping Mattress Pad - Compact Inflatable Sleeping Mat for Ba","1","amazon.com","Standard Orders","Amazon","JASPER","IN","47546","MarketplaceFacilitator","33.99","2.38","10.72","0","0","0","0","0","0","0","-2.38","-5.10","-16.40","0","0","23.21","Released","Jan 17, 2026 5:12:37 AM PST"
"Jan 7, 2026 10:57:08 AM PST","25392467641","Order","114-7227088-3241833","GDApolloAir01","Gear Doctors ApolloAir 5.2 R-Value [17oz] Ultralight Insulated Inflatable Camping Sleeping Pad - Backpacking Sleeping Pad - Camping Mattress Compact L","1","amazon.com","Standard Orders","Amazon","NORTH ATTLEBORO","MA","02760","MarketplaceFacilitator","76.50","4.78","0","0","0","0","0","0","0","0","-4.78","-11.48","-5.68","0","0","59.34","Released","Jan 16, 2026 3:02:52 AM PST"
"Jan 7, 2026 11:14:38 AM PST","25280479521","Refund","111-8737949-6361033","Ether-01","Gear Doctors® Ether 17.5oz Ultralight Camping Sleeping Pad - Backpacking Air Mattress - Camping Mattress Pad - Compact Inflatable Sleeping Mat for Ba","1","amazon.com","Standard Orders","Amazon","PEYTON","CO","80831","MarketplaceFacilitator","-33.99","-1.74","0","0","0","0","0","0","0","0","1.74","4.08","0","0","0","-29.91","Released","Jan 7, 2026 11:14:38 AM PST"
"Jan 7, 2026 11:16:03 AM PST","25392467641","Order","111-6917370-0857800","GDClassic01","Gear Doctors Oxylus 4.3R-Value Insulated Foam Self Inflating Sleeping Pad Camping-Sleeping Pad Backpacking Air Mattress-Camping Mattress Self Inflatin","1","amazon.com","Standard Orders","Amazon","MESA","AZ","85210","MarketplaceFacilitator","37.49","3.11","2.99","0","0","0","0","0","-2.99","0","-3.11","-5.62","-8.10","0","0","23.77","Released","Jan 15, 2026 3:41:48 AM PST"
"Jan 7, 2026 11:43:31 AM PST","25392467641","Order","112-8094901-3195458","Ether-01","Gear Doctors® Ether 17.5oz Ultralight Camping Sleeping Pad - Backpacking Air Mattress - Camping Mattress Pad - Compact Inflatable Sleeping Mat for Ba","1","amazon.com","Standard Orders","Amazon","ORLANDO","FL","32812","MarketplaceFacilitator","33.99","2.21","0","0","0","0","0","0","0","0","-2.21","-5.10","-5.68","0","0","23.21","Released","Jan 15, 2026 10:32:26 PM PST"
"Jan 7, 2026 12:15:30 PM PST","25392467641","Order","112-6657292-9977003","Ether-01","Gear Doctors® Ether 17.5oz Ultralight Camping Sleeping Pad - Backpacking Air Mattress - Camping Mattress Pad - Compact Inflatable Sleeping Mat for Ba","4","amazon.com","Standard Orders","Amazon","HARRISON","NY","10528","MarketplaceFacilitator","135.96","11.40","0","0","0","0","0","0","0","0","-11.40","-20.40","-22.72","0","0","92.84","Released","Jan 16, 2026 1:53:14 AM PST"
"Jan 7, 2026 12:16:01 PM PST","25280479521","Adjustment","114-9947527-5561862","GDClassic01","FBA Inventory Reimbursement - Customer Return","1","","Standard Orders","","","","","","0","0","0","0","0","0","0","0","0","0","0","0","0","0","23.77","23.77","Released","Jan 7, 2026 12:16:01 PM PST"
"Jan 7, 2026 12:17:48 PM PST","25392467641","Order","112-0255958-3012233","GDClassic01","Gear Doctors Oxylus 4.3R-Value Insulated Foam Self Inflating Sleeping Pad Camping-Sleeping Pad Backpacking Air Mattress-Camping Mattress Self Inflatin","1","amazon.com","Standard Orders","Amazon","SAN DIEGO","CA","92130","MarketplaceFacilitator","37.49","2.91","0","0","0","0","0","0","0","0","-5.82","-11.24","-8.10","0","0","15.24","Released","Jan 16, 2026 4:53:33 AM PST"
"Jan 7, 2026 12:17:48 PM PST","25392467641","Order","112-0255958-3012233","GDClassic01","Gear Doctors Oxylus 4.3R-Value Insulated Foam Self Inflating Sleeping Pad Camping-Sleeping Pad Backpacking Air Mattress-Camping Mattress Self Inflatin","1","amazon.com","Standard Orders","Amazon","SAN DIEGO","CA","92130","","37.49","2.91","0","0","0","0","0","0","0","0","0","0","-8.10","0","0","32.30","Released","Jan 16, 2026 4:53:33 AM PST"
"Jan 7, 2026 12:25:13 PM PST","25280479521","Refund","113-8699120-9223442","Ether-01","Gear Doctors® Ether 17.5oz Ultralight Camping Sleeping Pad - Backpacking Air Mattress - Camping Mattress Pad - Compact Inflatable Sleeping Mat for Ba","4","amazon.com","Standard Orders","Amazon","FAIRFAX STATION","VA","22039","MarketplaceFacilitator","-135.96","-8.16","-2.99","0","0","0","0","0","2.99","0","8.16","16.32","0","0","0","-119.64","Released","Jan 7, 2026 12:25:13 PM PST"
"Jan 7, 2026 12:42:15 PM PST","25392467641","Order","111-1010393-6357046","Ether-01","Gear Doctors® Ether 17.5oz Ultralight Camping Sleeping Pad - Backpacking Air Mattress - Camping Mattress Pad - Compact Inflatable Sleeping Mat for Ba","1","amazon.com","Standard Orders","Amazon","HARVIELL","MO","63945","MarketplaceFacilitator","33.99","1.44","2.96","0","0","0","0","0","-2.96","0","-1.44","-5.10","-5.68","0","0","23.21","Released","Jan 17, 2026 5:17:43 AM PST"
"Jan 7, 2026 12:56:11 PM PST","25392467641","Refund","114-6981965-9993000","Ether-01","Gear Doctors® Ether 17.5oz Ultralight Camping Sleeping Pad - Backpacking Air Mattress - Camping Mattress Pad - Compact Inflatable Sleeping Mat for Ba","1","amazon.com","Standard Orders","Amazon","Tamarac","FL","33319","MarketplaceFacilitator","-33.99","-2.38","0","0","0","0","0","0","0","0","2.38","4.08","0","0","0","-29.91","Released","Jan 14, 2026 1:17:12 AM PST"
"Jan 7, 2026 1:02:21 PM PST","25392467641","Order","111-2793046-5455437","Ether-01","Gear Doctors® Ether 17.5oz Ultralight Camping Sleeping Pad - Backpacking Air Mattress - Camping Mattress Pad - Compact Inflatable Sleeping Mat for Ba","1","amazon.com","Standard Orders","Amazon","LADSON","SC","29456","MarketplaceFacilitator","33.99","2.38","0","0","0","0","0","0","0","0","-2.38","-5.10","-5.68","0","0","23.21","Released","Jan 16, 2026 1:03:00 AM PST"
"Jan 7, 2026 1:02:21 PM PST","25392467641","Order","111-2793046-5455437","GDCampingPillowBlue","Gear Doctors 3.5oz Compact Ultralight Inflatable Camping Pillow - Inflatable Camp Pillow - Backpacking Pillows Ultralight- Camping Pillows for Sleepin","1","amazon.com","Standard Orders","Amazon","LADSON","SC","29456","MarketplaceFacilitator","14.99","1.05","0","0","0","0","0","0","0","0","-1.05","-2.25","-4.16","0","0","8.58","Released","Jan 16, 2026 1:03:00 AM PST"
"Jan 7, 2026 1:09:59 PM PST","25392467641","Refund","114-5357208-3196201","GDApolloAir01","Gear Doctors ApolloAir 5.2 R-Value [17oz] Ultralight Insulated Inflatable Camping Sleeping Pad - Backpacking Sleeping Pad - Camping Mattress Compact L","1","amazon.com","Standard Orders","Amazon","MONROVIA","CA","91016","MarketplaceFacilitator","-76.50","-8.03","0","0","0","0","0","0","0","0","8.03","9.18","0","0","0","-67.32","Released","Jan 12, 2026 2:56:00 AM PST"
"Jan 7, 2026 2:18:22 PM PST","25392467641","Order","112-1345876-5974669","GDClassic01","Gear Doctors Oxylus 4.3R-Value Insulated Foam Self Inflating Sleeping Pad Camping-Sleeping Pad Backpacking Air Mattress-Camping Mattress Self Inflatin","1","amazon.com","Standard Orders","Amazon","HENDERSONVILLE","TN","37075","MarketplaceFacilitator","37.49","3.47","0","0","0","0","0","0","0","0","-3.47","-5.62","-8.10","0","0","23.77","Released","Jan 16, 2026 4:18:38 AM PST"
"Jan 7, 2026 3:04:38 PM PST","25280479521","Refund","114-9678243-7717846","GDClassic01","Gear Doctors Self Inflating Camping Sleeping Pad for Camping 4.3 R Insulated Camping mats-1.5 in Must Haves Inflatable Foam air Sleep mat Self Inflati","1","amazon.com","Standard Orders","Amazon","SEATTLE","WA","98199","MarketplaceFacilitator","-37.49","-3.88","0","0","0","0","0","0","0","0","3.88","4.50","0","0","0","-32.99","Released","Jan 7, 2026 3:04:38 PM PST"
"Jan 7, 2026 3:30:41 PM PST","25392467641","Order","113-4588015-3163425","GDApolloAir-02","Gear Doctors ApolloAir 5.2 R-Value [25oz] Ultralight Insulated Inflatable Camping Sleeping Pad - Backpacking Sleeping Pad - Camping Mattress Compact L","2","amazon.com","Standard Orders","Amazon","HUNTINGTON BEACH","CA","92646","MarketplaceFacilitator","179.98","13.94","0","0","0","0","0","0","0","0","-13.94","-27.00","-12.20","0","0","140.78","Released","Jan 16, 2026 4:41:11 AM PST"
"Jan 7, 2026 3:41:59 PM PST","25392467641","Order","111-5025278-2117018","GDCampingPillowOrange","Gear Doctors 3.5oz Compact Ultralight Inflatable Camping Pillow- Inflatable Camp Pillow- Backpacking Pillows Ultralight- Camping Pillows for Sleeping,","1","amazon.com","Standard Orders","Amazon","West Palm Beach","Fl","33413","MarketplaceFacilitator","14.99","0.97","0","0","0","0","0","0","0","0","-0.97","-2.25","-4.16","0","0","8.58","Released","Jan 16, 2026 1:48:19 AM PST"
"Jan 7, 2026 3:50:28 PM PST","25280479521","Refund","114-3306148-9668251","GDCampingPillowBlue","Gear Doctors 3.5oz Compact Ultralight Inflatable Camping Pillow - Inflatable Camp Pillow - Backpacking Pillows Ultralight- Camping Pillows for Sleepin","1","amazon.com","Standard Orders","Amazon","MOORESVILLE","IN","46158","MarketplaceFacilitator","-14.99","-1.05","0","0","0","0","0","0","0","0","1.05","1.80","0","0","0","-13.19","Released","Jan 7, 2026 3:50:28 PM PST"
"Jan 7, 2026 4:02:31 PM PST","25392467641","Order","111-7702909-1009053","GDClassic01","Gear Doctors Oxylus 4.3R-Value Insulated Foam Self Inflating Sleeping Pad Camping-Sleeping Pad Backpacking Air Mattress-Camping Mattress Self Inflatin","1","amazon.com","Standard Orders","Amazon","LAKESIDE","CA","92040","MarketplaceFacilitator","37.49","2.91","0","0","0","0","0","0","0","0","-2.91","-5.62","-8.10","0","0","23.77","Released","Jan 15, 2026 8:41:06 PM PST"
"Jan 7, 2026 4:56:46 PM PST","25392467641","Order","112-3279110-5997845","GDApolloAir01","Gear Doctors ApolloAir 5.2 R-Value [17oz] Ultralight Insulated Inflatable Camping Sleeping Pad - Backpacking Sleeping Pad - Camping Mattress Compact L","1","amazon.com","Standard Orders","Amazon","LAND O LAKES","WI","54540","MarketplaceFacilitator","76.50","4.21","0","0","0","0","0","0","0","0","-4.21","-11.48","-5.68","0","0","59.34","Released","Jan 17, 2026 5:34:26 AM PST"
"Jan 7, 2026 6:10:13 PM PST","25392467641","Order","113-3146722-1651431","Ether-01","Gear Doctors® Ether 17.5oz Ultralight Camping Sleeping Pad - Backpacking Air Mattress - Camping Mattress Pad - Compact Inflatable Sleeping Mat for Ba","1","amazon.com","Standard Orders","Amazon","VALLEY CENTER","CA","92082","MarketplaceFacilitator","33.99","2.63","2.99","0","0","0","0","0","-2.99","0","-2.63","-5.10","-5.68","0","0","23.21","Released","Jan 15, 2026 7:17:32 AM PST"
"Jan 7, 2026 6:10:49 PM PST","25392467641","Order","112-1026129-3245812","GDClassic01","Gear Doctors Oxylus 4.3R-Value Insulated Foam Self Inflating Sleeping Pad Camping-Sleeping Pad Backpacking Air Mattress-Camping Mattress Self Inflatin","1","amazon.com","Standard Orders","Amazon","SALEM","OR","97306","","37.49","0","0","0","0","0","0","0","0","0","0","-5.62","-8.10","0","0","23.77","Released","Jan 16, 2026 12:02:37 AM PST"
"Jan 7, 2026 6:42:08 PM PST","25392467641","Order","113-8380196-7676248","GDClassic01","Gear Doctors Oxylus 4.3R-Value Insulated Foam Self Inflating Sleeping Pad Camping-Sleeping Pad Backpacking Air Mattress-Camping Mattress Self Inflatin","1","amazon.com","Standard Orders","Amazon","NEW ROCHELLE","NY","10801","MarketplaceFacilitator","37.49","3.14","0.75","0","0","0","0","0","-0.75","0","-3.14","-5.62","-8.10","0","0","23.77","Released","Jan 15, 2026 3:23:15 AM PST"
"Jan 7, 2026 6:53:04 PM PST","25392467641","Order","114-3504928-3141023","GDClassic01","Gear Doctors Oxylus 4.3R-Value Insulated Foam Self Inflating Sleeping Pad Camping-Sleeping Pad Backpacking Air Mattress-Camping Mattress Self Inflatin","3","amazon.com","Standard Orders","Amazon","SNEADS FERRY","NC","28460","MarketplaceFacilitator","112.47","7.86","0","0","0","0","0","0","0","0","-7.86","-16.86","-24.30","0","0","71.31","Released","Jan 17, 2026 10:20:21 AM PST"
"Jan 7, 2026 7:19:55 PM PST","25392467641","Order","112-1024815-2160216","GDClassic01","Gear Doctors Oxylus 4.3R-Value Insulated Foam Self Inflating Sleeping Pad Camping-Sleeping Pad Backpacking Air Mattress-Camping Mattress Self Inflatin","1","amazon.com","Standard Orders","Amazon","CHUBBUCK","ID","83202","MarketplaceFacilitator","37.49","2.25","0","0","0","0","0","0","0","0","-2.25","-5.62","-8.10","0","0","23.77","Released","Jan 15, 2026 8:38:22 PM PST"
"Jan 7, 2026 7:45:33 PM PST","25392467641","Order","114-6504875-2257043","GDApolloAir01","Gear Doctors ApolloAir 5.2 R-Value [17oz] Ultralight Insulated Inflatable Camping Sleeping Pad - Backpacking Sleeping Pad - Camping Mattress Compact L","1","amazon.com","Standard Orders","Amazon","BLOOMINGDALE","GA","31302","MarketplaceFacilitator","76.50","5.36","0","0","0","0","0","0","0","0","-5.36","-11.48","-5.68","0","0","59.34","Released","Jan 17, 2026 6:54:10 AM PST"
"Jan 7, 2026 7:54:08 PM PST","25392467641","Order","114-9014607-7888218","Ether-01","Gear Doctors® Ether 17.5oz Ultralight Camping Sleeping Pad - Backpacking Air Mattress - Camping Mattress Pad - Compact Inflatable Sleeping Mat for Ba","1","amazon.com","Standard Orders","Amazon","LINO LAKES","MN","55014","MarketplaceFacilitator","33.99","2.76","0","0","0","0","0","0","0","0","-2.76","-5.10","-5.68","0","0","23.21","Released","Jan 16, 2026 1:04:28 AM PST"
"Jan 7, 2026 8:27:11 PM PST","25280479521","Adjustment","113-5373879-5837039","Ether-01","FBA Inventory Reimbursement - Customer Service Issue","1","","Standard Orders","","","","","","0","0","0","0","0","0","0","0","0","0","0","0","0","0","23.21","23.21","Released","Jan 7, 2026 8:27:11 PM PST"
"Jan 7, 2026 8:55:23 PM PST","25392467641","Order","111-9832361-1833004","GDClassic01","Gear Doctors Oxylus 4.3R-Value Insulated Foam Self Inflating Sleeping Pad Camping-Sleeping Pad Backpacking Air Mattress-Camping Mattress Self Inflatin","1","amazon.com","Standard Orders","Amazon","EAST GRAND RAPIDS","MI","49506","MarketplaceFacilitator","37.49","2.25","0","0","0","0","0","0","0","0","-2.25","-5.62","-8.10","0","0","23.77","Released","Jan 16, 2026 7:56:53 AM PST"
"Jan 7, 2026 8:57:20 PM PST","25280479521","Service Fee","","","Cost of Advertising","","","Standard Orders","","","","","","0","0","0","0","0","0","0","0","0","0","0","0","0","-501.02","0","-501.02","Released","Jan 7, 2026 8:57:20 PM PST"
"Jan 7, 2026 9:01:13 PM PST","25280479521","Order_Retrocharge","114-1931230-3149830","","retrocharge for orderid 114-1931230-3149830","","Amazon.com","Standard Orders","","","","","","0","2.92","0","0","0","0","0","0","0","0","-2.92","0","0","0","0","0","Released","Jan 7, 2026 9:01:13 PM PST"
"Jan 7, 2026 9:14:43 PM PST","25392467641","Order","112-1438896-1963418","GDCampingPillowOrange","Gear Doctors 3.5oz Compact Ultralight Inflatable Camping Pillow- Inflatable Camp Pillow- Backpacking Pillows Ultralight- Camping Pillows for Sleeping,","1","amazon.com","Standard Orders","Amazon","SACRAMENTO","CA","95819","MarketplaceFacilitator","14.99","1.31","0","0","0","0","0","0","0","0","-1.31","-2.25","-4.16","0","0","8.58","Released","Jan 17, 2026 3:57:52 AM PST"
"Jan 7, 2026 9:20:36 PM PST","25392467641","Order","111-7513559-2582639","GDClassic01","Gear Doctors Oxylus 4.3R-Value Insulated Foam Self Inflating Sleeping Pad Camping-Sleeping Pad Backpacking Air Mattress-Camping Mattress Self Inflatin","1","amazon.com","Standard Orders","Amazon","FORT BRAGG","CA","95437","MarketplaceFacilitator","37.49","2.95","0","0","0","0","0","0","0","0","-2.95","-5.62","-8.10","0","0","23.77","Released","Jan 17, 2026 7:12:17 AM PST"
"Jan 7, 2026 10:05:54 PM PST","25392467641","Order","114-9283423-9133827","GDCampingPillowOrange","Gear Doctors 3.5oz Compact Ultralight Inflatable Camping Pillow- Inflatable Camp Pillow- Backpacking Pillows Ultralight- Camping Pillows for Sleeping,","1","amazon.com","Standard Orders","Amazon","JERSEY CITY","NJ","07305","MarketplaceFacilitator","14.99","0.99","0","0","0","0","0","0","0","0","-0.99","-2.25","-4.16","0","0","8.58","Released","Jan 17, 2026 1:49:12 AM PST"
"Jan 7, 2026 10:31:58 PM PST","25392467641","Order","112-4731921-2034603","GDClassic01","Gear Doctors Oxylus 4.3R-Value Insulated Foam Self Inflating Sleeping Pad Camping-Sleeping Pad Backpacking Air Mattress-Camping Mattress Self Inflatin","1","amazon.com","Standard Orders","Amazon","BLOOMINGTON","IN","47406","MarketplaceFacilitator","37.49","2.62","0","0","0","0","0","0","0","0","-2.62","-5.62","-8.10","0","0","23.77","Released","Jan 15, 2026 11:17:01 PM PST"
"Jan 7, 2026 11:35:29 PM PST","25392467641","Order","113-0277264-5313868","GDClassic01","Gear Doctors Oxylus 4.3R-Value Insulated Foam Self Inflating Sleeping Pad Camping-Sleeping Pad Backpacking Air Mattress-Camping Mattress Self Inflatin","1","amazon.com","Standard Orders","Amazon","ROUND ROCK","TX","78681","MarketplaceFacilitator","37.49","3.09","0","0","0","0","0","0","0","0","-3.09","-5.62","-8.10","0","0","23.77","Released","Jan 16, 2026 1:08:51 AM PST"
"Jan 7, 2026 11:41:18 PM PST","25392467641","Order","113-9976027-1038634","Ether-01","Gear Doctors® Ether 17.5oz Ultralight Camping Sleeping Pad - Backpacking Air Mattress - Camping Mattress Pad - Compact Inflatable Sleeping Mat for Ba","1","amazon.com","Standard Orders","Amazon","COLORADO SPRINGS","CO","80913","MarketplaceFacilitator","33.99","1.74","0","0","0","0","0","0","0","0","-1.74","-5.10","-5.68","0","0","23.21","Released","Jan 16, 2026 7:04:12 AM PST"
"Jan 7, 2026 11:53:29 PM PST","25392467641","Order","112-7059104-2921833","GDClassic01","Gear Doctors Oxylus 4.3R-Value Insulated Foam Self Inflating Sleeping Pad Camping-Sleeping Pad Backpacking Air Mattress-Camping Mattress Self Inflatin","1","amazon.com","Standard Orders","Amazon","SACRAMENTO","CA","95826","MarketplaceFacilitator","37.49","2.91","0","0","0","0","0","0","0","0","-2.91","-5.62","-8.10","0","0","23.77","Released","Jan 15, 2026 10:40:39 PM PST"
"Jan 8, 2026 12:11:59 AM PST","25392467641","Order","111-0792843-5050619","GDClassic01","Gear Doctors Oxylus 4.3R-Value Insulated Foam Self Inflating Sleeping Pad Camping-Sleeping Pad Backpacking Air Mattress-Camping Mattress Self Inflatin","1","amazon.com","Standard Orders","Amazon","OTTAWA","IL","61350","MarketplaceFacilitator","37.49","2.81","1.50","0","0","0","0","0","-1.50","0","-2.81","-5.62","-8.10","0","0","23.77","Released","Jan 15, 2026 5:29:22 AM PST"
"Jan 8, 2026 12:35:33 AM PST","25392467641","Order","112-6155963-8978665","GDCampingPillowOrange","Gear Doctors 3.5oz Compact Ultralight Inflatable Camping Pillow- Inflatable Camp Pillow- Backpacking Pillows Ultralight- Camping Pillows for Sleeping,","1","amazon.com","Standard Orders","Amazon","Tacoma","WA","98445","MarketplaceFacilitator","14.99","1.51","0","0","0","0","0","0","0","0","-1.51","-2.25","-4.16","0","0","8.58","Released","Jan 17, 2026 4:05:19 AM PST"
"Jan 8, 2026 12:40:56 AM PST","25392467641","Order","112-5541525-0657022","GDClassic01","Gear Doctors Oxylus 4.3R-Value Insulated Foam Self Inflating Sleeping Pad Camping-Sleeping Pad Backpacking Air Mattress-Camping Mattress Self Inflatin","1","amazon.com","Standard Orders","Amazon","IDAHO FALLS","ID","83402","MarketplaceFacilitator","37.49","2.25","0","0","0","0","0","0","0","0","-2.25","-5.62","-8.10","0","0","23.77","Released","Jan 16, 2026 3:21:19 AM PST"
"Jan 8, 2026 12:47:17 AM PST","25392467641","Refund","112-7564993-1834654","GDClassic01","Gear Doctors Oxylus 4.3R-Value Insulated Foam Self Inflating Sleeping Pad Camping-Sleeping Pad Backpacking Air Mattress-Camping Mattress Self Inflatin","1","amazon.com","Standard Orders","Amazon","NORTHPORT","AL","35476","MarketplaceFacilitator","-37.49","-3.00","0","0","0","0","0","0","0","0","6.00","8.99","0","0","0","-25.50","Released","Jan 13, 2026 12:45:12 PM PST"
"Jan 8, 2026 12:47:17 AM PST","25392467641","Refund","112-7564993-1834654","GDClassic01","Gear Doctors Oxylus 4.3R-Value Insulated Foam Self Inflating Sleeping Pad Camping-Sleeping Pad Backpacking Air Mattress-Camping Mattress Self Inflatin","1","amazon.com","Standard Orders","Amazon","NORTHPORT","AL","35476","","-37.49","-3.00","0","0","0","0","0","0","0","0","0","0","0","0","0","-40.49","Released","Jan 13, 2026 12:45:12 PM PST"
"Jan 8, 2026 1:09:10 AM PST","25392467641","Order","111-2690341-7128217","Ether-01","Gear Doctors® Ether 17.5oz Ultralight Camping Sleeping Pad - Backpacking Air Mattress - Camping Mattress Pad - Compact Inflatable Sleeping Mat for Ba","1","amazon.com","Standard Orders","Amazon","CORVALLIS","OR","97330","","33.99","0","0","0","0","0","0","0","0","0","0","-5.10","-5.68","0","0","23.21","Released","Jan 16, 2026 1:05:28 AM PST"
"Jan 8, 2026 1:14:38 AM PST","25392467641","Order","112-9789594-1957842","Ether-01","Gear Doctors® Ether 17.5oz Ultralight Camping Sleeping Pad - Backpacking Air Mattress - Camping Mattress Pad - Compact Inflatable Sleeping Mat for Ba","1","amazon.com","Standard Orders","Amazon","WEST SACRAMENTO","CA","95691","MarketplaceFacilitator","33.99","3.14","2.99","0","0","0","0","0","-2.99","0","-3.14","-5.10","-5.68","0","0","23.21","Released","Jan 15, 2026 6:56:51 AM PST"
"Jan 8, 2026 1:28:31 AM PST","25392467641","Order","112-4384102-1502605","Ether-01","Gear Doctors® Ether 17.5oz Ultralight Camping Sleeping Pad - Backpacking Air Mattress - Camping Mattress Pad - Compact Inflatable Sleeping Mat for Ba","1","amazon.com","Standard Orders","Amazon","MILFORD","NJ","08848","MarketplaceFacilitator","33.99","2.25","0","0","0","0","0","0","0","0","-2.25","-5.10","-5.68","0","0","23.21","Released","Jan 16, 2026 11:15:02 PM PST"
"Jan 8, 2026 1:56:58 AM PST","25280479521","Adjustment","113-5373879-5837039","Ether-01","FBA Inventory Reimbursement - Customer Return","1","","Standard Orders","","","","","","0","0","0","0","0","0","0","0","0","0","0","0","0","0","23.21","23.21","Released","Jan 8, 2026 1:56:58 AM PST"
"Jan 8, 2026 2:20:01 AM PST","25392467641","Order","112-6641718-4287422","GDClassic01","Gear Doctors Oxylus 4.3R-Value Insulated Foam Self Inflating Sleeping Pad Camping-Sleeping Pad Backpacking Air Mattress-Camping Mattress Self Inflatin","1","amazon.com","Standard Orders","Amazon","Dardanelle","AR","72834","MarketplaceFacilitator","37.49","2.86","0","0","0","0","0","0","0","0","-2.86","-5.62","-8.10","0","0","23.77","Released","Jan 17, 2026 4:15:01 AM PST"
"Jan 8, 2026 2:29:13 AM PST","25392467641","Order","114-4742081-0856252","GDCampingPillowBlue","Gear Doctors 3.5oz Compact Ultralight Inflatable Camping Pillow - Inflatable Camp Pillow - Backpacking Pillows Ultralight- Camping Pillows for Sleepin","1","amazon.com","Standard Orders","Amazon","MIAMI BEACH","FL","33139","MarketplaceFacilitator","14.99","1.05","0.14","0","0","0","0","0","0","0","-1.05","-2.25","-4.30","0","0","8.58","Released","Jan 17, 2026 11:50:46 AM PST"
"Jan 8, 2026 2:29:55 AM PST","25392467641","Order","112-7794113-7104237","GDClassic01","Gear Doctors Oxylus 4.3R-Value Insulated Foam Self Inflating Sleeping Pad Camping-Sleeping Pad Backpacking Air Mattress-Camping Mattress Self Inflatin","1","amazon.com","Standard Orders","Amazon","SAINT PAUL","MN","55105","MarketplaceFacilitator","37.49","3.33","1.50","0","0","0","0","0","-5.25","0","-3.33","-5.06","-8.10","0","0","20.58","Released","Jan 15, 2026 6:35:15 AM PST"
"Jan 8, 2026 3:44:29 AM PST","25392467641","Order","112-9908624-7091433","Ether-01","Gear Doctors® Ether 17.5oz Ultralight Camping Sleeping Pad - Backpacking Air Mattress - Camping Mattress Pad - Compact Inflatable Sleeping Mat for Ba","1","amazon.com","Standard Orders","Amazon","Superior","CO","80027","MarketplaceFacilitator","33.99","2.79","1.00","0","0","0","0","0","-4.40","0","-2.79","-4.59","-5.68","0","0","20.32","Released","Jan 15, 2026 6:18:14 AM PST"
"Jan 8, 2026 4:10:29 AM PST","25392467641","Order","112-8190571-7317846","Ether-01","Gear Doctors® Ether 17.5oz Ultralight Camping Sleeping Pad - Backpacking Air Mattress - Camping Mattress Pad - Compact Inflatable Sleeping Mat for Ba","1","amazon.com","Standard Orders","Amazon","SCOTTSDALE","AZ","85250","MarketplaceFacilitator","33.99","2.72","0","0","0","0","0","0","0","0","-2.72","-5.10","-5.68","0","0","23.21","Released","Jan 16, 2026 5:33:10 AM PST"
"Jan 8, 2026 4:13:04 AM PST","25495925401","Order","113-9253432-5685028","GDCampingPillowOrange","Gear Doctors 3.5oz Compact Ultralight Inflatable Camping Pillow- Inflatable Camp Pillow- Backpacking Pillows Ultralight- Camping Pillows for Sleeping,","1","amazon.com","Standard Orders","Amazon","Ontario","CA","91762","MarketplaceFacilitator","14.99","0","0","0","0","0","0","0","0","0","0","-2.25","-4.16","0","0","8.58","Released","Jan 26, 2026 8:26:28 PM PST"
"Jan 8, 2026 4:33:37 AM PST","25392467641","Order","113-2383080-0688247","GDCampingPillowTeal","Gear Doctors 3.5oz Compact Ultralight Inflatable Camping Pillow - Inflatable Camp Pillow - Backpacking Pillows Ultralight- Camping Pillows for Sleepin","1","amazon.com","Standard Orders","Amazon","SUGARCRK TWP","OH","45305","MarketplaceFacilitator","14.99","1.01","0","0","0","0","0","0","0","0","-1.01","-2.25","-4.16","0","0","8.58","Released","Jan 17, 2026 6:42:43 AM PST"
"Jan 8, 2026 4:35:33 AM PST","25280479521","FBA Inventory Fee","","","FBA storage fee","","Amazon.com","Standard Orders","","","","","","0","0","0","0","0","0","0","0","0","0","0","0","0","0","-3,644.73","-3,644.73","Released","Jan 8, 2026 4:35:33 AM PST"
"Jan 8, 2026 4:42:51 AM PST","25392467641","Order","113-9663161-7799462","GDApolloAir01","Gear Doctors ApolloAir 5.2 R-Value [17oz] Ultralight Insulated Inflatable Camping Sleeping Pad - Backpacking Sleeping Pad - Camping Mattress Compact L","1","amazon.com","Standard Orders","Amazon","Kaneohe","HI","96744","MarketplaceFacilitator","76.50","3.60","0","0","0","0","0","0","0","0","-3.60","-11.48","-5.68","0","0","59.34","Released","Jan 17, 2026 12:34:38 PM PST"
"Jan 8, 2026 5:30:27 AM PST","25280479521","Order","113-1373244-9451418","GDApolloAir-02","Gear Doctors ApolloAir 5.2 R-Value [25oz] Ultralight Insulated Inflatable Camping Sleeping Pad - Backpacking Sleeping Pad - Camping Mattress Compact L","1","amazon.com","Standard Orders","Amazon","MOREHEAD","KY","40351","MarketplaceFacilitator","0","0","0","0","0","0","0","0","0","0","0","0","0","0","0","0","Released","Jan 8, 2026 5:30:27 AM PST"
"Jan 8, 2026 6:03:53 AM PST","25392467641","Refund","112-8266669-8735435","GDCampingPillowBlue","Gear Doctors 3.5oz Compact Ultralight Inflatable Camping Pillow - Inflatable Camp Pillow - Backpacking Pillows Ultralight- Camping Pillows for Sleepin","1","amazon.com","Standard Orders","Amazon","BAKERSFIELD","CA","93314","MarketplaceFacilitator","-14.99","-1.24","0","0","0","0","0","0","0","0","1.24","1.80","0","0","0","-13.19","Released","Jan 15, 2026 7:34:18 AM PST"
"Jan 8, 2026 6:31:06 AM PST","25392467641","Order","113-1213559-2489038","Ether-01","Gear Doctors® Ether 17.5oz Ultralight Camping Sleeping Pad - Backpacking Air Mattress - Camping Mattress Pad - Compact Inflatable Sleeping Mat for Ba","2","amazon.com","Standard Orders","Amazon","BECKET","MA","01223","MarketplaceFacilitator","67.98","4.24","6.04","0","0","0","0","0","-6.04","0","-4.24","-10.20","-11.36","0","0","46.42","Released","Jan 17, 2026 3:27:15 AM PST"
"Jan 8, 2026 6:58:33 AM PST","25392467641","Order","112-3332888-9758624","Ether-01","Gear Doctors® Ether 17.5oz Ultralight Camping Sleeping Pad - Backpacking Air Mattress - Camping Mattress Pad - Compact Inflatable Sleeping Mat for Ba","1","amazon.com","Standard Orders","Amazon","CHARLESTON AFB","SC","29404","MarketplaceFacilitator","33.99","3.06","0","0","0","0","0","0","0","0","-3.06","-5.10","-5.68","0","0","23.21","Released","Jan 17, 2026 1:38:59 AM PST"
"Jan 8, 2026 7:50:01 AM PST","25495925401","Order","113-7035799-4617814","GDCampingPillowOrange","Gear Doctors 3.5oz Compact Ultralight Inflatable Camping Pillow- Inflatable Camp Pillow- Backpacking Pillows Ultralight- Camping Pillows for Sleeping,","1","amazon.com","Standard Orders","Amazon","FAIRBANKS","AK","99708","MarketplaceFacilitator","14.99","0","0","0","0","0","0","0","0","0","0","-2.25","-4.16","0","0","8.58","Released","Jan 28, 2026 6:18:33 PM PST"
"Jan 8, 2026 8:02:43 AM PST","25392467641","Order","111-7368190-7754604","Ether-01","Gear Doctors® Ether 17.5oz Ultralight Camping Sleeping Pad - Backpacking Air Mattress - Camping Mattress Pad - Compact Inflatable Sleeping Mat for Ba","1","amazon.com","Standard Orders","Amazon","ADEL","GA","31620","MarketplaceFacilitator","33.99","3.06","0","0","0","0","0","0","0","0","-3.06","-5.10","-5.68","0","0","23.21","Released","Jan 16, 2026 7:58:25 AM PST"
"Jan 8, 2026 8:25:59 AM PST","25392467641","Order","113-4838531-9800231","GDCampingPillowBlue","Gear Doctors 3.5oz Compact Ultralight Inflatable Camping Pillow - Inflatable Camp Pillow - Backpacking Pillows Ultralight- Camping Pillows for Sleepin","1","amazon.com","Standard Orders","Amazon","HOMESTEAD","FL","33030","MarketplaceFacilitator","14.99","1.05","0","0","0","0","0","0","0","0","-1.05","-2.25","-4.16","0","0","8.58","Released","Jan 17, 2026 11:11:44 PM PST"
"Jan 8, 2026 8:29:17 AM PST","25392467641","Order","111-8307995-1096218","Ether-01","Gear Doctors® Ether 17.5oz Ultralight Camping Sleeping Pad - Backpacking Air Mattress - Camping Mattress Pad - Compact Inflatable Sleeping Mat for Ba","1","amazon.com","Standard Orders","Amazon","BURLINGTON","VT","05408","MarketplaceFacilitator","33.99","2.38","1.10","0","0","0","0","0","-1.10","0","-2.38","-5.10","-5.68","0","0","23.21","Released","Jan 16, 2026 1:44:09 PM PST"
"Jan 8, 2026 9:09:11 AM PST","25392467641","Order","112-0167738-2340278","Ether-01","Gear Doctors® Ether 17.5oz Ultralight Camping Sleeping Pad - Backpacking Air Mattress - Camping Mattress Pad - Compact Inflatable Sleeping Mat for Ba","1","amazon.com","Standard Orders","Amazon","NORWALK","CA","90650","MarketplaceFacilitator","33.99","3.57","1.50","0","0","0","0","0","-1.50","0","-3.57","-5.10","-5.68","0","0","23.21","Released","Jan 16, 2026 4:01:52 AM PST"
"Jan 8, 2026 9:13:13 AM PST","25392467641","Order","111-0788427-6616207","Ether-01","Gear Doctors® Ether 17.5oz Ultralight Camping Sleeping Pad - Backpacking Air Mattress - Camping Mattress Pad - Compact Inflatable Sleeping Mat for Ba","1","amazon.com","Standard Orders","Amazon","DURHAM","NC","27703","MarketplaceFacilitator","33.99","2.55","2.99","0","0","0","0","0","-2.99","0","-2.55","-5.10","-5.68","0","0","23.21","Released","Jan 15, 2026 3:26:48 PM PST"
"Jan 8, 2026 9:23:50 AM PST","25392467641","Order","113-4613359-0549024","GDCampingPillowBlue","Gear Doctors 3.5oz Compact Ultralight Inflatable Camping Pillow - Inflatable Camp Pillow - Backpacking Pillows Ultralight- Camping Pillows for Sleepin","1","amazon.com","Standard Orders","Amazon","LAKE CHARLES","LA","70601","MarketplaceFacilitator","14.99","1.61","0","0","0","0","0","0","0","0","-1.61","-2.25","-4.16","0","0","8.58","Released","Jan 17, 2026 8:01:21 AM PST"
"Jan 8, 2026 9:33:23 AM PST","25280479521","Refund","113-6713701-8723420","GDApolloAir01","Gear Doctors ApolloAir 5.2 R-Value [17oz] Ultralight Insulated Inflatable Camping Sleeping Pad - Backpacking Sleeping Pad - Camping Mattress Compact L","1","amazon.com","Standard Orders","Amazon","HOUSTON","TX","77088","MarketplaceFacilitator","-84.99","-7.01","0","0","0","0","0","0","0","0","7.01","10.20","0","0","0","-74.79","Released","Jan 8, 2026 9:33:23 AM PST"
"Jan 8, 2026 9:35:16 AM PST","25392467641","Order","113-4987200-7518631","Ether-01","Gear Doctors® Ether 17.5oz Ultralight Camping Sleeping Pad - Backpacking Air Mattress - Camping Mattress Pad - Compact Inflatable Sleeping Mat for Ba","1","amazon.com","Standard Orders","Amazon","SUTHERLIN","OR","97479","","33.99","0","0","0","0","0","0","0","0","0","0","-10.20","-5.68","0","0","18.11","Released","Jan 17, 2026 4:09:28 AM PST"
"Jan 8, 2026 9:35:16 AM PST","25392467641","Order","113-4987200-7518631","Ether-01","Gear Doctors® Ether 17.5oz Ultralight Camping Sleeping Pad - Backpacking Air Mattress - Camping Mattress Pad - Compact Inflatable Sleeping Mat for Ba","1","amazon.com","Standard Orders","Amazon","SUTHERLIN","OR","97479","","33.99","0","0","0","0","0","0","0","0","0","0","0","-5.68","0","0","28.31","Released","Jan 17, 2026 4:09:28 AM PST"
"Jan 8, 2026 9:46:47 AM PST","25280479521","Adjustment","113-2443613-7641019","GDClassic01","FBA Inventory Reimbursement - Customer Return","1","","Standard Orders","","","","","","0","0","0","0","0","0","0","0","0","0","0","0","0","0","23.77","23.77","Released","Jan 8, 2026 9:46:47 AM PST"
"Jan 8, 2026 10:44:10 AM PST","25280479521","Adjustment","113-2443613-7641019","GDClassic01","FBA Inventory Reimbursement - Customer Return","1","","Standard Orders","","","","","","0","0","0","0","0","0","0","0","0","0","0","0","0","0","23.77","23.77","Released","Jan 8, 2026 10:44:10 AM PST"
"Jan 8, 2026 10:44:15 AM PST","25392467641","Order","113-9904722-8069837","GDClassic01","Gear Doctors Oxylus 4.3R-Value Insulated Foam Self Inflating Sleeping Pad Camping-Sleeping Pad Backpacking Air Mattress-Camping Mattress Self Inflatin","1","amazon.com","Standard Orders","Amazon","DADE CITY","FL","33525","MarketplaceFacilitator","37.49","2.62","0.60","0","0","0","0","0","-0.60","0","-2.62","-5.62","-8.10","0","0","23.77","Released","Jan 15, 2026 11:26:02 PM PST"
"Jan 8, 2026 12:16:46 PM PST","25392467641","Order","112-6244860-1877012","Ether-01","Gear Doctors® Ether 17.5oz Ultralight Camping Sleeping Pad - Backpacking Air Mattress - Camping Mattress Pad - Compact Inflatable Sleeping Mat for Ba","1","amazon.com","Standard Orders","Amazon","AUSTIN","TX","78750","MarketplaceFacilitator","33.99","2.80","0","0","0","0","0","0","0","0","-5.60","-10.20","-5.68","0","0","15.31","Released","Jan 17, 2026 4:31:18 AM PST"
"Jan 8, 2026 12:16:46 PM PST","25392467641","Order","112-6244860-1877012","Ether-01","Gear Doctors® Ether 17.5oz Ultralight Camping Sleeping Pad - Backpacking Air Mattress - Camping Mattress Pad - Compact Inflatable Sleeping Mat for Ba","1","amazon.com","Standard Orders","Amazon","AUSTIN","TX","78750","","33.99","2.80","0","0","0","0","0","0","0","0","0","0","-5.68","0","0","31.11","Released","Jan 17, 2026 4:31:18 AM PST"
"Jan 8, 2026 12:18:04 PM PST","25392467641","Order","112-5370450-0338655","Ether-01","Gear Doctors® Ether 17.5oz Ultralight Camping Sleeping Pad - Backpacking Air Mattress - Camping Mattress Pad - Compact Inflatable Sleeping Mat for Ba","1","amazon.com","Standard Orders","Amazon","WICHITA","KS","67209","MarketplaceFacilitator","33.99","2.55","0","0","0","0","0","0","0","0","-2.55","-5.10","-5.68","0","0","23.21","Released","Jan 17, 2026 8:05:25 AM PST"
"Jan 8, 2026 12:26:19 PM PST","25392467641","Order","114-4525039-2631427","GDCampingPillowBlue","Gear Doctors 3.5oz Compact Ultralight Inflatable Camping Pillow - Inflatable Camp Pillow - Backpacking Pillows Ultralight- Camping Pillows for Sleepin","1","amazon.com","Standard Orders","Amazon","HOLLAND","NY","14080","MarketplaceFacilitator","14.99","1.31","0","0","0","0","0","0","0","0","-1.31","-2.25","-4.16","0","0","8.58","Released","Jan 17, 2026 5:25:43 AM PST"
"Jan 8, 2026 12:31:44 PM PST","25392467641","Order","112-6373566-6693829","Ether-01","Gear Doctors® Ether 17.5oz Ultralight Camping Sleeping Pad - Backpacking Air Mattress - Camping Mattress Pad - Compact Inflatable Sleeping Mat for Ba","1","amazon.com","Standard Orders","Amazon","JUPITER","FL","33478","MarketplaceFacilitator","33.99","2.21","0","0","0","0","0","0","0","0","-2.21","-5.10","-5.68","0","0","23.21","Released","Jan 17, 2026 1:49:46 AM PST"
"Jan 8, 2026 1:50:22 PM PST","25392467641","Order","114-1318411-6390661","GDCampingPillowBlue","Gear Doctors 3.5oz Compact Ultralight Inflatable Camping Pillow - Inflatable Camp Pillow - Backpacking Pillows Ultralight- Camping Pillows for Sleepin","1","amazon.com","Standard Orders","Amazon","ANNAPOLIS","MD","21403","MarketplaceFacilitator","14.99","0.90","0","0","0","0","0","0","0","0","-0.90","-2.25","-4.16","0","0","8.58","Released","Jan 18, 2026 6:11:57 AM PST"
"Jan 8, 2026 1:58:30 PM PST","25392467641","Order","114-1719899-9120262","Ether-01","Gear Doctors® Ether 17.5oz Ultralight Camping Sleeping Pad - Backpacking Air Mattress - Camping Mattress Pad - Compact Inflatable Sleeping Mat for Ba","1","amazon.com","Standard Orders","Amazon","DUVALL","WA","98019","MarketplaceFacilitator","33.99","3.03","0","0","0","0","0","0","0","0","-3.03","-5.10","-5.68","0","0","23.21","Released","Jan 16, 2026 5:59:25 PM PST"
"Jan 8, 2026 2:04:18 PM PST","25392467641","Order","111-8375433-4743427","GDApolloAir01","Gear Doctors ApolloAir 5.2 R-Value [17oz] Ultralight Insulated Inflatable Camping Sleeping Pad - Backpacking Sleeping Pad - Camping Mattress Compact L","1","amazon.com","Standard Orders","Amazon","MIAMI","FL","33166","","76.50","0","4.42","0","0","0","0","0","-4.42","0","0","-11.48","-5.68","0","0","59.34","Released","Jan 16, 2026 11:38:23 AM PST"
"Jan 8, 2026 2:39:33 PM PST","25392467641","Order","113-8870895-3590611","Ether-01","Gear Doctors® Ether 17.5oz Ultralight Camping Sleeping Pad - Backpacking Air Mattress - Camping Mattress Pad - Compact Inflatable Sleeping Mat for Ba","1","amazon.com","Standard Orders","Amazon","NORTH BEACH","MD","20714","MarketplaceFacilitator","33.99","2.04","0","0","0","0","0","0","0","0","-2.04","-5.10","-5.68","0","0","23.21","Released","Jan 17, 2026 4:36:01 AM PST"
"Jan 8, 2026 2:43:03 PM PST","25280479521","Refund","112-3578582-5480263","Ether-01","Gear Doctors® Ether 17.5oz Ultralight Camping Sleeping Pad - Backpacking Air Mattress - Camping Mattress Pad - Compact Inflatable Sleeping Mat for Ba","1","amazon.com","Standard Orders","Amazon","HERRIMAN","UT","84096","MarketplaceFacilitator","-33.99","-2.53","-2.99","0","0","0","0","0","2.99","0","2.53","4.08","0","0","0","-29.91","Released","Jan 8, 2026 2:43:03 PM PST"
"Jan 8, 2026 2:56:17 PM PST","25392467641","Order","112-7788603-7952242","GDCampingPillowOrange","Gear Doctors 3.5oz Compact Ultralight Inflatable Camping Pillow- Inflatable Camp Pillow- Backpacking Pillows Ultralight- Camping Pillows for Sleeping,","1","amazon.com","Standard Orders","Amazon","HYDE PARK","MA","02136","MarketplaceFacilitator","14.99","0.94","0","0","0","0","0","0","0","0","-0.94","-2.25","-4.16","0","0","8.58","Released","Jan 17, 2026 10:06:49 PM PST"
"Jan 8, 2026 3:04:06 PM PST","25392467641","Order","111-6023831-7880250","GDClassic01","Gear Doctors Oxylus 4.3R-Value Insulated Foam Self Inflating Sleeping Pad Camping-Sleeping Pad Backpacking Air Mattress-Camping Mattress Self Inflatin","1","amazon.com","Standard Orders","Amazon","Beeville","TX","78102","MarketplaceFacilitator","37.49","0","0","0","0","0","0","0","0","0","0","-5.62","-8.10","0","0","23.77","Released","Jan 17, 2026 5:39:59 AM PST"
"Jan 8, 2026 3:52:32 PM PST","25392467641","Order","114-4525039-2631427","GDCampingPillowTeal","Gear Doctors 3.5oz Compact Ultralight Inflatable Camping Pillow - Inflatable Camp Pillow - Backpacking Pillows Ultralight- Camping Pillows for Sleepin","1","amazon.com","Standard Orders","Amazon","HOLLAND","NY","14080","MarketplaceFacilitator","14.99","1.31","0","0","0","0","0","0","0","0","-1.31","-2.25","-4.16","0","0","8.58","Released","Jan 20, 2026 1:01:33 AM PST"
"Jan 8, 2026 4:41:39 PM PST","25392467641","Order","111-1129105-8500214","GDApolloAir01","Gear Doctors ApolloAir 5.2 R-Value [17oz] Ultralight Insulated Inflatable Camping Sleeping Pad - Backpacking Sleeping Pad - Camping Mattress Compact L","1","amazon.com","Standard Orders","Amazon","SANTA MONICA","CA","90405","MarketplaceFacilitator","76.50","8.22","0","0","0","0","0","0","0","0","-8.22","-11.48","-5.68","0","0","59.34","Released","Jan 17, 2026 12:54:01 PM PST"
"Jan 8, 2026 4:51:25 PM PST","25392467641","Order","111-5755661-5640244","GDCampingPillowOrange","Gear Doctors 3.5oz Compact Ultralight Inflatable Camping Pillow- Inflatable Camp Pillow- Backpacking Pillows Ultralight- Camping Pillows for Sleeping,","1","amazon.com","Standard Orders","Amazon","ARROYO GRANDE","CA","93420","MarketplaceFacilitator","14.99","1.31","0","0","0","0","0","0","0","0","-1.31","-2.25","-4.16","0","0","8.58","Released","Jan 16, 2026 7:49:06 PM PST"
"Jan 8, 2026 4:57:06 PM PST","25392467641","Order","114-6852596-3981815","GDApolloAir01","Gear Doctors ApolloAir 5.2 R-Value [17oz] Ultralight Insulated Inflatable Camping Sleeping Pad - Backpacking Sleeping Pad - Camping Mattress Compact L","1","amazon.com","Standard Orders","Amazon","KIRKLAND","WA","98034","MarketplaceFacilitator","76.50","7.96","0","0","0","0","0","0","0","0","-7.96","-11.48","-5.68","0","0","59.34","Released","Jan 17, 2026 6:00:58 AM PST"
"Jan 8, 2026 5:03:36 PM PST","25392467641","Order","114-3536356-4013048","GDClassic01","Gear Doctors Oxylus 4.3R-Value Insulated Foam Self Inflating Sleeping Pad Camping-Sleeping Pad Backpacking Air Mattress-Camping Mattress Self Inflatin","1","amazon.com","Standard Orders","Amazon","ORO VALLEY","AZ","85737","MarketplaceFacilitator","37.49","3.22","0","0","0","0","0","0","0","0","-3.22","-5.62","-8.10","0","0","23.77","Released","Jan 17, 2026 5:49:03 AM PST"
"Jan 8, 2026 5:12:07 PM PST","25495925401","Order","113-7536725-0519456","Ether-01","Gear Doctors® Ether 17.5oz Ultralight Camping Sleeping Pad - Backpacking Air Mattress - Camping Mattress Pad - Compact Inflatable Sleeping Mat for Ba","1","amazon.com","Standard Orders","Amazon","APO","AE","09330","MarketplaceFacilitator","33.99","0","0","0","0","0","0","0","0","0","0","-5.10","-5.68","0","0","23.21","Released","Jan 28, 2026 1:24:47 AM PST"
"Jan 8, 2026 5:12:18 PM PST","25392467641","Order","114-3098564-8064228","GDClassic01","Gear Doctors Oxylus 4.3R-Value Insulated Foam Self Inflating Sleeping Pad Camping-Sleeping Pad Backpacking Air Mattress-Camping Mattress Self Inflatin","2","amazon.com","Standard Orders","Amazon","Virginia Beach","VA","23455","MarketplaceFacilitator","74.98","0","0","0","0","0","0","0","0","0","0","-11.24","-16.20","0","0","47.54","Released","Jan 16, 2026 2:55:06 PM PST"
"Jan 8, 2026 5:27:46 PM PST","25392467641","Order","114-7602608-1287457","GDClassic01","Gear Doctors Oxylus 4.3R-Value Insulated Foam Self Inflating Sleeping Pad Camping-Sleeping Pad Backpacking Air Mattress-Camping Mattress Self Inflatin","1","amazon.com","Standard Orders","Amazon","MADISON","WI","53717","MarketplaceFacilitator","37.49","2.06","0","0","0","0","0","0","0","0","-4.12","-11.24","-8.10","0","0","16.09","Released","Jan 17, 2026 3:07:40 AM PST"
"Jan 8, 2026 5:27:46 PM PST","25392467641","Order","114-7602608-1287457","GDClassic01","Gear Doctors Oxylus 4.3R-Value Insulated Foam Self Inflating Sleeping Pad Camping-Sleeping Pad Backpacking Air Mattress-Camping Mattress Self Inflatin","1","amazon.com","Standard Orders","Amazon","MADISON","WI","53717","","37.49","2.06","0","0","0","0","0","0","0","0","0","0","-8.10","0","0","31.45","Released","Jan 17, 2026 3:07:40 AM PST"
"Jan 8, 2026 6:25:19 PM PST","25392467641","Order","114-5516073-0877026","GDClassic01","Gear Doctors Oxylus 4.3R-Value Insulated Foam Self Inflating Sleeping Pad Camping-Sleeping Pad Backpacking Air Mattress-Camping Mattress Self Inflatin","1","amazon.com","Standard Orders","Amazon","Durham","NC","27705","MarketplaceFacilitator","37.49","2.81","0","0","0","0","0","0","0","0","-2.81","-5.62","-8.10","0","0","23.77","Released","Jan 18, 2026 3:51:09 AM PST"
"Jan 8, 2026 6:39:01 PM PST","25280479521","Refund","112-6617202-7681840","Ether-01","Gear Doctors® Ether 17.5oz Ultralight Camping Sleeping Pad - Backpacking Air Mattress - Camping Mattress Pad - Compact Inflatable Sleeping Mat for Ba","1","amazon.com","Standard Orders","Amazon","OJAI","CA","93023","MarketplaceFacilitator","-33.99","-2.46","0","0","0","0","0","0","0","0","2.46","4.08","0","0","0","-29.91","Released","Jan 8, 2026 6:39:01 PM PST"
"Jan 8, 2026 6:42:11 PM PST","25392467641","Order","113-2058678-5447426","Ether-01","Gear Doctors® Ether 17.5oz Ultralight Camping Sleeping Pad - Backpacking Air Mattress - Camping Mattress Pad - Compact Inflatable Sleeping Mat for Ba","1","amazon.com","Standard Orders","Amazon","WAYCROSS","GA","31503","MarketplaceFacilitator","33.99","2.72","0","0","0","0","0","0","0","0","-2.72","-5.10","-5.68","0","0","23.21","Released","Jan 18, 2026 3:53:05 AM PST"
"Jan 8, 2026 6:49:07 PM PST","25392467641","Order","111-9876124-3337805","GDClassic01","Gear Doctors Oxylus 4.3R-Value Insulated Foam Self Inflating Sleeping Pad Camping-Sleeping Pad Backpacking Air Mattress-Camping Mattress Self Inflatin","1","amazon.com","Standard Orders","Amazon","PHOENIX","AZ","85053","MarketplaceFacilitator","37.49","3.41","2.99","0","0","0","0","0","-2.99","0","-3.41","-5.62","-8.10","0","0","23.77","Released","Jan 16, 2026 4:09:34 AM PST"
"Jan 8, 2026 7:03:23 PM PST","25392467641","Order","111-5953011-1103419","GDApolloAir01","Gear Doctors ApolloAir 5.2 R-Value [17oz] Ultralight Insulated Inflatable Camping Sleeping Pad - Backpacking Sleeping Pad - Camping Mattress Compact L","1","amazon.com","Standard Orders","Amazon","WAPWALLOPEN","PA","18660","MarketplaceFacilitator","76.50","4.36","0","0","0","0","0","0","-3.83","0","-4.36","-10.90","-5.68","0","0","56.09","Released","Jan 17, 2026 12:38:15 AM PST"
"Jan 8, 2026 7:11:03 PM PST","25280479521","Refund","114-1401358-7041834","Ether-01","Gear Doctors® Ether 17.5oz Ultralight Camping Sleeping Pad - Backpacking Air Mattress - Camping Mattress Pad - Compact Inflatable Sleeping Mat for Ba","1","amazon.com","Standard Orders","Amazon","CERES","CA","95307","MarketplaceFacilitator","-33.99","-2.85","0","0","0","0","0","0","0","0","2.85","4.08","0","0","0","-29.91","Released","Jan 8, 2026 7:11:03 PM PST"
"Jan 8, 2026 8:19:27 PM PST","25392467641","Order","111-3150464-8369033","GDClassic01","Gear Doctors Oxylus 4.3R-Value Insulated Foam Self Inflating Sleeping Pad Camping-Sleeping Pad Backpacking Air Mattress-Camping Mattress Self Inflatin","1","amazon.com","Standard Orders","Amazon","TUCSON","AZ","85716","MarketplaceFacilitator","37.49","3.26","1.00","0","0","0","0","0","-1.00","0","-3.26","-5.62","-8.10","0","0","23.77","Released","Jan 16, 2026 5:47:28 AM PST"
"Jan 8, 2026 8:25:46 PM PST","25392467641","Order","113-7869196-8307434","Ether-01","Gear Doctors® Ether 17.5oz Ultralight Camping Sleeping Pad - Backpacking Air Mattress - Camping Mattress Pad - Compact Inflatable Sleeping Mat for Ba","1","amazon.com","Standard Orders","Amazon","LAUREL","MD","20723","MarketplaceFacilitator","33.99","1.84","2.99","0","0","0","0","0","-6.39","0","-1.84","-4.59","-5.68","0","0","20.32","Released","Jan 16, 2026 3:44:09 AM PST"
"Jan 8, 2026 8:41:02 PM PST","25392467641","Order","113-3022840-6393027","Ether-01","Gear Doctors® Ether 17.5oz Ultralight Camping Sleeping Pad - Backpacking Air Mattress - Camping Mattress Pad - Compact Inflatable Sleeping Mat for Ba","1","amazon.com","Standard Orders","Amazon","SIERRA MADRE","CA","91024","MarketplaceFacilitator","33.99","3.57","0.50","0","0","0","0","0","-0.50","0","-3.57","-5.10","-5.68","0","0","23.21","Released","Jan 16, 2026 5:14:14 AM PST"
"Jan 8, 2026 8:47:58 PM PST","25392467641","Order","113-8671304-8443414","Ether-01","Gear Doctors® Ether 17.5oz Ultralight Camping Sleeping Pad - Backpacking Air Mattress - Camping Mattress Pad - Compact Inflatable Sleeping Mat for Ba","1","amazon.com","Standard Orders","Amazon","SMYRNA","TN","37167","MarketplaceFacilitator","33.99","3.31","0","0","0","0","0","0","0","0","-3.31","-5.10","-5.68","0","0","23.21","Released","Jan 17, 2026 5:35:23 AM PST"
"Jan 8, 2026 8:49:47 PM PST","25392467641","Order","112-8468056-7133048","Ether-01","Gear Doctors® Ether 17.5oz Ultralight Camping Sleeping Pad - Backpacking Air Mattress - Camping Mattress Pad - Compact Inflatable Sleeping Mat for Ba","1","amazon.com","Standard Orders","Amazon","FORT CAMPBELL","KY","42223","MarketplaceFacilitator","33.99","2.04","0","0","0","0","0","0","0","0","-2.04","-5.10","-5.68","0","0","23.21","Released","Jan 17, 2026 6:27:28 AM PST"
"Jan 8, 2026 9:26:02 PM PST","25392467641","Order","111-0914964-1366601","GDClassic01","Gear Doctors Oxylus 4.3R-Value Insulated Foam Self Inflating Sleeping Pad Camping-Sleeping Pad Backpacking Air Mattress-Camping Mattress Self Inflatin","2","amazon.com","Standard Orders","Amazon","SAN ANTONIO","TX","78254","MarketplaceFacilitator","74.98","6.18","0","0","0","0","0","0","0","0","-6.18","-11.24","-16.20","0","0","47.54","Released","Jan 17, 2026 12:10:31 AM PST"
"Jan 8, 2026 9:39:48 PM PST","25280479521","Refund","113-1596801-3678642","GDApolloAir-02","Gear Doctors ApolloAir 5.2 R-Value [25oz] Ultralight Insulated Inflatable Camping Sleeping Pad - Backpacking Sleeping Pad - Camping Mattress Compact L","1","amazon.com","Standard Orders","Amazon","RENO","NV","89503","MarketplaceFacilitator","-89.99","-6.69","0","0","0","0","0","0","9.00","0","6.69","9.72","0","0","0","-71.27","Released","Jan 8, 2026 9:39:48 PM PST"
"Jan 8, 2026 9:43:53 PM PST","25392467641","Order","114-2828189-1417023","Ether-01","Gear Doctors® Ether 17.5oz Ultralight Camping Sleeping Pad - Backpacking Air Mattress - Camping Mattress Pad - Compact Inflatable Sleeping Mat for Ba","1","amazon.com","Standard Orders","Amazon","HYATTSVILLE","MD","20782","MarketplaceFacilitator","33.99","2.04","0.71","0","0","0","0","0","-0.71","0","-2.04","-5.10","-5.68","0","0","23.21","Released","Jan 17, 2026 11:16:47 AM PST"
"Jan 8, 2026 9:53:46 PM PST","25392467641","Order","113-2753487-8385005","Ether-01","Gear Doctors® Ether 17.5oz Ultralight Camping Sleeping Pad - Backpacking Air Mattress - Camping Mattress Pad - Compact Inflatable Sleeping Mat for Ba","1","amazon.com","Standard Orders","Amazon","KUNA","ID","83634","MarketplaceFacilitator","33.99","2.04","1.49","0","0","0","0","0","-1.49","0","-2.04","-5.10","-5.68","0","0","23.21","Released","Jan 16, 2026 4:58:01 AM PST"
"Jan 8, 2026 10:11:59 PM PST","25392467641","Order","113-8881402-2601807","GDCampingPillowBlue","Gear Doctors 3.5oz Compact Ultralight Inflatable Camping Pillow - Inflatable Camp Pillow - Backpacking Pillows Ultralight- Camping Pillows for Sleepin","1","amazon.com","Standard Orders","Amazon","NEW SMYRNA BEACH","FL","32168","MarketplaceFacilitator","14.99","0.97","0","0","0","0","0","0","0","0","-0.97","-2.25","-4.16","0","0","8.58","Released","Jan 17, 2026 11:19:26 PM PST"
"Jan 8, 2026 11:33:08 PM PST","25392467641","Order","113-0735834-1196237","Ether-01","Gear Doctors® Ether 17.5oz Ultralight Camping Sleeping Pad - Backpacking Air Mattress - Camping Mattress Pad - Compact Inflatable Sleeping Mat for Ba","1","amazon.com","Standard Orders","Amazon","TUALATIN","OR","97062","","33.99","0","2.99","0","0","0","0","0","-2.99","0","0","-5.10","-5.68","0","0","23.21","Released","Jan 16, 2026 5:38:57 AM PST"
"Jan 8, 2026 11:36:48 PM PST","25392467641","Order","114-3283210-9779401","Ether-01","Gear Doctors® Ether 17.5oz Ultralight Camping Sleeping Pad - Backpacking Air Mattress - Camping Mattress Pad - Compact Inflatable Sleeping Mat for Ba","1","amazon.com","Standard Orders","Amazon","MADISON","MS","39110","MarketplaceFacilitator","33.99","2.38","0","0","0","0","0","0","0","0","-4.76","-10.20","-5.68","0","0","15.73","Released","Jan 17, 2026 5:54:09 AM PST"
"Jan 8, 2026 11:36:48 PM PST","25392467641","Order","114-3283210-9779401","Ether-01","Gear Doctors® Ether 17.5oz Ultralight Camping Sleeping Pad - Backpacking Air Mattress - Camping Mattress Pad - Compact Inflatable Sleeping Mat for Ba","1","amazon.com","Standard Orders","Amazon","MADISON","MS","39110","","33.99","2.38","0","0","0","0","0","0","0","0","0","0","-5.68","0","0","30.69","Released","Jan 17, 2026 5:54:09 AM PST"
"Jan 8, 2026 11:51:36 PM PST","25392467641","Order","111-7389590-4425800","Ether-01","Gear Doctors® Ether 17.5oz Ultralight Camping Sleeping Pad - Backpacking Air Mattress - Camping Mattress Pad - Compact Inflatable Sleeping Mat for Ba","1","amazon.com","Standard Orders","Amazon","CARLSBAD","CA","92010","MarketplaceFacilitator","33.99","2.63","2.99","0","0","0","0","0","-2.99","0","-2.63","-5.10","-5.68","0","0","23.21","Released","Jan 16, 2026 5:22:29 AM PST"
"Jan 8, 2026 11:56:04 PM PST","25280479521","Refund","114-8281050-1239460","Ether-01","Gear Doctors® Ether 17.5oz Ultralight Camping Sleeping Pad - Backpacking Air Mattress - Camping Mattress Pad - Compact Inflatable Sleeping Mat for Ba","1","amazon.com","Standard Orders","Amazon","HENRICO","VA","23229","MarketplaceFacilitator","-33.99","-2.04","0","0","0","0","0","0","0","0","2.04","4.08","0","0","0","-29.91","Released","Jan 8, 2026 11:56:04 PM PST"
"Jan 9, 2026 12:00:30 AM PST","25392467641","Order","111-4854922-7118649","GDClassic01","Gear Doctors Oxylus 4.3R-Value Insulated Foam Self Inflating Sleeping Pad Camping-Sleeping Pad Backpacking Air Mattress-Camping Mattress Self Inflatin","1","amazon.com","Standard Orders","Amazon","PRESCOTT","AZ","86305","MarketplaceFacilitator","37.49","2.38","0","0","0","0","0","0","0","0","-2.38","-5.62","-8.10","0","0","23.77","Released","Jan 17, 2026 3:33:18 AM PST"
"Jan 9, 2026 12:12:26 AM PST","25392467641","Order","112-1953013-4366644","GDClassic01","Gear Doctors Oxylus 4.3R-Value Insulated Foam Self Inflating Sleeping Pad Camping-Sleeping Pad Backpacking Air Mattress-Camping Mattress Self Inflatin","1","amazon.com","Standard Orders","Amazon","GARDEN CITY","NY","11530","MarketplaceFacilitator","37.49","3.23","1.49","0","0","0","0","0","-1.49","0","-3.23","-5.62","-8.10","0","0","23.77","Released","Jan 16, 2026 6:40:52 AM PST"
"Jan 9, 2026 12:29:25 AM PST","25392467641","Order","113-7321874-1164262","Ether-01","Gear Doctors® Ether 17.5oz Ultralight Camping Sleeping Pad - Backpacking Air Mattress - Camping Mattress Pad - Compact Inflatable Sleeping Mat for Ba","1","amazon.com","Standard Orders","Amazon","CINCINNATI","OH","45252","MarketplaceFacilitator","33.99","2.65","0","0","0","0","0","0","0","0","-2.65","-5.10","-5.68","0","0","23.21","Released","Jan 18, 2026 5:29:24 AM PST"
"Jan 9, 2026 12:32:14 AM PST","25392467641","Order","114-6798369-8845833","Ether-01","Gear Doctors® Ether 17.5oz Ultralight Camping Sleeping Pad - Backpacking Air Mattress - Camping Mattress Pad - Compact Inflatable Sleeping Mat for Ba","1","amazon.com","Standard Orders","Amazon","WEST BLOOMFIELD","MI","48323","MarketplaceFacilitator","33.99","2.04","0","0","0","0","0","0","0","0","-2.04","-5.10","-5.68","0","0","23.21","Released","Jan 18, 2026 12:39:55 AM PST"
"Jan 9, 2026 12:58:21 AM PST","25392467641","Order","113-8134067-8644228","Ether-01","Gear Doctors® Ether 17.5oz Ultralight Camping Sleeping Pad - Backpacking Air Mattress - Camping Mattress Pad - Compact Inflatable Sleeping Mat for Ba","1","amazon.com","Standard Orders","Amazon","MC LEAN","VA","22101","MarketplaceFacilitator","33.99","2.04","2.99","0","0","0","0","0","-2.99","0","-2.04","-5.10","-5.68","0","0","23.21","Released","Jan 16, 2026 4:09:15 AM PST"
"Jan 9, 2026 1:01:27 AM PST","25392467641","Order","113-7145386-8998632","Ether-01","Gear Doctors® Ether 17.5oz Ultralight Camping Sleeping Pad - Backpacking Air Mattress - Camping Mattress Pad - Compact Inflatable Sleeping Mat for Ba","1","amazon.com","Standard Orders","Amazon","Lavallette","New jersey","08735","MarketplaceFacilitator","33.99","2.25","4.44","0","0","0","0","0","-4.44","0","-2.25","-5.10","-5.68","0","0","23.21","Released","Jan 18, 2026 3:54:05 AM PST"
"Jan 9, 2026 1:07:47 AM PST","25392467641","Order","114-2705231-2870669","GDCampingPillowBlue","Gear Doctors 3.5oz Compact Ultralight Inflatable Camping Pillow - Inflatable Camp Pillow - Backpacking Pillows Ultralight- Camping Pillows for Sleepin","1","amazon.com","Standard Orders","Amazon","HILLIARD","OH","43026","MarketplaceFacilitator","14.99","1.20","2.12","0","0","0","0","0","-2.12","0","-1.20","-2.25","-4.16","0","0","8.58","Released","Jan 17, 2026 1:33:55 AM PST"
"Jan 9, 2026 1:17:05 AM PST","25392467641","Order","113-5921067-7814637","GDCampingPillowOrange","Gear Doctors 3.5oz Compact Ultralight Inflatable Camping Pillow- Inflatable Camp Pillow- Backpacking Pillows Ultralight- Camping Pillows for Sleeping,","1","amazon.com","Standard Orders","Amazon","Birmingham","Alabama","35244","MarketplaceFacilitator","14.99","1.20","0","0","0","0","0","0","0","0","-1.20","-2.25","-4.16","0","0","8.58","Released","Jan 17, 2026 6:39:56 AM PST"
"Jan 9, 2026 1:18:27 AM PST","25392467641","Order","111-2661509-6753839","Ether-01","Gear Doctors® Ether 17.5oz Ultralight Camping Sleeping Pad - Backpacking Air Mattress - Camping Mattress Pad - Compact Inflatable Sleeping Mat for Ba","1","amazon.com","Standard Orders","Amazon","NASHVILLE","TN","37221","MarketplaceFacilitator","33.99","3.31","0.74","0","0","0","0","0","-0.74","0","-3.31","-5.10","-5.68","0","0","23.21","Released","Jan 16, 2026 6:49:08 AM PST"
"Jan 9, 2026 1:34:44 AM PST","25495925401","Order","113-9596010-7436229","Ether-01","Gear Doctors® Ether 17.5oz Ultralight Camping Sleeping Pad - Backpacking Air Mattress - Camping Mattress Pad - Compact Inflatable Sleeping Mat for Ba","1","amazon.com","Standard Orders","Amazon","Pretoria","Gauteng","","","33.99","0","7.58","0","0","0","0","0","0","0","0","-5.10","-13.26","0","0","23.21","Released","Jan 26, 2026 10:57:11 AM PST"
"Jan 9, 2026 2:29:36 AM PST","25392467641","Order","114-6332505-6185801","Ether-01","Gear Doctors® Ether 17.5oz Ultralight Camping Sleeping Pad - Backpacking Air Mattress - Camping Mattress Pad - Compact Inflatable Sleeping Mat for Ba","1","amazon.com","Standard Orders","Amazon","Bayport","NY","11705","MarketplaceFacilitator","33.99","2.97","0","0","0","0","0","0","0","0","-2.97","-5.10","-5.68","0","0","23.21","Released","Jan 18, 2026 7:27:32 AM PST"
"Jan 9, 2026 2:43:52 AM PST","25392467641","Order","113-1365066-0209820","Ether-01","Gear Doctors® Ether 17.5oz Ultralight Camping Sleeping Pad - Backpacking Air Mattress - Camping Mattress Pad - Compact Inflatable Sleeping Mat for Ba","2","amazon.com","Standard Orders","Amazon","CLEARWATER","FL","33756","MarketplaceFacilitator","67.98","4.76","0","0","0","0","0","0","0","0","-4.76","-10.20","-11.36","0","0","46.42","Released","Jan 18, 2026 5:12:08 AM PST"
"Jan 9, 2026 4:06:34 AM PST","25392467641","Order","114-7873756-7522667","Ether-01","Gear Doctors® Ether 17.5oz Ultralight Camping Sleeping Pad - Backpacking Air Mattress - Camping Mattress Pad - Compact Inflatable Sleeping Mat for Ba","1","amazon.com","Standard Orders","Amazon","ANTIOCH","TN","37013","MarketplaceFacilitator","33.99","0","2.99","0","0","0","0","0","-2.99","0","0","-5.10","-5.68","0","0","23.21","Released","Jan 16, 2026 5:55:31 AM PST"
"Jan 9, 2026 4:28:30 AM PST","25392467641","Order","113-3794843-8189009","Ether-01","Gear Doctors® Ether 17.5oz Ultralight Camping Sleeping Pad - Backpacking Air Mattress - Camping Mattress Pad - Compact Inflatable Sleeping Mat for Ba","1","amazon.com","Standard Orders","Amazon","EUREKA","IL","61530","MarketplaceFacilitator","33.99","2.80","4.48","0","0","0","0","0","-4.48","0","-2.80","-5.10","-5.68","0","0","23.21","Released","Jan 19, 2026 2:44:11 AM PST"
"Jan 9, 2026 4:47:12 AM PST","25392467641","Order","113-5498844-0496208","Ether-01","Gear Doctors® Ether 17.5oz Ultralight Camping Sleeping Pad - Backpacking Air Mattress - Camping Mattress Pad - Compact Inflatable Sleeping Mat for Ba","1","amazon.com","Standard Orders","Amazon","KILAUEA","HI","96754","MarketplaceFacilitator","33.99","1.60","0","0","0","0","0","0","0","0","-1.60","-5.10","-5.68","0","0","23.21","Released","Jan 17, 2026 10:19:33 PM PST"
"Jan 9, 2026 5:48:53 AM PST","25392467641","Order","111-6995030-9134660","GDCampingPillowTeal","Gear Doctors 3.5oz Compact Ultralight Inflatable Camping Pillow - Inflatable Camp Pillow - Backpacking Pillows Ultralight- Camping Pillows for Sleepin","1","amazon.com","Standard Orders","Amazon","HOUSTON","TX","77092","MarketplaceFacilitator","14.99","1.24","0","0","0","0","0","0","0","0","-1.24","-2.25","-4.16","0","0","8.58","Released","Jan 18, 2026 2:51:37 AM PST"
"Jan 9, 2026 7:19:25 AM PST","25392467641","Order","111-0692576-6623450","Ether-01","Gear Doctors® Ether 17.5oz Ultralight Camping Sleeping Pad - Backpacking Air Mattress - Camping Mattress Pad - Compact Inflatable Sleeping Mat for Ba","1","amazon.com","Standard Orders","Amazon","SAVANNAH","GA","31419","MarketplaceFacilitator","33.99","2.38","0","0","0","0","0","0","0","0","-2.38","-5.10","-5.68","0","0","23.21","Released","Jan 18, 2026 5:03:24 AM PST"
"Jan 9, 2026 7:22:41 AM PST","25392467641","Order","111-0463830-2888248","GDClassic01","Gear Doctors Oxylus 4.3R-Value Insulated Foam Self Inflating Sleeping Pad Camping-Sleeping Pad Backpacking Air Mattress-Camping Mattress Self Inflatin","1","amazon.com","Standard Orders","Amazon","WEST JORDAN","UT","84088","MarketplaceFacilitator","37.49","2.79","2.99","0","0","0","0","0","-2.99","0","-2.79","-5.62","-8.10","0","0","23.77","Released","Jan 17, 2026 4:38:19 AM PST"
"Jan 9, 2026 10:05:52 AM PST","25392467641","Order","111-9420969-4798660","Ether-01","Gear Doctors® Ether 17.5oz Ultralight Camping Sleeping Pad - Backpacking Air Mattress - Camping Mattress Pad - Compact Inflatable Sleeping Mat for Ba","1","amazon.com","Standard Orders","Amazon","OREM","UT","84057","MarketplaceFacilitator","33.99","2.53","2.99","0","0","0","0","0","-2.99","0","-2.53","-5.10","-5.68","0","0","23.21","Released","Jan 16, 2026 11:45:45 PM PST"
"Jan 9, 2026 10:52:57 AM PST","25392467641","Order","111-7733810-5387409","Ether-01","Gear Doctors® Ether 17.5oz Ultralight Camping Sleeping Pad - Backpacking Air Mattress - Camping Mattress Pad - Compact Inflatable Sleeping Mat for Ba","1","amazon.com","Standard Orders","Amazon","COEUR D ALENE","ID","83814","MarketplaceFacilitator","33.99","2.04","6.99","0","0","0","0","0","-6.99","0","-2.04","-5.10","-5.68","0","0","23.21","Released","Jan 18, 2026 1:30:03 AM PST"
"Jan 9, 2026 11:05:17 AM PST","25392467641","Order","111-8028631-9500255","Ether-01","Gear Doctors® Ether 17.5oz Ultralight Camping Sleeping Pad - Backpacking Air Mattress - Camping Mattress Pad - Compact Inflatable Sleeping Mat for Ba","1","amazon.com","Standard Orders","Amazon","WEST CHESTER","PA","19382","MarketplaceFacilitator","33.99","2.04","0","0","0","0","0","0","0","0","-2.04","-5.10","-5.68","0","0","23.21","Released","Jan 17, 2026 11:44:25 PM PST"
"Jan 9, 2026 11:12:22 AM PST","25392467641","Order","114-3724061-6207406","GDClassic01","Gear Doctors Oxylus 4.3R-Value Insulated Foam Self Inflating Sleeping Pad Camping-Sleeping Pad Backpacking Air Mattress-Camping Mattress Self Inflatin","2","amazon.com","Standard Orders","Amazon","NEWTOWN SQUARE","PA","19073","MarketplaceFacilitator","74.98","4.50","0","0","0","0","0","0","0","0","-4.50","-11.24","-16.20","0","0","47.54","Released","Jan 17, 2026 10:37:26 PM PST"
"Jan 9, 2026 11:15:29 AM PST","25392467641","Order","112-6135975-5459419","Ether-01","Gear Doctors® Ether 17.5oz Ultralight Camping Sleeping Pad - Backpacking Air Mattress - Camping Mattress Pad - Compact Inflatable Sleeping Mat for Ba","1","amazon.com","Standard Orders","Amazon","Austin","TX","78750","MarketplaceFacilitator","33.99","2.80","0","0","0","0","0","0","0","0","-2.80","-5.10","-5.68","0","0","23.21","Released","Jan 17, 2026 11:48:15 PM PST"
"Jan 9, 2026 11:35:41 AM PST","25392467641","Order","114-3399447-8849821","GDClassic01","Gear Doctors Oxylus 4.3R-Value Insulated Foam Self Inflating Sleeping Pad Camping-Sleeping Pad Backpacking Air Mattress-Camping Mattress Self Inflatin","1","amazon.com","Standard Orders","Amazon","Loranger","LA","70446","MarketplaceFacilitator","37.49","3.19","0","0","0","0","0","0","0","0","-3.19","-5.62","-8.10","0","0","23.77","Released","Jan 17, 2026 10:10:52 PM PST"
"Jan 9, 2026 11:57:21 AM PST","25392467641","Order","113-1462528-4066662","GDApolloAir-02","Gear Doctors ApolloAir 5.2 R-Value [25oz] Ultralight Insulated Inflatable Camping Sleeping Pad - Backpacking Sleeping Pad - Camping Mattress Compact L","1","amazon.com","Standard Orders","Amazon","JOPPA","MD","21085","MarketplaceFacilitator","89.99","4.86","0","0","0","0","0","0","-9.00","0","-4.86","-12.15","-6.10","0","0","62.74","Released","Jan 18, 2026 3:32:52 AM PST"
"Jan 9, 2026 12:40:21 PM PST","25392467641","Order","111-1925494-5639406","Ether-01","Gear Doctors® Ether 17.5oz Ultralight Camping Sleeping Pad - Backpacking Air Mattress - Camping Mattress Pad - Compact Inflatable Sleeping Mat for Ba","1","amazon.com","Standard Orders","Amazon","Wichita","Kansas","67226","MarketplaceFacilitator","33.99","2.55","1.59","0","0","0","0","0","0","0","-2.55","-5.10","-7.27","0","0","23.21","Released","Jan 18, 2026 5:31:56 PM PST"
"Jan 9, 2026 1:20:09 PM PST","25280479521","Adjustment","114-0966423-5029022","F7-29UM-91GE","FBA Inventory Reimbursement - Customer Service Issue","1","","Standard Orders","","","","","","0","0","0","0","0","0","0","0","0","0","0","0","0","0","66.56","66.56","Released","Jan 9, 2026 1:20:09 PM PST"
"Jan 9, 2026 1:43:46 PM PST","25392467641","Order","111-5953011-1103419","GDApolloAir01","Gear Doctors ApolloAir 5.2 R-Value [17oz] Ultralight Insulated Inflatable Camping Sleeping Pad - Backpacking Sleeping Pad - Camping Mattress Compact L","1","amazon.com","Standard Orders","Amazon","WAPWALLOPEN","PA","18660","MarketplaceFacilitator","76.50","4.36","0","0","0","0","0","0","-3.82","0","-4.36","-10.90","-5.68","0","0","56.10","Released","Jan 17, 2026 11:42:04 PM PST"
"Jan 9, 2026 1:53:03 PM PST","25280479521","Service Fee","","","Cost of Advertising","","","Standard Orders","","","","","","0","0","0","0","0","0","0","0","0","0","0","0","0","-507.07","0","-507.07","Released","Jan 9, 2026 1:53:03 PM PST"
"Jan 9, 2026 1:55:29 PM PST","25392467641","Order","112-8619837-9058629","Ether-01","Gear Doctors® Ether 17.5oz Ultralight Camping Sleeping Pad - Backpacking Air Mattress - Camping Mattress Pad - Compact Inflatable Sleeping Mat for Ba","1","amazon.com","Standard Orders","Amazon","SALINE","MI","48176","MarketplaceFacilitator","33.99","2.04","0","0","0","0","0","0","0","0","-2.04","-5.10","-5.68","0","0","23.21","Released","Jan 18, 2026 5:47:46 AM PST"
"Jan 9, 2026 1:55:56 PM PST","25392467641","Order","113-2273137-4933030","Ether-01","Gear Doctors® Ether 17.5oz Ultralight Camping Sleeping Pad - Backpacking Air Mattress - Camping Mattress Pad - Compact Inflatable Sleeping Mat for Ba","1","amazon.com","Standard Orders","Amazon","CLARKSVILLE","TN","37042","MarketplaceFacilitator","33.99","3.23","0","0","0","0","0","0","0","0","-3.23","-5.10","-5.68","0","0","23.21","Released","Jan 18, 2026 12:22:08 AM PST"
"Jan 9, 2026 2:13:56 PM PST","25392467641","Order","114-0530206-2877056","GDCampingPillowOrange","Gear Doctors 3.5oz Compact Ultralight Inflatable Camping Pillow- Inflatable Camp Pillow- Backpacking Pillows Ultralight- Camping Pillows for Sleeping,","1","amazon.com","Standard Orders","Amazon","ANCHORAGE","AK","99504","MarketplaceFacilitator","14.99","0","0","0","0","0","0","0","0","0","0","-2.25","-4.16","0","0","8.58","Released","Jan 17, 2026 8:46:19 PM PST"
"Jan 9, 2026 2:40:10 PM PST","25392467641","Order","112-0451459-6381060","Ether-01","Gear Doctors® Ether 17.5oz Ultralight Camping Sleeping Pad - Backpacking Air Mattress - Camping Mattress Pad - Compact Inflatable Sleeping Mat for Ba","1","amazon.com","Standard Orders","Amazon","GALLATIN","TN","37066","MarketplaceFacilitator","33.99","3.31","0","0","0","0","0","0","0","0","-3.31","-5.10","-5.68","0","0","23.21","Released","Jan 17, 2026 7:59:21 PM PST"
"Jan 9, 2026 2:50:09 PM PST","25280479521","Refund","113-3490495-1333041","GDClassic01","Gear Doctors Oxylus 4.3R-Value Insulated Foam Self Inflating Sleeping Pad Camping-Sleeping Pad Backpacking Air Mattress-Camping Mattress Self Inflatin","1","amazon.com","Standard Orders","Amazon","POOLER","GA","31322","MarketplaceFacilitator","-37.49","-2.62","0","0","0","0","0","0","0","0","2.62","4.50","0","0","0","-32.99","Released","Jan 9, 2026 2:50:09 PM PST"
"Jan 9, 2026 3:20:46 PM PST","25392467641","Order","114-1414697-8894637","Ether-01","Gear Doctors® Ether 17.5oz Ultralight Camping Sleeping Pad - Backpacking Air Mattress - Camping Mattress Pad - Compact Inflatable Sleeping Mat for Ba","1","amazon.com","Standard Orders","Amazon","BOYNE CITY","MI","49712","MarketplaceFacilitator","33.99","2.04","0","0","0","0","0","0","0","0","-2.04","-5.10","-5.68","0","0","23.21","Released","Jan 17, 2026 8:13:02 AM PST"
"Jan 9, 2026 3:29:21 PM PST","25392467641","Order","111-0065091-2864241","GDClassic01","Gear Doctors Oxylus 4.3R-Value Insulated Foam Self Inflating Sleeping Pad Camping-Sleeping Pad Backpacking Air Mattress-Camping Mattress Self Inflatin","1","amazon.com","Standard Orders","Amazon","WAKEFIELD","KS","67487","MarketplaceFacilitator","37.49","3.19","0","0","0","0","0","0","0","0","-3.19","-5.62","-8.10","0","0","23.77","Released","Jan 20, 2026 5:13:28 AM PST"
"Jan 9, 2026 3:43:22 PM PST","25280479521","Refund","114-7225422-8907426","GDCampingPillowBlue","Gear Doctors 3.5oz Compact Ultralight Inflatable Camping Pillow - Inflatable Camp Pillow - Backpacking Pillows Ultralight- Camping Pillows for Sleepin","1","amazon.com","Standard Orders","Amazon","DURANT","OK","74701","MarketplaceFacilitator","-14.99","-1.41","0","0","0","0","0","0","0","0","1.41","1.80","0","0","0","-13.19","Released","Jan 9, 2026 3:43:22 PM PST"
"Jan 9, 2026 4:17:02 PM PST","25392467641","Order","114-0221659-9611473","GDApolloAir01","Gear Doctors ApolloAir 5.2 R-Value [17oz] Ultralight Insulated Inflatable Camping Sleeping Pad - Backpacking Sleeping Pad - Camping Mattress Compact L","1","amazon.com","Standard Orders","Amazon","AVON","OH","44011","MarketplaceFacilitator","76.50","4.97","0","0","0","0","0","0","0","0","-4.97","-11.48","-5.68","0","0","59.34","Released","Jan 18, 2026 7:23:57 AM PST"
"Jan 9, 2026 4:32:32 PM PST","25392467641","Order","114-2964010-9997022","GDApolloAir-02","Gear Doctors ApolloAir 5.2 R-Value [25oz] Ultralight Insulated Inflatable Camping Sleeping Pad - Backpacking Sleeping Pad - Camping Mattress Compact L","1","amazon.com","Standard Orders","Amazon","LIVE OAK","CA","95953","MarketplaceFacilitator","89.99","6.52","0","0","0","0","0","0","0","0","-6.52","-13.50","-6.10","0","0","70.39","Released","Jan 18, 2026 8:29:07 AM PST"
"Jan 9, 2026 6:06:29 PM PST","25392467641","Order","114-0530206-2877056","GDApolloAir01","Gear Doctors ApolloAir 5.2 R-Value [17oz] Ultralight Insulated Inflatable Camping Sleeping Pad - Backpacking Sleeping Pad - Camping Mattress Compact L","1","amazon.com","Standard Orders","Amazon","ANCHORAGE","AK","99504","MarketplaceFacilitator","76.50","0","0","0","0","0","0","0","0","0","0","-11.48","-5.68","0","0","59.34","Released","Jan 21, 2026 3:05:19 AM PST"
"Jan 9, 2026 6:38:31 PM PST","25392467641","Order","114-3385923-9740200","GDApolloAir01","Gear Doctors ApolloAir 5.2 R-Value [17oz] Ultralight Insulated Inflatable Camping Sleeping Pad - Backpacking Sleeping Pad - Camping Mattress Compact L","1","amazon.com","Standard Orders","Amazon","SANTEE","CA","92071","MarketplaceFacilitator","76.50","5.93","0","0","0","0","0","0","0","0","-5.93","-11.48","-5.68","0","0","59.34","Released","Jan 17, 2026 11:14:40 PM PST"
"Jan 9, 2026 7:06:11 PM PST","25392467641","Order","111-0186274-3309864","Ether-01","Gear Doctors® Ether 17.5oz Ultralight Camping Sleeping Pad - Backpacking Air Mattress - Camping Mattress Pad - Compact Inflatable Sleeping Mat for Ba","1","amazon.com","Standard Orders","Amazon","ANNAPOLIS","MD","21403","MarketplaceFacilitator","33.99","2.04","1.49","0","0","0","0","0","-1.49","0","-2.04","-5.10","-5.68","0","0","23.21","Released","Jan 17, 2026 3:43:18 AM PST"
"Jan 9, 2026 7:06:21 PM PST","25280479521","Adjustment","111-3892499-0124251","Ether-01","FBA Inventory Reimbursement - Customer Return","1","","Standard Orders","","","","","","0","0","0","0","0","0","0","0","0","0","0","0","0","0","23.21","23.21","Released","Jan 9, 2026 7:06:21 PM PST"
"Jan 9, 2026 7:09:54 PM PST","25392467641","Order","112-1196429-4796243","Ether-01","Gear Doctors® Ether 17.5oz Ultralight Camping Sleeping Pad - Backpacking Air Mattress - Camping Mattress Pad - Compact Inflatable Sleeping Mat for Ba","1","amazon.com","Standard Orders","Amazon","LA CENTER","WA","98629","MarketplaceFacilitator","33.99","2.63","2.99","0","0","0","0","0","-6.39","0","-2.63","-4.59","-5.68","0","0","20.32","Released","Jan 17, 2026 5:20:47 AM PST"
"Jan 9, 2026 7:15:53 PM PST","25392467641","Order","113-1249669-9185836","Ether-01","Gear Doctors® Ether 17.5oz Ultralight Camping Sleeping Pad - Backpacking Air Mattress - Camping Mattress Pad - Compact Inflatable Sleeping Mat for Ba","1","amazon.com","Standard Orders","Amazon","IRVINE","CA","92604","MarketplaceFacilitator","33.99","2.63","1.49","0","0","0","0","0","-1.49","0","-2.63","-5.10","-5.68","0","0","23.21","Released","Jan 17, 2026 5:06:20 AM PST"
"Jan 9, 2026 7:19:21 PM PST","25392467641","Order","114-6117657-5237067","Ether-01","Gear Doctors® Ether 17.5oz Ultralight Camping Sleeping Pad - Backpacking Air Mattress - Camping Mattress Pad - Compact Inflatable Sleeping Mat for Ba","1","amazon.com","Standard Orders","Amazon","MARLBOROUGH","MA","01752","MarketplaceFacilitator","33.99","2.12","0","0","0","0","0","0","0","0","-2.12","-5.10","-5.68","0","0","23.21","Released","Jan 18, 2026 2:31:37 AM PST"
"Jan 9, 2026 7:43:02 PM PST","25392467641","Order","112-7983422-0159434","Ether-01","Gear Doctors® Ether 17.5oz Ultralight Camping Sleeping Pad - Backpacking Air Mattress - Camping Mattress Pad - Compact Inflatable Sleeping Mat for Ba","1","amazon.com","Standard Orders","Amazon","Riverside","CA","92507","MarketplaceFacilitator","33.99","2.97","0","0","0","0","0","0","0","0","-2.97","-5.10","-5.68","0","0","23.21","Released","Jan 18, 2026 8:01:50 AM PST"
"Jan 9, 2026 8:01:13 PM PST","25392467641","Order","111-5921649-2685047","GDCampingPillowOrange","Gear Doctors 3.5oz Compact Ultralight Inflatable Camping Pillow-Inflatable Camp Pillow-Backpacking Pillows Ultralight-Camping Pillows for Sleeping, Hi","1","amazon.com","Standard Orders","Amazon","ALEXANDRIA","VA","22304","MarketplaceFacilitator","14.99","0.90","0.99","0","0","0","0","0","-0.99","0","-0.90","-2.25","-4.16","0","0","8.58","Released","Jan 17, 2026 4:42:53 AM PST"
"Jan 9, 2026 8:41:42 PM PST","25392467641","Order","112-8707735-3365813","Ether-01","Gear Doctors® Ether 17.5oz Ultralight Camping Sleeping Pad - Backpacking Air Mattress - Camping Mattress Pad - Compact Inflatable Sleeping Mat for Ba","1","amazon.com","Standard Orders","Amazon","KEY BISCAYNE","FL","33149","MarketplaceFacilitator","33.99","2.38","0","0","0","0","0","0","0","0","-2.38","-5.10","-5.68","0","0","23.21","Released","Jan 18, 2026 1:22:36 AM PST"
"Jan 9, 2026 8:55:48 PM PST","25392467641","Order","114-5909814-0829050","GDClassic01","Gear Doctors Oxylus 4.3R-Value Insulated Foam Self Inflating Sleeping Pad Camping-Sleeping Pad Backpacking Air Mattress-Camping Mattress Self Inflatin","1","amazon.com","Standard Orders","Amazon","WINTER SPRINGS","FL","32708","MarketplaceFacilitator","37.49","2.62","0.99","0","0","0","0","0","-0.99","0","-2.62","-5.62","-8.10","0","0","23.77","Released","Jan 17, 2026 5:23:43 AM PST"
"Jan 9, 2026 9:37:45 PM PST","25392467641","Order","113-0435632-4938623","Ether-01","Gear Doctors® Ether 17.5oz Ultralight Camping Sleeping Pad - Backpacking Air Mattress - Camping Mattress Pad - Compact Inflatable Sleeping Mat for Ba","1","amazon.com","Standard Orders","Amazon","WOODSTOCK","MD","21163","MarketplaceFacilitator","33.99","2.04","0","0","0","0","0","0","0","0","-2.04","-5.10","-5.68","0","0","23.21","Released","Jan 18, 2026 8:26:44 AM PST"
"Jan 9, 2026 10:42:22 PM PST","25392467641","Order","111-6419795-8758648","GDApolloAir-02","Gear Doctors ApolloAir 5.2 R-Value [25oz] Ultralight Insulated Inflatable Camping Sleeping Pad - Backpacking Sleeping Pad - Camping Mattress Compact L","2","amazon.com","Standard Orders","Amazon","SPRINGERVILLE","AZ","85938","MarketplaceFacilitator","179.98","16.38","0","0","0","0","0","0","0","0","-16.38","-27.00","-12.20","0","0","140.78","Released","Jan 21, 2026 12:41:56 AM PST"
"Jan 9, 2026 11:11:50 PM PST","25392467641","Order","112-3814320-8698636","Ether-01","Gear Doctors® Ether 17.5oz Ultralight Camping Sleeping Pad - Backpacking Air Mattress - Camping Mattress Pad - Compact Inflatable Sleeping Mat for Ba","1","amazon.com","Standard Orders","Amazon","SANFORD","FL","32771","MarketplaceFacilitator","33.99","2.38","0.43","0","0","0","0","0","-0.43","0","-2.38","-5.10","-5.68","0","0","23.21","Released","Jan 17, 2026 5:10:55 AM PST"
"Jan 9, 2026 11:15:42 PM PST","25392467641","Order","112-4679062-2349061","Ether-01","Gear Doctors® Ether 17.5oz Ultralight Camping Sleeping Pad - Backpacking Air Mattress - Camping Mattress Pad - Compact Inflatable Sleeping Mat for Ba","1","amazon.com","Standard Orders","Amazon","PHOENIX","AZ","85021","MarketplaceFacilitator","33.99","3.09","2.99","0","0","0","0","0","-2.99","0","-3.09","-5.10","-5.68","0","0","23.21","Released","Jan 17, 2026 7:09:23 AM PST"
"Jan 9, 2026 11:47:17 PM PST","25392467641","Order","112-0451083-1353864","Ether-01","Gear Doctors® Ether 17.5oz Ultralight Camping Sleeping Pad - Backpacking Air Mattress - Camping Mattress Pad - Compact Inflatable Sleeping Mat for Ba","1","amazon.com","Standard Orders","Amazon","SAN DIEGO","CA","92102","MarketplaceFacilitator","33.99","2.63","0.75","0","0","0","0","0","-0.75","0","-2.63","-5.10","-5.68","0","0","23.21","Released","Jan 17, 2026 6:20:32 AM PST"
"Jan 10, 2026 12:50:20 AM PST","25392467641","Order","112-7683601-4353025","GDClassic01","Gear Doctors Oxylus 4.3R-Value Insulated Foam Self Inflating Sleeping Pad Camping-Sleeping Pad Backpacking Air Mattress-Camping Mattress Self Inflatin","1","amazon.com","Standard Orders","Amazon","SANFORD","FL","32771","MarketplaceFacilitator","37.49","2.62","0","0","0","0","0","0","0","0","-2.62","-5.62","-8.10","0","0","23.77","Released","Jan 18, 2026 1:54:00 PM PST"
"Jan 10, 2026 2:05:12 AM PST","25392467641","Order","113-5317609-3368244","Ether-01","Gear Doctors® Ether 17.5oz Ultralight Camping Sleeping Pad - Backpacking Air Mattress - Camping Mattress Pad - Compact Inflatable Sleeping Mat for Ba","1","amazon.com","Standard Orders","Amazon","MECHANICSVILLE","VA","23116","MarketplaceFacilitator","33.99","2.04","0","0","0","0","0","0","0","0","-2.04","-5.10","-5.68","0","0","23.21","Released","Jan 18, 2026 1:56:02 AM PST"
"Jan 10, 2026 3:17:35 AM PST","25392467641","Order","114-2306871-4293869","GDClassic01","Gear Doctors Oxylus 4.3R-Value Insulated Foam Self Inflating Sleeping Pad Camping-Sleeping Pad Backpacking Air Mattress-Camping Mattress Self Inflatin","1","amazon.com","Standard Orders","Amazon","PITKIN","LA","70656","MarketplaceFacilitator","37.49","3.37","0","0","0","0","0","0","0","0","-3.37","-5.62","-8.10","0","0","23.77","Released","Jan 19, 2026 5:09:16 AM PST"
"Jan 10, 2026 4:11:19 AM PST","25392467641","Adjustment","111-6186032-0899451","GDCampingPillowBlue","FBA Inventory Reimbursement - Customer Return","1","","Standard Orders","","","","","","0","0","0","0","0","0","0","0","0","0","0","0","0","0","8.58","8.58","Released","Jan 10, 2026 4:11:19 AM PST"
"Jan 10, 2026 6:14:24 AM PST","25392467641","Order","111-8406314-4270626","Ether-01","Gear Doctors® Ether 17.5oz Ultralight Camping Sleeping Pad - Backpacking Air Mattress - Camping Mattress Pad - Compact Inflatable Sleeping Mat for Ba","1","amazon.com","Standard Orders","Amazon","EL MONTE","CA","91732","MarketplaceFacilitator","33.99","3.57","2.99","0","0","0","0","0","-2.99","0","-3.57","-5.10","-5.68","0","0","23.21","Released","Jan 18, 2026 5:55:57 AM PST"
"Jan 10, 2026 6:40:44 AM PST","25392467641","Order","113-5549633-4513854","GDApolloAir01","Gear Doctors ApolloAir 5.2 R-Value [17oz] Ultralight Insulated Inflatable Camping Sleeping Pad - Backpacking Sleeping Pad - Camping Mattress Compact L","2","amazon.com","Standard Orders","Amazon","DOUGLASVILLE","GA","30135","MarketplaceFacilitator","153.00","10.54","0","0","0","0","0","0","-2.55","0","-10.54","-22.56","-11.36","0","0","116.53","Released","Jan 19, 2026 5:48:39 AM PST"
"Jan 10, 2026 7:10:01 AM PST","25392467641","Order","112-1618329-9136217","GDApolloAir01","Gear Doctors ApolloAir 5.2 R-Value [17oz] Ultralight Insulated Inflatable Camping Sleeping Pad - Backpacking Sleeping Pad - Camping Mattress Compact L","1","amazon.com","Standard Orders","Amazon","BATON ROUGE","LA","70809","MarketplaceFacilitator","76.50","8.03","1.49","0","0","0","0","0","-1.49","0","-8.03","-11.48","-5.68","0","0","59.34","Released","Jan 18, 2026 8:02:13 AM PST"
"Jan 10, 2026 7:10:01 AM PST","25392467641","Order","112-1618329-9136217","GDCampingPillowBlue","Gear Doctors 3.5oz Compact Ultralight Inflatable Camping Pillow -Inflatable Camp Pillow -Backpacking Pillows Ultralight-Camping Pillows for Sleeping,","1","amazon.com","Standard Orders","Amazon","BATON ROUGE","LA","70809","MarketplaceFacilitator","14.99","1.57","1.50","0","0","0","0","0","-1.50","0","-1.57","-2.25","-4.16","0","0","8.58","Released","Jan 18, 2026 8:02:13 AM PST"
"Jan 10, 2026 7:14:21 AM PST","25392467641","Order","113-1088893-8136214","Ether-01","Gear Doctors® Ether 17.5oz Ultralight Camping Sleeping Pad - Backpacking Air Mattress - Camping Mattress Pad - Compact Inflatable Sleeping Mat for Ba","1","amazon.com","Standard Orders","Amazon","KAILUA","HI","96734","MarketplaceFacilitator","33.99","1.60","0","0","0","0","0","0","0","0","-1.60","-5.10","-5.68","0","0","23.21","Released","Jan 20, 2026 11:42:02 PM PST"
"Jan 10, 2026 7:18:35 AM PST","25392467641","Order","S01-8748145-2087664","GDClassic01","Gear Doctors Oxylus 4.3R-Value Insulated Foam Self Inflating Sleeping Pad Camping—Sleeping Pad Backpacking Air Mattress—Camping Mattress Self Inflating Camp Mat 4 Seasons Sleep Mat—Camp/Floor/Tent/Cot","3","sim1.stores.amazon.com","Standard Orders","Amazon","Lancaster","NY","14086","","0","0","0","0","0","0","0","0","0","0","0","0","-25.77","0","0","-25.77","Released","Jan 10, 2026 7:18:35 AM PST"
"Jan 10, 2026 8:37:10 AM PST","25392467641","Order","112-1044160-0490642","Ether-01","Gear Doctors® Ether 17.5oz Ultralight Camping Sleeping Pad - Backpacking Air Mattress - Camping Mattress Pad - Compact Inflatable Sleeping Mat for Ba","1","amazon.com","Standard Orders","Amazon","MCLEAN","VA","22101","MarketplaceFacilitator","33.99","2.04","2.49","0.15","0","0","0","0","0","0","-2.19","-5.10","-8.17","0","0","23.21","Released","Jan 18, 2026 2:36:00 AM PST"
"Jan 10, 2026 9:08:25 AM PST","25392467641","Refund","114-9238617-3845055","GDClassic01","Gear Doctors Self Inflating Camping Sleeping Pad for Camping 4.3 R Insulated Camping mats-1.5 in Must Haves Inflatable Foam air Sleep mat Self Inflati","1","amazon.com","Standard Orders","Amazon","HOCKESSIN","DE","19707","","-29.99","0","0","0","0","0","0","0","0","0","0","3.60","0","0","0","-26.39","Released","Jan 10, 2026 9:08:25 AM PST"
"Jan 10, 2026 9:12:54 AM PST","25392467641","Order","112-3132894-8120251","Ether-01","Gear Doctors® Ether 17.5oz Ultralight Camping Sleeping Pad - Backpacking Air Mattress - Camping Mattress Pad - Compact Inflatable Sleeping Mat for Ba","1","amazon.com","Standard Orders","Amazon","DURHAM","NC","27708","MarketplaceFacilitator","33.99","2.55","0","0","0","0","0","0","0","0","-2.55","-5.10","-5.68","0","0","23.21","Released","Jan 20, 2026 6:59:36 AM PST"
"Jan 10, 2026 9:47:54 AM PST","25392467641","Adjustment","114-0712952-2701819","F7-29UM-91GE","FBA Inventory Reimbursement - Customer Service Issue","1","","Standard Orders","","","","","","0","0","0","0","0","0","0","0","0","0","0","0","0","0","66.56","66.56","Released","Jan 10, 2026 9:47:54 AM PST"
"Jan 10, 2026 10:39:23 AM PST","25392467641","Refund","111-5563654-5673811","GDApolloAir01","Gear Doctors ApolloAir 5.2 R-Value [17oz] Ultralight Insulated Inflatable Camping Sleeping Pad - Backpacking Sleeping Pad - Camping Mattress Compact L","1","amazon.com","Standard Orders","Amazon","VENETIA","PA","15367","MarketplaceFacilitator","0","0","-6.99","-0.42","0","0","0","0","0","0","0.42","0","6.99","0","0","0","Released","Jan 10, 2026 10:39:23 AM PST"
"Jan 10, 2026 10:44:27 AM PST","25392467641","Refund","114-4195910-9572223","Ether-01","Gear Doctors® Ether 17.5oz Ultralight Camping Sleeping Pad - Backpacking Air Mattress - Camping Mattress Pad - Compact Inflatable Sleeping Mat for Ba","1","amazon.com","Standard Orders","Amazon","LOTHIAN","MD","20711","MarketplaceFacilitator","-33.99","-2.04","-1.00","0","0","0","0","0","1.00","0","2.04","4.08","0","0","0","-29.91","Released","Jan 13, 2026 1:22:01 AM PST"
"Jan 10, 2026 11:21:29 AM PST","25392467641","Order","111-0034242-2677834","GDClassic01","Gear Doctors Oxylus 4.3R-Value Insulated Foam Self Inflating Sleeping Pad Camping-Sleeping Pad Backpacking Air Mattress-Camping Mattress Self Inflatin","1","amazon.com","Standard Orders","Amazon","LAKE","MI","48632","MarketplaceFacilitator","37.49","2.25","0","0","0","0","0","0","0","0","-2.25","-5.62","-8.10","0","0","23.77","Released","Jan 19, 2026 6:24:49 AM PST"
"Jan 10, 2026 11:53:51 AM PST","25392467641","Order","112-5825654-4033851","GDClassic01","Gear Doctors Oxylus 4.3R-Value Insulated Foam Self Inflating Sleeping Pad Camping-Sleeping Pad Backpacking Air Mattress-Camping Mattress Self Inflatin","3","amazon.com","Standard Orders","Amazon","SAINT JAMES CITY","FL","33956","MarketplaceFacilitator","112.47","7.32","0","0","0","0","0","0","0","0","-7.32","-16.86","-24.30","0","0","71.31","Released","Jan 20, 2026 5:39:47 AM PST"
"Jan 10, 2026 12:05:28 PM PST","25392467641","Order","114-9095296-1089048","GDApolloAir-02","Gear Doctors ApolloAir 5.2 R-Value [25oz] Ultralight Insulated Inflatable Camping Sleeping Pad - Backpacking Sleeping Pad - Camping Mattress Compact L","1","amazon.com","Standard Orders","Amazon","KIHEI","HI","96753","MarketplaceFacilitator","89.99","4.24","0","0","0","0","0","0","0","0","-4.24","-13.50","-6.10","0","0","70.39","Released","Jan 19, 2026 11:43:16 PM PST"
"Jan 10, 2026 12:31:08 PM PST","25392467641","Order","111-4914124-3514611","Ether-01","Gear Doctors® Ether 17.5oz Ultralight Camping Sleeping Pad - Backpacking Air Mattress - Camping Mattress Pad - Compact Inflatable Sleeping Mat for Ba","1","amazon.com","Standard Orders","Amazon","RANCHO CUCAMONGA","CA","91739","MarketplaceFacilitator","33.99","2.63","1.49","0","0","0","0","0","-1.49","0","-5.26","-10.20","-5.68","0","0","15.48","Released","Jan 18, 2026 12:16:05 AM PST"
"Jan 10, 2026 12:31:08 PM PST","25392467641","Order","111-4914124-3514611","Ether-01","Gear Doctors® Ether 17.5oz Ultralight Camping Sleeping Pad - Backpacking Air Mattress - Camping Mattress Pad - Compact Inflatable Sleeping Mat for Ba","1","amazon.com","Standard Orders","Amazon","RANCHO CUCAMONGA","CA","91739","","33.99","2.63","1.50","0","0","0","0","0","-1.50","0","0","0","-5.68","0","0","30.94","Released","Jan 18, 2026 12:16:05 AM PST"
"Jan 10, 2026 12:49:33 PM PST","25392467641","Order","111-5652430-1745837","Ether-01","Gear Doctors® Ether 17.5oz Ultralight Camping Sleeping Pad - Backpacking Air Mattress - Camping Mattress Pad - Compact Inflatable Sleeping Mat for Ba","1","amazon.com","Standard Orders","Amazon","Grandville","MI","49418","MarketplaceFacilitator","33.99","2.04","0","0","0","0","0","0","0","0","-2.04","-5.10","-5.68","0","0","23.21","Released","Jan 18, 2026 9:33:07 PM PST"
"Jan 10, 2026 1:02:19 PM PST","25392467641","Refund","112-5016473-5852215","Ether-01","Gear Doctors® Ether 17.5oz Ultralight Camping Sleeping Pad - Backpacking Air Mattress - Camping Mattress Pad - Compact Inflatable Sleeping Mat for Ba","1","amazon.com","Standard Orders","Amazon","PROVO","UT","84601","MarketplaceFacilitator","-33.99","-2.53","-2.99","0","0","0","0","0","2.99","0","2.53","4.08","0","0","0","-29.91","Released","Jan 14, 2026 4:57:00 AM PST"
"Jan 10, 2026 1:12:13 PM PST","25392467641","Refund","112-6174922-6985840","GDClassic01","Gear Doctors Oxylus 4.3R-Value Insulated Foam Self Inflating Sleeping Pad Camping-Sleeping Pad Backpacking Air Mattress-Camping Mattress Self Inflatin","1","amazon.com","Standard Orders","Amazon","SANTA MONICA","CA","90405","MarketplaceFacilitator","-37.49","-4.03","-1.49","0","0","0","0","0","1.49","0","4.03","4.50","0","0","0","-32.99","Released","Jan 13, 2026 5:29:11 AM PST"
"Jan 10, 2026 1:26:08 PM PST","25392467641","Order","114-4073145-5705055","GDClassic01","Gear Doctors Oxylus 4.3R-Value Insulated Foam Self Inflating Sleeping Pad Camping-Sleeping Pad Backpacking Air Mattress-Camping Mattress Self Inflatin","1","amazon.com","Standard Orders","Amazon","SUMMERFIELD","FL","34491","MarketplaceFacilitator","37.49","2.81","0","0","0","0","0","0","0","0","-2.81","-5.62","-8.10","0","0","23.77","Released","Jan 18, 2026 11:47:41 PM PST"
"Jan 10, 2026 1:50:40 PM PST","25392467641","Order","111-9745674-1269001","GDApolloAir01","Gear Doctors ApolloAir 5.2 R-Value [17oz] Ultralight Insulated Inflatable Camping Sleeping Pad - Backpacking Sleeping Pad - Camping Mattress Compact L","1","amazon.com","Standard Orders","Amazon","DENVER","NC","28037","MarketplaceFacilitator","76.50","5.36","0","0","0","0","0","0","0","0","-5.36","-11.48","-5.68","0","0","59.34","Released","Jan 19, 2026 3:15:45 AM PST"
"Jan 10, 2026 2:26:52 PM PST","25392467641","Order","114-0858788-9522649","GDClassic01","Gear Doctors Oxylus 4.3R-Value Insulated Foam Self Inflating Sleeping Pad Camping-Sleeping Pad Backpacking Air Mattress-Camping Mattress Self Inflatin","1","amazon.com","Standard Orders","Amazon","WHITESTONE","NY","11357","MarketplaceFacilitator","37.49","3.33","1.49","0","0","0","0","0","-1.49","0","-3.33","-5.62","-8.10","0","0","23.77","Released","Jan 18, 2026 1:48:59 AM PST"
"Jan 10, 2026 2:59:40 PM PST","25392467641","Order","114-8215052-7421056","GDApolloAir01","Gear Doctors ApolloAir 5.2 R-Value [17oz] Ultralight Insulated Inflatable Camping Sleeping Pad - Backpacking Sleeping Pad - Camping Mattress Compact L","1","amazon.com","Standard Orders","Amazon","LOUISVILLE","KY","40299","MarketplaceFacilitator","76.50","4.59","0","0","0","0","0","0","0","0","-4.59","-11.48","-5.68","0","0","59.34","Released","Jan 19, 2026 1:11:31 AM PST"
"Jan 10, 2026 3:21:58 PM PST","25392467641","Order","114-6592979-9544242","Ether-01","Gear Doctors® Ether 17.5oz Ultralight Camping Sleeping Pad - Backpacking Air Mattress - Camping Mattress Pad - Compact Inflatable Sleeping Mat for Ba","1","amazon.com","Standard Orders","Amazon","CLARKSVILLE","TN","37043","MarketplaceFacilitator","33.99","3.23","0","0","0","0","0","0","0","0","-3.23","-5.10","-5.68","0","0","23.21","Released","Jan 19, 2026 1:38:30 AM PST"
"Jan 10, 2026 3:27:06 PM PST","25392467641","Order","113-1645696-5231463","GDCampingPillowOrange","Gear Doctors 3.5oz Compact Ultralight Inflatable Camping Pillow-Inflatable Camp Pillow-Backpacking Pillows Ultralight-Camping Pillows for Sleeping, Hi","1","amazon.com","Standard Orders","Amazon","CHICAGO","IL","60613","MarketplaceFacilitator","14.99","1.54","0","0","0","0","0","0","0","0","-1.54","-2.25","-4.16","0","0","8.58","Released","Jan 19, 2026 1:26:17 AM PST"
"Jan 10, 2026 3:46:55 PM PST","25392467641","Order","114-9160518-5238642","GDCampingPillowOrange","Gear Doctors 3.5oz Compact Ultralight Inflatable Camping Pillow- Inflatable Camp Pillow- Backpacking Pillows Ultralight- Camping Pillows for Sleeping,","1","amazon.com","Standard Orders","Amazon","LOUISVILLE","KY","40299","MarketplaceFacilitator","14.99","0.90","0","0","0","0","0","0","0","0","-0.90","-2.25","-4.16","0","0","8.58","Released","Jan 18, 2026 5:33:49 PM PST"
"Jan 10, 2026 4:01:19 PM PST","25392467641","Refund","111-8509155-0749844","GDCampingPillowOrange","Gear Doctors 3.5oz Compact Ultralight Inflatable Camping Pillow- Inflatable Camp Pillow- Backpacking Pillows Ultralight- Camping Pillows for Sleeping,","1","amazon.com","Standard Orders","Amazon","DANVILLE","AL","35619","MarketplaceFacilitator","-14.99","-1.20","-0.17","0","0","0","0","0","0.17","0","1.20","1.80","0","0","0","-13.19","Released","Jan 10, 2026 4:01:19 PM PST"
"Jan 10, 2026 4:23:35 PM PST","25392467641","Order","114-4544086-7465806","GDApolloAir-02","Gear Doctors ApolloAir 5.2 R-Value [25oz] Ultralight Insulated Inflatable Camping Sleeping Pad - Backpacking Sleeping Pad - Camping Mattress Compact L","1","amazon.com","Standard Orders","Amazon","PALM CITY","FL","34990","MarketplaceFacilitator","89.99","5.85","0","0","0","0","0","0","0","0","-5.85","-13.50","-6.10","0","0","70.39","Released","Jan 19, 2026 5:12:06 AM PST"
"Jan 10, 2026 4:34:48 PM PST","25392467641","Refund","113-3877408-5414654","Ether-01","Gear Doctors® Ether 17.5oz Ultralight Camping Sleeping Pad - Backpacking Air Mattress - Camping Mattress Pad - Compact Inflatable Sleeping Mat for Ba","1","amazon.com","Standard Orders","Amazon","Holly Springs","North Carolina","27540","MarketplaceFacilitator","-33.99","-2.46","-0.99","0","0","0","0","0","0.99","0","2.46","4.08","0","0","0","-29.91","Released","Jan 10, 2026 4:34:48 PM PST"
"Jan 10, 2026 5:01:52 PM PST","25392467641","Order","114-4926121-7087429","Ether-01","Gear Doctors® Ether 17.5oz Ultralight Camping Sleeping Pad - Backpacking Air Mattress - Camping Mattress Pad - Compact Inflatable Sleeping Mat for Ba","1","amazon.com","Standard Orders","Amazon","LOS ANGELES","CA","90015","MarketplaceFacilitator","33.99","3.31","0","0","0","0","0","0","0","0","-3.31","-5.10","-5.68","0","0","23.21","Released","Jan 22, 2026 1:22:19 PM PST"
"Jan 10, 2026 5:31:19 PM PST","25392467641","Refund","113-8636259-1149037","Ether-01","Gear Doctors® Ether 17.5oz Ultralight Camping Sleeping Pad - Backpacking Air Mattress - Camping Mattress Pad - Compact Inflatable Sleeping Mat for Ba","3","amazon.com","Standard Orders","Amazon","LITTLETON","CO","80120","MarketplaceFacilitator","-101.97","-8.16","-1.79","0","0","0","0","0","1.79","0","8.16","12.24","0","0","0","-89.73","Released","Jan 10, 2026 5:31:19 PM PST"
"Jan 10, 2026 5:52:44 PM PST","25392467641","Order","114-1936979-8228204","Ether-01","Gear Doctors® Ether 17.5oz Ultralight Camping Sleeping Pad - Backpacking Air Mattress - Camping Mattress Pad - Compact Inflatable Sleeping Mat for Ba","1","amazon.com","Standard Orders","Amazon","HOUSTON","TX","77095","MarketplaceFacilitator","33.99","2.80","1.50","0","0","0","0","0","-1.50","0","-2.80","-5.10","-5.68","0","0","23.21","Released","Jan 18, 2026 4:44:00 AM PST"
"Jan 10, 2026 6:06:32 PM PST","25392467641","Order","111-9317231-1475404","GDClassic01","Gear Doctors Oxylus 4.3R-Value Insulated Foam Self Inflating Sleeping Pad Camping-Sleeping Pad Backpacking Air Mattress-Camping Mattress Self Inflatin","1","amazon.com","Standard Orders","Amazon","EMERYVILLE","CA","94608","MarketplaceFacilitator","37.49","4.03","0","0","0","0","0","0","0","0","-4.03","-5.62","-8.10","0","0","23.77","Released","Jan 18, 2026 9:32:13 PM PST"
"Jan 10, 2026 7:09:50 PM PST","25392467641","Order","111-5147868-7040202","Ether-01","Gear Doctors® Ether 17.5oz Ultralight Camping Sleeping Pad - Backpacking Air Mattress - Camping Mattress Pad - Compact Inflatable Sleeping Mat for Ba","1","amazon.com","Standard Orders","Amazon","O FALLON","IL","62269","MarketplaceFacilitator","33.99","2.84","0","0","0","0","0","0","0","0","-2.84","-5.10","-5.68","0","0","23.21","Released","Jan 19, 2026 2:35:42 AM PST"
"Jan 10, 2026 7:49:29 PM PST","25392467641","Order","111-7499863-3340206","GDCampingPillowOrange","Gear Doctors 3.5oz Compact Ultralight Inflatable Camping Pillow-Inflatable Camp Pillow-Backpacking Pillows Ultralight-Camping Pillows for Sleeping, Hi","1","amazon.com","Standard Orders","Amazon","WALDEN","NY","12586","MarketplaceFacilitator","14.99","1.22","1.50","0","0","0","0","0","-1.50","0","-1.22","-2.25","-4.16","0","0","8.58","Released","Jan 18, 2026 2:43:03 AM PST"
"Jan 10, 2026 8:43:22 PM PST","25392467641","Order","111-2077437-6710601","Ether-01","Gear Doctors® Ether 17.5oz Ultralight Camping Sleeping Pad - Backpacking Air Mattress - Camping Mattress Pad - Compact Inflatable Sleeping Mat for Ba","1","amazon.com","Standard Orders","Amazon","Aptos","CA","95003","MarketplaceFacilitator","33.99","3.23","2.99","0","0","0","0","0","-2.99","0","-3.23","-5.10","-5.68","0","0","23.21","Released","Jan 18, 2026 6:38:58 AM PST"
"Jan 10, 2026 8:51:27 PM PST","25392467641","Order","112-0405441-3521056","Ether-01","Gear Doctors® Ether 17.5oz Ultralight Camping Sleeping Pad - Backpacking Air Mattress - Camping Mattress Pad - Compact Inflatable Sleeping Mat for Ba","1","amazon.com","Standard Orders","Amazon","DEL RIO","TN","37727","MarketplaceFacilitator","33.99","3.31","0","0","0","0","0","0","0","0","-3.31","-5.10","-5.68","0","0","23.21","Released","Jan 21, 2026 7:50:52 AM PST"
"Jan 10, 2026 9:37:22 PM PST","25392467641","Order","111-4933780-1858666","Ether-01","Gear Doctors® Ether 17.5oz Ultralight Camping Sleeping Pad - Backpacking Air Mattress - Camping Mattress Pad - Compact Inflatable Sleeping Mat for Ba","1","amazon.com","Standard Orders","Amazon","ORLAND","CA","95963","MarketplaceFacilitator","33.99","2.80","2.99","0","0","0","0","0","-2.99","0","-2.80","-5.10","-5.68","0","0","23.21","Released","Jan 18, 2026 7:34:32 AM PST"
"Jan 10, 2026 9:39:31 PM PST","25392467641","Order","113-0667921-7071411","Ether-01","Gear Doctors® Ether 17.5oz Ultralight Camping Sleeping Pad - Backpacking Air Mattress - Camping Mattress Pad - Compact Inflatable Sleeping Mat for Ba","1","amazon.com","Standard Orders","Amazon","HUTTO","TX","78634","MarketplaceFacilitator","33.99","2.80","2.99","0","0","0","0","0","-2.99","0","-2.80","-5.10","-5.68","0","0","23.21","Released","Jan 18, 2026 2:17:07 AM PST"
"Jan 10, 2026 9:50:48 PM PST","25392467641","Order","S01-3861767-3186858","GDClassic01","Gear Doctors Oxylus 4.3R-Value Insulated Foam Self Inflating Sleeping Pad Camping—Sleeping Pad Backpacking Air Mattress—Camping Mattress Self Inflating Camp Mat 4 Seasons Sleep Mat—Camp/Floor/Tent/Cot","1","sim1.stores.amazon.com","Standard Orders","Amazon","Vestavia Hills","AL","35216","","0","0","0","0","0","0","0","0","0","0","0","0","-13.24","0","0","-13.24","Released","Jan 10, 2026 9:50:48 PM PST"
"Jan 10, 2026 10:29:03 PM PST","25392467641","Order","111-8204292-8831437","GDClassic01","Gear Doctors Oxylus 4.3R-Value Insulated Foam Self Inflating Sleeping Pad Camping-Sleeping Pad Backpacking Air Mattress-Camping Mattress Self Inflatin","1","amazon.com","Standard Orders","Amazon","PHOENIX","AZ","85053","MarketplaceFacilitator","37.49","3.41","2.99","0","0","0","0","0","-2.99","0","-3.41","-5.62","-8.10","0","0","23.77","Released","Jan 18, 2026 6:34:32 AM PST"
"Jan 10, 2026 10:52:50 PM PST","25392467641","Order","112-5418230-1857830","GDClassic01","Gear Doctors Oxylus 4.3R-Value Insulated Foam Self Inflating Sleeping Pad Camping-Sleeping Pad Backpacking Air Mattress-Camping Mattress Self Inflatin","1","amazon.com","Standard Orders","Amazon","WABASH","IN","46992","MarketplaceFacilitator","37.49","2.62","0","0","0","0","0","0","0","0","-2.62","-5.62","-8.10","0","0","23.77","Released","Jan 19, 2026 11:14:07 AM PST"
"Jan 10, 2026 10:53:32 PM PST","25392467641","Order","112-9568131-4447452","Ether-01","Gear Doctors® Ether 17.5oz Ultralight Camping Sleeping Pad - Backpacking Air Mattress - Camping Mattress Pad - Compact Inflatable Sleeping Mat for Ba","1","amazon.com","Standard Orders","Amazon","HOOVER","AL","35226","MarketplaceFacilitator","33.99","2.72","2.99","0","0","0","0","0","-2.99","0","-2.72","-5.10","-5.68","0","0","23.21","Released","Jan 19, 2026 5:15:30 PM PST"
"Jan 10, 2026 11:05:16 PM PST","25392467641","Service Fee","","","Cost of Advertising","","","Standard Orders","","","","","","0","0","0","0","0","0","0","0","0","0","0","0","0","-506.41","0","-506.41","Released","Jan 10, 2026 11:05:16 PM PST"
"Jan 10, 2026 11:17:50 PM PST","25392467641","Order","114-3465294-4980269","GDApolloAir01","Gear Doctors ApolloAir 5.2 R-Value [17oz] Ultralight Insulated Inflatable Camping Sleeping Pad - Backpacking Sleeping Pad - Camping Mattress Compact L","1","amazon.com","Standard Orders","Amazon","POINCIANA","FL","34759","MarketplaceFacilitator","76.50","5.36","2.99","0","0","0","0","0","-2.99","0","-5.36","-11.48","-5.68","0","0","59.34","Released","Jan 18, 2026 6:10:17 AM PST"
"Jan 10, 2026 11:23:12 PM PST","25392467641","Order","111-9122381-9377847","Ether-01","Gear Doctors® Ether 17.5oz Ultralight Camping Sleeping Pad - Backpacking Air Mattress - Camping Mattress Pad - Compact Inflatable Sleeping Mat for Ba","1","amazon.com","Standard Orders","Amazon","WASHINGTON","DC","20003","MarketplaceFacilitator","33.99","2.04","0","0","0","0","0","0","0","0","-2.04","-5.10","-5.68","0","0","23.21","Released","Jan 19, 2026 2:34:32 AM PST"
"Jan 10, 2026 11:47:54 PM PST","25392467641","Order","112-6007602-1789868","GDCampingPillowTeal","Gear Doctors 3.5oz Compact Ultralight Inflatable Camping Pillow -Inflatable Camp Pillow -Backpacking Pillows Ultralight-Camping Pillows for Sleeping,","1","amazon.com","Standard Orders","Amazon","COLUMBUS","OH","43213","MarketplaceFacilitator","14.99","1.20","0","0","0","0","0","0","0","0","-1.20","-2.25","-4.16","0","0","8.58","Released","Jan 21, 2026 3:56:31 AM PST"
"Jan 10, 2026 11:52:04 PM PST","25392467641","Order","111-2922065-8919418","Ether-01","Gear Doctors® Ether 17.5oz Ultralight Camping Sleeping Pad - Backpacking Air Mattress - Camping Mattress Pad - Compact Inflatable Sleeping Mat for Ba","1","amazon.com","Standard Orders","Amazon","BRIDGEWATER","NJ","08807","MarketplaceFacilitator","33.99","2.03","0","0","0","0","0","0","-3.40","0","-2.03","-4.59","-5.68","0","0","20.32","Released","Jan 19, 2026 1:33:52 AM PST"
"Jan 11, 2026 1:03:55 AM PST","25495925401","Order","114-7019482-0184214","Ether-01","Gear Doctors® Ether 17.5oz Ultralight Camping Sleeping Pad - Backpacking Air Mattress - Camping Mattress Pad - Compact Inflatable Sleeping Mat for Ba","1","amazon.com","Standard Orders","Amazon","APO","AE","09316","MarketplaceFacilitator","33.99","0","0","0","0","0","0","0","0","0","0","-5.10","-5.68","0","0","23.21","Released","Jan 27, 2026 4:33:28 AM PST"
"Jan 11, 2026 1:48:01 AM PST","25392467641","Order","112-8408417-1823416","GDApolloAir01","Gear Doctors ApolloAir 5.2 R-Value [17oz] Ultralight Insulated Inflatable Camping Sleeping Pad - Backpacking Sleeping Pad - Camping Mattress Compact L","1","amazon.com","Standard Orders","Amazon","SANFORD","FL","32771","MarketplaceFacilitator","76.50","5.36","0","0","0","0","0","0","0","0","-5.36","-11.48","-5.68","0","0","59.34","Released","Jan 19, 2026 12:35:43 AM PST"
"Jan 11, 2026 1:55:14 AM PST","25392467641","Order","112-6498515-0557041","GDClassic01","Gear Doctors Oxylus 4.3R-Value Insulated Foam Self Inflating Sleeping Pad Camping-Sleeping Pad Backpacking Air Mattress-Camping Mattress Self Inflatin","1","amazon.com","Standard Orders","Amazon","FAIRFIELD","CA","94534","MarketplaceFacilitator","37.49","3.14","0","0","0","0","0","0","0","0","-3.14","-5.62","-8.10","0","0","23.77","Released","Jan 19, 2026 1:49:03 AM PST"
"Jan 11, 2026 2:16:53 AM PST","25392467641","Order","113-7073136-3841044","GDCampingPillowOrange","Gear Doctors 3.5oz Compact Ultralight Inflatable Camping Pillow-Inflatable Camp Pillow-Backpacking Pillows Ultralight-Camping Pillows for Sleeping, Hi","1","amazon.com","Standard Orders","Amazon","LAWRENCEBURG","TN","38464","MarketplaceFacilitator","14.99","1.46","0","0","0","0","0","0","0","0","-1.46","-2.25","-4.16","0","0","8.58","Released","Jan 21, 2026 4:14:15 AM PST"
"Jan 11, 2026 2:21:40 AM PST","25392467641","Order","111-7081545-3042651","Ether-01","Gear Doctors® Ether 17.5oz Ultralight Camping Sleeping Pad - Backpacking Air Mattress - Camping Mattress Pad - Compact Inflatable Sleeping Mat for Ba","1","amazon.com","Standard Orders","Amazon","BALTIMORE","MD","21206","MarketplaceFacilitator","33.99","2.04","1.00","0","0","0","0","0","-1.00","0","-2.04","-5.10","-5.68","0","0","23.21","Released","Jan 18, 2026 5:42:08 AM PST"
"Jan 11, 2026 2:32:42 AM PST","25392467641","Order","111-5388281-2967427","Ether-01","Gear Doctors® Ether 17.5oz Ultralight Camping Sleeping Pad - Backpacking Air Mattress - Camping Mattress Pad - Compact Inflatable Sleeping Mat for Ba","1","amazon.com","Standard Orders","Amazon","INDIANAPOLIS","IN","46224","MarketplaceFacilitator","33.99","2.38","1.00","0","0","0","0","0","-1.00","0","-2.38","-5.10","-5.68","0","0","23.21","Released","Jan 18, 2026 5:51:44 AM PST"
"Jan 11, 2026 2:44:42 AM PST","25392467641","Order","114-0748627-1282623","Ether-01","Gear Doctors® Ether 17.5oz Ultralight Camping Sleeping Pad - Backpacking Air Mattress - Camping Mattress Pad - Compact Inflatable Sleeping Mat for Ba","2","amazon.com","Standard Orders","Amazon","RIVER FALLS","WI","54022","MarketplaceFacilitator","67.98","3.74","6.99","0","0","0","0","0","-6.99","0","-3.74","-10.20","-11.36","0","0","46.42","Released","Jan 21, 2026 8:01:10 AM PST"
"Jan 11, 2026 2:54:37 AM PST","25392467641","Order","112-2792874-6311468","GDClassic01","Gear Doctors Oxylus 4.3R-Value Insulated Foam Self Inflating Sleeping Pad Camping-Sleeping Pad Backpacking Air Mattress-Camping Mattress Self Inflatin","1","amazon.com","Standard Orders","Amazon","LAKE WALES","FL","33853","MarketplaceFacilitator","37.49","2.62","0","0","0","0","0","0","0","0","-2.62","-5.62","-8.10","0","0","23.77","Released","Jan 19, 2026 10:32:34 PM PST"
"Jan 11, 2026 4:08:45 AM PST","25392467641","Order","112-9311592-3139433","Ether-01","Gear Doctors® Ether 17.5oz Ultralight Camping Sleeping Pad - Backpacking Air Mattress - Camping Mattress Pad - Compact Inflatable Sleeping Mat for Ba","1","amazon.com","Standard Orders","Amazon","AKRON","NY","14001","MarketplaceFacilitator","33.99","2.97","2.99","0","0","0","0","0","-2.99","0","-2.97","-5.10","-5.68","0","0","23.21","Released","Jan 20, 2026 2:25:37 AM PST"
"Jan 11, 2026 4:52:44 AM PST","25392467641","Order","111-9266762-0444237","GDClassic01","Gear Doctors Oxylus 4.3R-Value Insulated Foam Self Inflating Sleeping Pad Camping-Sleeping Pad Backpacking Air Mattress-Camping Mattress Self Inflatin","1","amazon.com","Standard Orders","Amazon","Livermore","CA","94550","MarketplaceFacilitator","37.49","3.46","0","0","0","0","0","0","-3.75","0","-3.46","-5.06","-8.10","0","0","20.58","Released","Jan 19, 2026 5:02:00 PM PST"
"Jan 11, 2026 6:50:32 AM PST","25392467641","Order","112-8878093-0958623","GDCampingPillowBlue","Gear Doctors 3.5oz Compact Ultralight Inflatable Camping Pillow -Inflatable Camp Pillow -Backpacking Pillows Ultralight-Camping Pillows for Sleeping,","1","amazon.com","Standard Orders","Amazon","AVON","MN","56310","MarketplaceFacilitator","14.99","1.12","0","0","0","0","0","0","0","0","-1.12","-2.25","-4.16","0","0","8.58","Released","Jan 20, 2026 5:14:03 AM PST"
"Jan 11, 2026 8:02:06 AM PST","25392467641","Order","114-5473230-9958661","Ether-01","Gear Doctors® Ether 17.5oz Ultralight Camping Sleeping Pad - Backpacking Air Mattress - Camping Mattress Pad - Compact Inflatable Sleeping Mat for Ba","1","amazon.com","Standard Orders","Amazon","BALLWIN","MO","63011","MarketplaceFacilitator","33.99","1.44","2.99","0","0","0","0","0","-2.99","0","-1.44","-5.10","-5.68","0","0","23.21","Released","Jan 18, 2026 6:01:38 PM PST"
"Jan 11, 2026 8:40:51 AM PST","25392467641","Order","114-5738627-7384260","Ether-01","Gear Doctors® Ether 17.5oz Ultralight Camping Sleeping Pad - Backpacking Air Mattress - Camping Mattress Pad - Compact Inflatable Sleeping Mat for Ba","1","amazon.com","Standard Orders","Amazon","COWETA","OK","74429","MarketplaceFacilitator","33.99","3.42","0","0","0","0","0","0","0","0","-3.42","-5.10","-5.68","0","0","23.21","Released","Jan 21, 2026 2:51:07 AM PST"
"Jan 11, 2026 8:43:37 AM PST","25495925401","Order","111-4493092-7777823","Ether-01","Gear Doctors® Ether 17.5oz Ultralight Camping Sleeping Pad - Backpacking Air Mattress - Camping Mattress Pad - Compact Inflatable Sleeping Mat for Ba","1","amazon.com","Standard Orders","Amazon","MANDAN","ND","58554","MarketplaceFacilitator","33.99","2.52","0","0","0","0","0","0","-3.40","0","-2.52","-4.59","-5.68","0","0","20.32","Released","Jan 29, 2026 5:46:06 AM PST"
"Jan 11, 2026 8:58:18 AM PST","25392467641","Order","112-2838654-9776256","Ether-01","Gear Doctors® Ether 17.5oz Ultralight Camping Sleeping Pad - Backpacking Air Mattress - Camping Mattress Pad - Compact Inflatable Sleeping Mat for Ba","1","amazon.com","Standard Orders","Amazon","SAINT PETERSBURG","FL","33710","MarketplaceFacilitator","33.99","2.38","0","0","0","0","0","0","0","0","-2.38","-5.10","-5.68","0","0","23.21","Released","Jan 20, 2026 1:30:08 AM PST"
"Jan 11, 2026 10:10:18 AM PST","25392467641","Order","114-8373112-3155431","Ether-01","Gear Doctors® Ether 17.5oz Ultralight Camping Sleeping Pad - Backpacking Air Mattress - Camping Mattress Pad - Compact Inflatable Sleeping Mat for Ba","1","amazon.com","Standard Orders","Amazon","MOUNTAIN VIEW","CA","94042","MarketplaceFacilitator","33.99","3.10","0","0","0","0","0","0","0","0","-3.10","-5.10","-5.68","0","0","23.21","Released","Jan 22, 2026 3:08:58 AM PST"
"Jan 11, 2026 10:38:39 AM PST","25392467641","Order","112-0505314-9952223","Ether-01","Gear Doctors® Ether 17.5oz Ultralight Camping Sleeping Pad - Backpacking Air Mattress - Camping Mattress Pad - Compact Inflatable Sleeping Mat for Ba","1","amazon.com","Standard Orders","Amazon","Jenison","Michigan","49428","MarketplaceFacilitator","33.99","2.04","0","0","0","0","0","0","0","0","-2.04","-5.10","-5.68","0","0","23.21","Released","Jan 21, 2026 5:35:16 AM PST"
"Jan 11, 2026 10:39:54 AM PST","25392467641","Order","114-7992876-1189005","Ether-01","Gear Doctors® Ether 17.5oz Ultralight Camping Sleeping Pad - Backpacking Air Mattress - Camping Mattress Pad - Compact Inflatable Sleeping Mat for Ba","1","amazon.com","Standard Orders","Amazon","GRAND RAPIDS","MI","49506","MarketplaceFacilitator","33.99","2.04","0","0","0","0","0","0","0","0","-2.04","-5.10","-5.68","0","0","23.21","Released","Jan 21, 2026 11:11:07 AM PST"
"Jan 11, 2026 10:54:22 AM PST","25392467641","Order","112-0082488-2326643","Ether-01","Gear Doctors® Ether 17.5oz Ultralight Camping Sleeping Pad - Backpacking Air Mattress - Camping Mattress Pad - Compact Inflatable Sleeping Mat for Ba","1","amazon.com","Standard Orders","Amazon","INDEPENDENCE","MO","64052","MarketplaceFacilitator","33.99","2.41","0.74","0","0","0","0","0","-0.74","0","-2.41","-5.10","-5.68","0","0","23.21","Released","Jan 19, 2026 1:31:08 AM PST"
"Jan 11, 2026 11:01:28 AM PST","25392467641","Order","114-2897958-9913002","Ether-01","Gear Doctors® Ether 17.5oz Ultralight Camping Sleeping Pad - Backpacking Air Mattress - Camping Mattress Pad - Compact Inflatable Sleeping Mat for Ba","1","amazon.com","Standard Orders","Amazon","COLORADO SPRINGS","CO","80906","MarketplaceFacilitator","33.99","2.79","1.49","0","0","0","0","0","-1.49","0","-2.79","-5.10","-5.68","0","0","23.21","Released","Jan 19, 2026 7:15:13 AM PST"
"Jan 11, 2026 12:21:39 PM PST","25392467641","Order","111-4269226-2797034","GDClassic01","Gear Doctors Oxylus 4.3R-Value Insulated Foam Self Inflating Sleeping Pad Camping-Sleeping Pad Backpacking Air Mattress-Camping Mattress Self Inflatin","2","amazon.com","Standard Orders","Amazon","JOSHUA TREE","CA","92252","MarketplaceFacilitator","74.98","5.82","0","0","0","0","0","0","0","0","-5.82","-11.24","-16.20","0","0","47.54","Released","Jan 20, 2026 2:57:30 AM PST"
"Jan 11, 2026 12:55:59 PM PST","25392467641","Refund","113-1462528-4066662","GDApolloAir-02","Gear Doctors ApolloAir 5.2 R-Value [25oz] Ultralight Insulated Inflatable Camping Sleeping Pad - Backpacking Sleeping Pad - Camping Mattress Compact L","1","amazon.com","Standard Orders","Amazon","JOPPA","MD","21085","MarketplaceFacilitator","-89.99","-4.86","0","0","0","0","0","0","9.00","0","4.86","9.72","0","0","0","-71.27","Released","Jan 18, 2026 6:25:27 AM PST"
"Jan 11, 2026 1:31:39 PM PST","25392467641","Refund","112-1488050-5284211","GDApolloAir01","Gear Doctors ApolloAir 5.2 R-Value [17oz] Ultralight Insulated Inflatable Camping Sleeping Pad - Backpacking Sleeping Pad - Camping Mattress Compact L","1","amazon.com","Standard Orders","Amazon","LOS ANGELES","CA","90024","MarketplaceFacilitator","-76.50","-7.46","0","0","0","0","0","0","0","0","7.46","9.18","0","0","0","-67.32","Released","Jan 11, 2026 10:42:32 PM PST"
"Jan 11, 2026 2:52:21 PM PST","25392467641","Order","113-7683297-1774607","GDCampingPillowOrange","Gear Doctors 3.5oz Compact Ultralight Inflatable Camping Pillow-Inflatable Camp Pillow-Backpacking Pillows Ultralight-Camping Pillows for Sleeping, Hi","1","amazon.com","Standard Orders","Amazon","MOUNT EDEN","KY","40046","MarketplaceFacilitator","14.99","0.90","0","0","0","0","0","0","0","0","-0.90","-2.25","-4.16","0","0","8.58","Released","Jan 20, 2026 6:02:55 AM PST"
"Jan 11, 2026 2:55:03 PM PST","25392467641","Order","114-6572143-0301851","Ether-01","Gear Doctors® Ether 17.5oz Ultralight Camping Sleeping Pad - Backpacking Air Mattress - Camping Mattress Pad - Compact Inflatable Sleeping Mat for Ba","1","amazon.com","Standard Orders","Amazon","PALM BEACH GARDENS","FL","33418","MarketplaceFacilitator","33.99","2.21","0","0","0","0","0","0","0","0","-2.21","-5.10","-5.68","0","0","23.21","Released","Jan 19, 2026 7:44:22 PM PST"
"Jan 11, 2026 3:07:59 PM PST","25392467641","Order","114-4923538-2839456","GDClassic01","Gear Doctors Oxylus 4.3R-Value Insulated Foam Self Inflating Sleeping Pad Camping-Sleeping Pad Backpacking Air Mattress-Camping Mattress Self Inflatin","1","amazon.com","Standard Orders","Amazon","CLARKSVILLE","TN","37042","MarketplaceFacilitator","37.49","3.56","5.87","0","0","0","0","0","-5.87","0","-3.56","-5.62","-8.10","0","0","23.77","Released","Jan 20, 2026 12:31:32 AM PST"
"Jan 11, 2026 3:29:24 PM PST","25392467641","Order","112-1179748-7852258","Ether-01","Gear Doctors® Ether 17.5oz Ultralight Camping Sleeping Pad - Backpacking Air Mattress - Camping Mattress Pad - Compact Inflatable Sleeping Mat for Ba","1","amazon.com","Standard Orders","Amazon","MIAMI","FL","33186","","33.99","0","0","0","0","0","0","0","0","0","0","-5.10","-5.68","0","0","23.21","Released","Jan 19, 2026 4:07:50 PM PST"
"Jan 11, 2026 3:38:41 PM PST","25392467641","Order","111-2201599-3280239","GDCampingPillowOrange","Gear Doctors 3.5oz Compact Ultralight Inflatable Camping Pillow- Inflatable Camp Pillow- Backpacking Pillows Ultralight- Camping Pillows for Sleeping,","1","amazon.com","Standard Orders","Amazon","MADISON","TN","37115","MarketplaceFacilitator","14.99","1.32","0","0","0","0","0","0","-1.50","0","-1.32","-2.02","-4.16","0","0","7.31","Released","Jan 20, 2026 5:27:41 PM PST"
"Jan 11, 2026 3:51:31 PM PST","25392467641","Order","111-6522008-6138668","GDApolloAir01","Gear Doctors ApolloAir 5.2 R-Value [17oz] Ultralight Insulated Inflatable Camping Sleeping Pad - Backpacking Sleeping Pad - Camping Mattress Compact L","1","amazon.com","Standard Orders","Amazon","CASSVILLE","MO","65625","MarketplaceFacilitator","76.50","6.58","0","0","0","0","0","0","0","0","-6.58","-11.48","-5.68","0","0","59.34","Released","Jan 19, 2026 10:35:46 PM PST"
"Jan 11, 2026 4:00:10 PM PST","25392467641","Order","113-8999743-4513059","Ether-01","Gear Doctors® Ether 17.5oz Ultralight Camping Sleeping Pad - Backpacking Air Mattress - Camping Mattress Pad - Compact Inflatable Sleeping Mat for Ba","1","amazon.com","Standard Orders","Amazon","ANAHEIM","CA","92806","MarketplaceFacilitator","33.99","2.63","2.99","0","0","0","0","0","-2.99","0","-2.63","-5.10","-5.68","0","0","23.21","Released","Jan 19, 2026 1:56:54 AM PST"
"Jan 11, 2026 4:18:20 PM PST","25392467641","Refund","111-4914124-3514611","Ether-01","Gear Doctors® Ether 17.5oz Ultralight Camping Sleeping Pad - Backpacking Air Mattress - Camping Mattress Pad - Compact Inflatable Sleeping Mat for Ba","1","amazon.com","Standard Orders","Amazon","RANCHO CUCAMONGA","CA","91739","MarketplaceFacilitator","-33.99","-2.63","-1.50","0","0","0","0","0","1.50","0","5.26","8.16","0","0","0","-23.20","Released","Jan 17, 2026 11:16:30 PM PST"
"Jan 11, 2026 4:18:20 PM PST","25392467641","Refund","111-4914124-3514611","Ether-01","Gear Doctors® Ether 17.5oz Ultralight Camping Sleeping Pad - Backpacking Air Mattress - Camping Mattress Pad - Compact Inflatable Sleeping Mat for Ba","1","amazon.com","Standard Orders","Amazon","RANCHO CUCAMONGA","CA","91739","","-33.99","-2.63","-1.49","0","0","0","0","0","1.49","0","0","0","0","0","0","-36.62","Released","Jan 17, 2026 11:16:30 PM PST"
"Jan 11, 2026 4:18:44 PM PST","25392467641","Order","114-3018572-9260252","GDClassic01","Gear Doctors Oxylus 4.3R-Value Insulated Foam Self Inflating Sleeping Pad Camping-Sleeping Pad Backpacking Air Mattress-Camping Mattress Self Inflatin","1","amazon.com","Standard Orders","Amazon","JACKSON","TN","38301","MarketplaceFacilitator","37.49","3.66","0","0","0","0","0","0","0","0","-3.66","-5.62","-8.10","0","0","23.77","Released","Jan 20, 2026 2:18:01 AM PST"
"Jan 11, 2026 4:44:25 PM PST","25392467641","Order","111-9319017-1457046","GDApolloAir01","Gear Doctors ApolloAir 5.2 R-Value [17oz] Ultralight Insulated Inflatable Camping Sleeping Pad - Backpacking Sleeping Pad - Camping Mattress Compact L","1","amazon.com","Standard Orders","Amazon","ATLANTA","GA","30309","MarketplaceFacilitator","76.50","6.81","0","0","0","0","0","0","0","0","-6.81","-11.48","-5.68","0","0","59.34","Released","Jan 20, 2026 1:02:34 PM PST"
"Jan 11, 2026 4:55:34 PM PST","25392467641","Order","114-7180837-6690659","GDClassic01","Gear Doctors Oxylus 4.3R-Value Insulated Foam Self Inflating Sleeping Pad Camping-Sleeping Pad Backpacking Air Mattress-Camping Mattress Self Inflatin","1","amazon.com","Standard Orders","Amazon","AUGUSTA","GA","30909","MarketplaceFacilitator","37.49","3.19","2.99","0","0","0","0","0","-2.99","0","-3.19","-5.62","-8.10","0","0","23.77","Released","Jan 19, 2026 2:57:50 AM PST"
"Jan 11, 2026 5:16:13 PM PST","25392467641","Order","111-1030695-9894611","GDCampingPillowOrange","Gear Doctors 3.5oz Compact Ultralight Inflatable Camping Pillow-Inflatable Camp Pillow-Backpacking Pillows Ultralight-Camping Pillows for Sleeping, Hi","1","amazon.com","Standard Orders","Amazon","LEES SUMMIT","MO","64081","MarketplaceFacilitator","14.99","1.05","0","0","0","0","0","0","0","0","-1.05","-2.25","-4.16","0","0","8.58","Released","Jan 21, 2026 7:45:43 AM PST"
"Jan 11, 2026 5:20:50 PM PST","25392467641","Order","114-2891245-7529835","Ether-01","Gear Doctors® Ether 17.5oz Ultralight Camping Sleeping Pad - Backpacking Air Mattress - Camping Mattress Pad - Compact Inflatable Sleeping Mat for Ba","1","amazon.com","Standard Orders","Amazon","ENNIS","MT","59729","","33.99","0","0","0","0","0","0","0","0","0","0","-5.10","-5.68","0","0","23.21","Released","Jan 22, 2026 5:08:58 AM PST"
"Jan 11, 2026 6:17:09 PM PST","25392467641","Order","113-4817046-8683425","GDClassic01","Gear Doctors Oxylus 4.3R-Value Insulated Foam Self Inflating Sleeping Pad Camping-Sleeping Pad Backpacking Air Mattress-Camping Mattress Self Inflatin","1","amazon.com","Standard Orders","Amazon","ROCKLEDGE","FL","32955","MarketplaceFacilitator","37.49","2.62","0","0","0","0","0","0","0","0","-2.62","-5.62","-8.10","0","0","23.77","Released","Jan 19, 2026 8:46:59 AM PST"
"Jan 11, 2026 6:29:54 PM PST","25392467641","Refund","114-8093169-1174660","Ether-01","Gear Doctors® Ether 17.5oz Ultralight Camping Sleeping Pad - Backpacking Air Mattress - Camping Mattress Pad - Compact Inflatable Sleeping Mat for Ba","1","amazon.com","Standard Orders","Amazon","LOS ANGELES","CA","90018","MarketplaceFacilitator","-25.49","-2.49","-1.00","0","0","0","0","0","1.00","0","2.49","3.06","0","0","0","-22.43","Released","Jan 11, 2026 6:29:54 PM PST"
"Jan 11, 2026 6:37:59 PM PST","25392467641","Order","114-4960781-1705833","Ether-01","Gear Doctors® Ether 17.5oz Ultralight Camping Sleeping Pad - Backpacking Air Mattress - Camping Mattress Pad - Compact Inflatable Sleeping Mat for Ba","1","amazon.com","Standard Orders","Amazon","LONG BEACH","NY","11561","MarketplaceFacilitator","33.99","2.93","0.75","0","0","0","0","0","-0.75","0","-2.93","-5.10","-5.68","0","0","23.21","Released","Jan 19, 2026 3:05:54 AM PST"
"Jan 11, 2026 6:38:00 PM PST","25392467641","Order","112-8191674-3037815","Ether-01","Gear Doctors® Ether 17.5oz Ultralight Camping Sleeping Pad - Backpacking Air Mattress - Camping Mattress Pad - Compact Inflatable Sleeping Mat for Ba","1","amazon.com","Standard Orders","Amazon","HARRISBURG","PA","17112","MarketplaceFacilitator","33.99","2.04","4.77","0","0","0","0","0","-4.77","0","-2.04","-5.10","-5.68","0","0","23.21","Released","Jan 19, 2026 11:50:16 PM PST"
"Jan 11, 2026 6:56:21 PM PST","25392467641","Order","111-7897912-3980248","Ether-01","Gear Doctors® Ether 17.5oz Ultralight Camping Sleeping Pad - Backpacking Air Mattress - Camping Mattress Pad - Compact Inflatable Sleeping Mat for Ba","1","amazon.com","Standard Orders","Amazon","HOUSTON","TX","77043","MarketplaceFacilitator","33.99","2.80","0","0","0","0","0","0","0","0","-2.80","-5.10","-5.68","0","0","23.21","Released","Jan 20, 2026 1:27:45 AM PST"
"Jan 11, 2026 7:26:41 PM PST","25392467641","Order","111-1030695-9894611","GDCampingPillowBlue","Gear Doctors 3.5oz Compact Ultralight Inflatable Camping Pillow -Inflatable Camp Pillow -Backpacking Pillows Ultralight-Camping Pillows for Sleeping,","1","amazon.com","Standard Orders","Amazon","LEES SUMMIT","MO","64081","MarketplaceFacilitator","14.99","1.05","0","0","0","0","0","0","0","0","-1.05","-2.25","-4.16","0","0","8.58","Released","Jan 20, 2026 10:48:23 PM PST"
"Jan 11, 2026 7:28:44 PM PST","25392467641","Order","111-0388035-7752213","Ether-01","Gear Doctors® Ether 17.5oz Ultralight Camping Sleeping Pad - Backpacking Air Mattress - Camping Mattress Pad - Compact Inflatable Sleeping Mat for Ba","1","amazon.com","Standard Orders","Amazon","STROUDSBURG","PA","18360","MarketplaceFacilitator","33.99","2.04","0","0","0","0","0","0","0","0","-2.04","-5.10","-5.68","0","0","23.21","Released","Jan 19, 2026 10:04:27 PM PST"
"Jan 11, 2026 8:13:45 PM PST","25392467641","Adjustment","114-8701526-3873859","GDClassic01","FBA Inventory Reimbursement - Customer Return","1","","Standard Orders","","","","","","0","0","0","0","0","0","0","0","0","0","0","0","0","0","23.77","23.77","Released","Jan 11, 2026 8:13:45 PM PST"
"Jan 11, 2026 9:14:35 PM PST","25392467641","Order","114-4984293-1670602","GDClassic01","Gear Doctors Oxylus 4.3R-Value Insulated Foam Self Inflating Sleeping Pad Camping-Sleeping Pad Backpacking Air Mattress-Camping Mattress Self Inflatin","2","amazon.com","Standard Orders","Amazon","AUGUSTA","GA","30909","MarketplaceFacilitator","74.98","6.38","2.99","0","0","0","0","0","-2.99","0","-6.38","-11.24","-16.20","0","0","47.54","Released","Jan 19, 2026 3:34:38 AM PST"
"Jan 11, 2026 9:15:04 PM PST","25392467641","Order","113-4570362-7777016","Ether-01","Gear Doctors® Ether 17.5oz Ultralight Camping Sleeping Pad - Backpacking Air Mattress - Camping Mattress Pad - Compact Inflatable Sleeping Mat for Ba","1","amazon.com","Standard Orders","Amazon","EDWARDS","CA","93523","MarketplaceFacilitator","33.99","2.80","0","0","0","0","0","0","0","0","-2.80","-5.10","-5.68","0","0","23.21","Released","Jan 21, 2026 3:56:11 AM PST"
"Jan 11, 2026 9:39:04 PM PST","25392467641","Order","111-0785842-0847427","GDApolloAir01","Gear Doctors ApolloAir 5.2 R-Value [17oz] Ultralight Insulated Inflatable Camping Sleeping Pad - Backpacking Sleeping Pad - Camping Mattress Compact L","1","amazon.com","Standard Orders","Amazon","RICHMOND","TX","77406","MarketplaceFacilitator","76.50","4.78","2.99","0","0","0","0","0","-2.99","0","-4.78","-11.48","-5.68","0","0","59.34","Released","Jan 19, 2026 3:39:45 AM PST"
"Jan 11, 2026 9:51:40 PM PST","25392467641","Order","112-1035733-9293069","Ether-01","Gear Doctors® Ether 17.5oz Ultralight Camping Sleeping Pad - Backpacking Air Mattress - Camping Mattress Pad - Compact Inflatable Sleeping Mat for Ba","1","amazon.com","Standard Orders","Amazon","BELFAIR","WA","98528","MarketplaceFacilitator","33.99","2.92","0","0","0","0","0","0","0","0","-2.92","-5.10","-5.68","0","0","23.21","Released","Jan 20, 2026 2:02:15 AM PST"
"Jan 11, 2026 10:14:59 PM PST","25392467641","Order","111-0324897-9769067","GDApolloAir01","Gear Doctors ApolloAir 5.2 R-Value [17oz] Ultralight Insulated Inflatable Camping Sleeping Pad - Backpacking Sleeping Pad - Camping Mattress Compact L","1","amazon.com","Standard Orders","Amazon","NEW YORK","NY","10013","MarketplaceFacilitator","76.50","6.11","0","0","0","0","0","0","-7.65","0","-6.11","-10.33","-5.68","0","0","52.84","Released","Jan 19, 2026 6:29:10 PM PST"
"Jan 11, 2026 10:15:56 PM PST","25392467641","Order","113-9413688-0049802","Ether-01","Gear Doctors® Ether 17.5oz Ultralight Camping Sleeping Pad - Backpacking Air Mattress - Camping Mattress Pad - Compact Inflatable Sleeping Mat for Ba","1","amazon.com","Standard Orders","Amazon","SIGNAL MOUNTAIN","TN","37377","MarketplaceFacilitator","33.99","2.83","0","0","0","0","0","0","-3.40","0","-2.83","-4.59","-5.68","0","0","20.32","Released","Jan 21, 2026 7:01:44 AM PST"
"Jan 11, 2026 10:46:14 PM PST","25392467641","Order","112-9706663-9366600","Ether-01","Gear Doctors® Ether 17.5oz Ultralight Camping Sleeping Pad - Backpacking Air Mattress - Camping Mattress Pad - Compact Inflatable Sleeping Mat for Ba","1","amazon.com","Standard Orders","Amazon","MIAMI","FL","33166","","33.99","0","0","0","0","0","0","0","0","0","0","-5.10","-5.68","0","0","23.21","Released","Jan 19, 2026 11:20:19 PM PST"
"Jan 11, 2026 10:48:42 PM PST","25392467641","Order","114-0086025-2597078","GDCampingPillowBlue","Gear Doctors 3.5oz Compact Ultralight Inflatable Camping Pillow -Inflatable Camp Pillow -Backpacking Pillows Ultralight-Camping Pillows for Sleeping,","1","amazon.com","Standard Orders","Amazon","CANTON","MI","48187","MarketplaceFacilitator","14.99","0.90","0","0","0","0","0","0","0","0","-0.90","-2.25","-4.16","0","0","8.58","Released","Jan 19, 2026 10:42:49 PM PST"
"Jan 11, 2026 11:31:44 PM PST","25392467641","Order","114-7884462-9897040","GDClassic01","Gear Doctors Oxylus 4.3R-Value Insulated Foam Self Inflating Sleeping Pad Camping-Sleeping Pad Backpacking Air Mattress-Camping Mattress Self Inflatin","1","amazon.com","Standard Orders","Amazon","TOMS RIVER","NJ","08757","MarketplaceFacilitator","37.49","2.48","0.60","0","0","0","0","0","-0.60","0","-2.48","-5.62","-8.10","0","0","23.77","Released","Jan 19, 2026 5:31:31 AM PST"
"Jan 11, 2026 11:43:51 PM PST","25392467641","Order","113-4314596-4157012","Ether-01","Gear Doctors® Ether 17.5oz Ultralight Camping Sleeping Pad - Backpacking Air Mattress - Camping Mattress Pad - Compact Inflatable Sleeping Mat for Ba","1","amazon.com","Standard Orders","Amazon","JERSEY CITY","NJ","07306","MarketplaceFacilitator","33.99","2.25","0","0","0","0","0","0","0","0","-2.25","-5.10","-5.68","0","0","23.21","Released","Jan 20, 2026 7:41:33 AM PST"
"Jan 11, 2026 11:51:50 PM PST","25392467641","Service Fee","","","Cost of Advertising","","","Standard Orders","","","","","","0","0","0","0","0","0","0","0","0","0","0","0","0","-504.17","0","-504.17","Released","Jan 11, 2026 11:51:50 PM PST"
"Jan 12, 2026 12:28:08 AM PST","25392467641","Order","113-5549633-4513854","GDApolloAir01","Gear Doctors ApolloAir 5.2 R-Value [17oz] Ultralight Insulated Inflatable Camping Sleeping Pad - Backpacking Sleeping Pad - Camping Mattress Compact L","2","amazon.com","Standard Orders","Amazon","DOUGLASVILLE","GA","30135","MarketplaceFacilitator","153.00","10.54","0","0","0","0","0","0","-2.55","0","-21.08","-45.12","-11.36","0","0","83.43","Released","Jan 20, 2026 2:32:06 AM PST"
"Jan 12, 2026 12:28:08 AM PST","25392467641","Order","113-5549633-4513854","GDApolloAir01","Gear Doctors ApolloAir 5.2 R-Value [17oz] Ultralight Insulated Inflatable Camping Sleeping Pad - Backpacking Sleeping Pad - Camping Mattress Compact L","2","amazon.com","Standard Orders","Amazon","DOUGLASVILLE","GA","30135","","153.00","10.54","0","0","0","0","0","0","-2.55","0","0","0","-11.36","0","0","149.63","Released","Jan 20, 2026 2:32:06 AM PST"
"Jan 12, 2026 12:37:46 AM PST","25392467641","Order","114-8916492-0417808","GDClassic01","Gear Doctors Oxylus 4.3R-Value Insulated Foam Self Inflating Sleeping Pad Camping-Sleeping Pad Backpacking Air Mattress-Camping Mattress Self Inflatin","1","amazon.com","Standard Orders","Amazon","MEMPHIS","TN","38135","MarketplaceFacilitator","37.49","3.66","0","0","0","0","0","0","0","0","-3.66","-5.62","-8.10","0","0","23.77","Released","Jan 21, 2026 2:03:06 AM PST"
"Jan 12, 2026 12:52:13 AM PST","25392467641","Refund","111-1199824-4326653","GDClassic01","Gear Doctors Oxylus 4.3R-Value Insulated Foam Self Inflating Sleeping Pad Camping-Sleeping Pad Backpacking Air Mattress-Camping Mattress Self Inflatin","1","amazon.com","Standard Orders","Amazon","Milpitas","CA","95035","MarketplaceFacilitator","-37.49","-3.51","0","0","0","0","0","0","0","0","7.02","8.99","0","0","0","-24.99","Released","Jan 12, 2026 12:52:13 AM PST"
"Jan 12, 2026 12:52:13 AM PST","25392467641","Refund","111-1199824-4326653","GDClassic01","Gear Doctors Oxylus 4.3R-Value Insulated Foam Self Inflating Sleeping Pad Camping-Sleeping Pad Backpacking Air Mattress-Camping Mattress Self Inflatin","1","amazon.com","Standard Orders","Amazon","Milpitas","CA","95035","","-37.49","-3.51","0","0","0","0","0","0","0","0","0","0","0","0","0","-41.00","Released","Jan 12, 2026 12:52:13 AM PST"
"Jan 12, 2026 1:26:18 AM PST","25392467641","Order","112-6543806-0373057","GDCampingPillowBlue","Gear Doctors 3.5oz Compact Ultralight Inflatable Camping Pillow -Inflatable Camp Pillow -Backpacking Pillows Ultralight-Camping Pillows for Sleeping,","1","amazon.com","Standard Orders","Amazon","SANFORD","FL","32771","MarketplaceFacilitator","14.99","1.05","0","0","0","0","0","0","0","0","-1.05","-2.25","-4.16","0","0","8.58","Released","Jan 22, 2026 6:17:05 AM PST"
"Jan 12, 2026 1:34:28 AM PST","25392467641","Order","114-3890051-5473001","Ether-01","Gear Doctors® Ether 17.5oz Ultralight Camping Sleeping Pad - Backpacking Air Mattress - Camping Mattress Pad - Compact Inflatable Sleeping Mat for Ba","1","amazon.com","Standard Orders","Amazon","LOUISVILLE","KY","40241","MarketplaceFacilitator","33.99","2.04","0","0","0","0","0","0","0","0","-2.04","-5.10","-5.68","0","0","23.21","Released","Jan 21, 2026 5:56:36 AM PST"
"Jan 12, 2026 1:53:53 AM PST","25392467641","Order","114-0310887-0246643","GDClassic01","Gear Doctors Oxylus 4.3R-Value Insulated Foam Self Inflating Sleeping Pad Camping-Sleeping Pad Backpacking Air Mattress-Camping Mattress Self Inflatin","2","amazon.com","Standard Orders","Amazon","PHOENIX","AZ","85043","MarketplaceFacilitator","74.98","6.82","0","0","0","0","0","0","0","0","-6.82","-11.24","-16.20","0","0","47.54","Released","Jan 20, 2026 1:05:31 AM PST"
"Jan 12, 2026 1:59:19 AM PST","25392467641","Order","111-8069810-7387419","Ether-01","Gear Doctors® Ether 17.5oz Ultralight Camping Sleeping Pad - Backpacking Air Mattress - Camping Mattress Pad - Compact Inflatable Sleeping Mat for Ba","1","amazon.com","Standard Orders","Amazon","RED ROCK","AZ","85145","MarketplaceFacilitator","33.99","2.28","0","0","0","0","0","0","0","0","-2.28","-5.10","-5.68","0","0","23.21","Released","Jan 21, 2026 4:18:28 AM PST"
"Jan 12, 2026 2:03:55 AM PST","25392467641","Order","114-0507154-9826661","Ether-01","Gear Doctors® Ether 17.5oz Ultralight Camping Sleeping Pad - Backpacking Air Mattress - Camping Mattress Pad - Compact Inflatable Sleeping Mat for Ba","1","amazon.com","Standard Orders","Amazon","JARRETTSVILLE","MD","21084","MarketplaceFacilitator","33.99","2.04","0","0","0","0","0","0","0","0","-2.04","-5.10","-5.68","0","0","23.21","Released","Jan 21, 2026 4:08:52 AM PST"
"Jan 12, 2026 2:34:34 AM PST","25392467641","Order","111-0312066-1817079","GDClassic01","Gear Doctors Oxylus 4.3R-Value Insulated Foam Self Inflating Sleeping Pad Camping-Sleeping Pad Backpacking Air Mattress-Camping Mattress Self Inflatin","1","amazon.com","Standard Orders","Amazon","MONTESANO","WA","98563","MarketplaceFacilitator","37.49","3.34","0","0","0","0","0","0","0","0","-3.34","-5.62","-8.10","0","0","23.77","Released","Jan 21, 2026 12:17:08 AM PST"
"Jan 12, 2026 2:44:37 AM PST","25392467641","Order","113-6616971-1957000","Ether-01","Gear Doctors® Ether 17.5oz Ultralight Camping Sleeping Pad - Backpacking Air Mattress - Camping Mattress Pad - Compact Inflatable Sleeping Mat for Ba","1","amazon.com","Standard Orders","Amazon","SEATTLE","WA","98103","MarketplaceFacilitator","33.99","3.59","2.99","0","0","0","0","0","-2.99","0","-3.59","-5.10","-5.68","0","0","23.21","Released","Jan 19, 2026 10:56:01 PM PST"
"Jan 12, 2026 2:50:19 AM PST","25392467641","Order","113-7353127-6413022","Ether-01","Gear Doctors® Ether 17.5oz Ultralight Camping Sleeping Pad - Backpacking Air Mattress - Camping Mattress Pad - Compact Inflatable Sleeping Mat for Ba","1","amazon.com","Standard Orders","Amazon","NACHES","WA","98937","MarketplaceFacilitator","33.99","2.79","0","0","0","0","0","0","0","0","-2.79","-5.10","-5.68","0","0","23.21","Released","Jan 19, 2026 5:55:23 PM PST"
"Jan 12, 2026 2:51:06 AM PST","25392467641","Order","114-5527551-8599444","GDClassic01","Gear Doctors Oxylus 4.3R-Value Insulated Foam Self Inflating Sleeping Pad Camping-Sleeping Pad Backpacking Air Mattress-Camping Mattress Self Inflatin","1","amazon.com","Standard Orders","Amazon","GRESHAM","OR","97080","","37.49","0","2.99","0","0","0","0","0","-2.99","0","0","-5.62","-8.10","0","0","23.77","Released","Jan 20, 2026 5:27:31 AM PST"
"Jan 12, 2026 2:52:53 AM PST","25392467641","Order","113-4671512-8324257","GDClassic01","Gear Doctors Oxylus 4.3R-Value Insulated Foam Self Inflating Sleeping Pad Camping-Sleeping Pad Backpacking Air Mattress-Camping Mattress Self Inflatin","1","amazon.com","Standard Orders","Amazon","Sacramento","CA","95820","MarketplaceFacilitator","37.49","3.28","0","0","0","0","0","0","0","0","-3.28","-5.62","-8.10","0","0","23.77","Released","Jan 20, 2026 6:42:47 AM PST"
"Jan 12, 2026 4:07:04 AM PST","25243716751","Order","111-0317317-8685818","Ether-01","Gear Doctors® Ether 17.5oz Ultralight Camping Sleeping Pad - Backpacking Air Mattress - Camping Mattress Pad - Compact Inflatable Sleeping Mat for Ba","2","amazon.com","Invoiced Orders","Amazon","VERNAL","UT","84078","MarketplaceFacilitator","67.98","0","0","0","0","0","0","0","0","0","0","-10.20","-11.36","0","0","46.42","Released","Jan 21, 2026 12:43:17 AM PST"
"Jan 12, 2026 4:37:32 AM PST","25392467641","Order","114-4897970-4523440","Ether-01","Gear Doctors® Ether 17.5oz Ultralight Camping Sleeping Pad - Backpacking Air Mattress - Camping Mattress Pad - Compact Inflatable Sleeping Mat for Ba","1","amazon.com","Standard Orders","Amazon","DIXON","IL","61021","MarketplaceFacilitator","33.99","2.80","0","0","0","0","0","0","0","0","-2.80","-5.10","-5.68","0","0","23.21","Released","Jan 23, 2026 3:13:10 AM PST"
"Jan 12, 2026 4:50:45 AM PST","25392467641","Order","114-8883733-0692230","Ether-01","Gear Doctors® Ether 17.5oz Ultralight Camping Sleeping Pad - Backpacking Air Mattress - Camping Mattress Pad - Compact Inflatable Sleeping Mat for Ba","1","amazon.com","Standard Orders","Amazon","Dallas","Tx","75206","MarketplaceFacilitator","33.99","2.80","0","0","0","0","0","0","0","0","-2.80","-5.10","-5.68","0","0","23.21","Released","Jan 21, 2026 6:01:47 AM PST"
"Jan 12, 2026 5:19:15 AM PST","25392467641","Order","112-0724668-1453027","Ether-01","Gear Doctors® Ether 17.5oz Ultralight Camping Sleeping Pad - Backpacking Air Mattress - Camping Mattress Pad - Compact Inflatable Sleeping Mat for Ba","2","amazon.com","Standard Orders","Amazon","DIAMOND BAR","CA","91765","MarketplaceFacilitator","67.98","6.62","2.99","0","0","0","0","0","-2.99","0","-6.62","-10.20","-11.36","0","0","46.42","Released","Jan 20, 2026 3:24:56 AM PST"
"Jan 12, 2026 5:25:45 AM PST","25392467641","Order","114-0274950-5025062","Ether-01","Gear Doctors® Ether 17.5oz Ultralight Camping Sleeping Pad - Backpacking Air Mattress - Camping Mattress Pad - Compact Inflatable Sleeping Mat for Ba","1","amazon.com","Standard Orders","Amazon","SAINT CHARLES","IL","60174","MarketplaceFacilitator","33.99","2.89","2.99","0","0","0","0","0","-2.99","0","-2.89","-5.10","-5.68","0","0","23.21","Released","Jan 19, 2026 6:36:42 AM PST"
"Jan 12, 2026 5:43:19 AM PST","25392467641","Order","112-7181435-7601018","Ether-01","Gear Doctors® Ether 17.5oz Ultralight Camping Sleeping Pad - Backpacking Air Mattress - Camping Mattress Pad - Compact Inflatable Sleeping Mat for Ba","1","amazon.com","Standard Orders","Amazon","MIAMI","FL","33166","","33.99","0","0","0","0","0","0","0","0","0","0","-5.10","-5.68","0","0","23.21","Released","Jan 21, 2026 4:34:03 AM PST"
"Jan 12, 2026 6:05:10 AM PST","25392467641","Order","113-9854901-3340212","Ether-01","Gear Doctors® Ether 17.5oz Ultralight Camping Sleeping Pad - Backpacking Air Mattress - Camping Mattress Pad - Compact Inflatable Sleeping Mat for Ba","1","amazon.com","Standard Orders","Amazon","CHESTERFIELD","MI","48051","MarketplaceFacilitator","33.99","2.04","2.99","0","0","0","0","0","-2.99","0","-2.04","-5.10","-5.68","0","0","23.21","Released","Jan 20, 2026 12:03:02 AM PST"
"Jan 12, 2026 6:17:20 AM PST","25392467641","Transfer","","","To your account ending in: 001, Bank Transfer ID: 5FPHALRXKO1QGHG","","","Standard Orders","","","","","","0","0","0","0","0","0","0","0","0","0","0","0","0","0","-7,484.17","-7,484.17","Released","Jan 12, 2026 6:17:20 AM PST"
"Jan 12, 2026 7:08:33 AM PST","25392467641","Refund","113-5345411-8093840","Ether-01","Gear Doctors® Ether 17.5oz Ultralight Camping Sleeping Pad - Backpacking Air Mattress - Camping Mattress Pad - Compact Inflatable Sleeping Mat for Ba","1","amazon.com","Standard Orders","Amazon","HARDEEVILLE","SC","29927","MarketplaceFacilitator","-33.99","-3.06","0","0","0","0","0","0","0","0","3.06","4.08","0","0","0","-29.91","Released","Jan 14, 2026 2:21:39 PM PST"
"Jan 12, 2026 7:17:56 AM PST","25392467641","Order","113-2171562-6685019","GDClassic01","Gear Doctors Oxylus 4.3R-Value Insulated Foam Self Inflating Sleeping Pad Camping-Sleeping Pad Backpacking Air Mattress-Camping Mattress Self Inflatin","1","amazon.com","Standard Orders","Amazon","ALPHARETTA","GA","30005","MarketplaceFacilitator","37.49","2.91","0","0","0","0","0","0","0","0","-2.91","-5.62","-8.10","0","0","23.77","Released","Jan 20, 2026 7:59:08 AM PST"
"Jan 12, 2026 7:33:53 AM PST","25392467641","Order","114-9299520-4556200","GDApolloAir01","Gear Doctors ApolloAir 5.2 R-Value [17oz] Ultralight Insulated Inflatable Camping Sleeping Pad - Backpacking Sleeping Pad - Camping Mattress Compact L","1","amazon.com","Standard Orders","Amazon","SALIDA","CA","95368","MarketplaceFacilitator","76.50","6.02","1.92","0","0","0","0","0","-1.92","0","-6.02","-11.48","-5.68","0","0","59.34","Released","Jan 20, 2026 10:23:31 PM PST"
"Jan 12, 2026 7:37:25 AM PST","25392467641","Order","114-2590264-5285862","GDClassic01","Gear Doctors Oxylus 4.3R-Value Insulated Foam Self Inflating Sleeping Pad Camping-Sleeping Pad Backpacking Air Mattress-Camping Mattress Self Inflatin","1","amazon.com","Standard Orders","Amazon","KNOXVILLE","TN","37923","MarketplaceFacilitator","37.49","3.47","1.49","0","0","0","0","0","-1.49","0","-3.47","-5.62","-8.10","0","0","23.77","Released","Jan 19, 2026 7:59:08 PM PST"
"Jan 12, 2026 7:52:12 AM PST","25392467641","Order","111-8419934-6027464","Ether-01","Gear Doctors® Ether 17.5oz Ultralight Camping Sleeping Pad - Backpacking Air Mattress - Camping Mattress Pad - Compact Inflatable Sleeping Mat for Ba","1","amazon.com","Standard Orders","Amazon","ROEBUCK","SC","29376","MarketplaceFacilitator","33.99","2.38","0","0","0","0","0","0","0","0","-2.38","-5.10","-5.68","0","0","23.21","Released","Jan 21, 2026 1:52:21 AM PST"
"Jan 12, 2026 8:27:00 AM PST","25392467641","Order","114-7200415-4905036","Ether-01","Gear Doctors® Ether 17.5oz Ultralight Camping Sleeping Pad - Backpacking Air Mattress - Camping Mattress Pad - Compact Inflatable Sleeping Mat for Ba","1","amazon.com","Standard Orders","Amazon","Quartzsite","AZ","85346","MarketplaceFacilitator","33.99","3.09","0","0","0","0","0","0","0","0","-3.09","-5.10","-5.68","0","0","23.21","Released","Jan 22, 2026 4:32:28 AM PST"
"Jan 12, 2026 8:27:56 AM PST","25392467641","Order","113-7304901-4341827","GDClassic01","Gear Doctors Oxylus 4.3R-Value Insulated Foam Self Inflating Sleeping Pad Camping—Sleeping Pad Backpacking Air Mattress—Camping Mattress Self Inflating Camp Mat 4 Seasons Sleep Mat—Camp/Floor/Tent/Cot","7","Amazon.com","Standard Orders","Amazon","JACKSONVILLE","FL","32218","","262.43","0","0","0","0","0","0","0","0","0","0","-39.34","-52.36","0","0","170.73","Released","Jan 12, 2026 8:27:56 AM PST"
"Jan 12, 2026 8:50:09 AM PST","25392467641","Order","113-7148287-0741009","GDCampingPillowBlue","Gear Doctors 3.5oz Compact Ultralight Inflatable Camping Pillow -Inflatable Camp Pillow -Backpacking Pillows Ultralight-Camping Pillows for Sleeping,","1","amazon.com","Standard Orders","Amazon","MERCED","CA","95348","MarketplaceFacilitator","14.99","1.24","0","0","0","0","0","0","0","0","-2.48","-4.50","-4.16","0","0","5.09","Released","Jan 21, 2026 7:32:10 AM PST"
"Jan 12, 2026 8:50:09 AM PST","25392467641","Order","113-7148287-0741009","GDCampingPillowBlue","Gear Doctors 3.5oz Compact Ultralight Inflatable Camping Pillow -Inflatable Camp Pillow -Backpacking Pillows Ultralight-Camping Pillows for Sleeping,","1","amazon.com","Standard Orders","Amazon","MERCED","CA","95348","","14.99","1.24","0","0","0","0","0","0","0","0","0","0","-4.16","0","0","12.07","Released","Jan 21, 2026 7:32:10 AM PST"
"Jan 12, 2026 9:04:18 AM PST","25392467641","Refund","113-5683429-1523413","Ether-01","Gear Doctors® Ether 17.5oz Ultralight Camping Sleeping Pad - Backpacking Air Mattress - Camping Mattress Pad - Compact Inflatable Sleeping Mat for Ba","1","amazon.com","Standard Orders","Amazon","NEW PORT RICHEY","FL","34655","MarketplaceFacilitator","-25.49","-1.78","0","0","0","0","0","0","0","0","1.78","3.06","0","0","0","-22.43","Released","Jan 12, 2026 9:04:18 AM PST"
"Jan 12, 2026 9:13:24 AM PST","25392467641","Refund","111-0306055-3871438","Ether-01","Gear Doctors® Ether 17.5oz Ultralight Camping Sleeping Pad - Backpacking Air Mattress - Camping Mattress Pad - Compact Inflatable Sleeping Mat for Ba","1","amazon.com","Standard Orders","Amazon","PHILADELPHIA","PA","19124","MarketplaceFacilitator","-33.99","-2.04","0","0","0","0","0","0","0","0","2.04","4.08","0","0","0","-29.91","Released","Jan 12, 2026 9:13:24 AM PST"
"Jan 12, 2026 9:22:43 AM PST","25392467641","Order","114-9296162-5940250","GDCampingPillowTeal","Gear Doctors 3.5oz Compact Ultralight Inflatable Camping Pillow -Inflatable Camp Pillow -Backpacking Pillows Ultralight-Camping Pillows for Sleeping,","1","amazon.com","Standard Orders","Amazon","HILLSBORO","OR","97123","","14.99","0","0","0","0","0","0","0","0","0","0","-2.25","-4.16","0","0","8.58","Released","Jan 20, 2026 11:27:03 PM PST"
"Jan 12, 2026 9:29:16 AM PST","25392467641","Order","113-4335854-6444266","GDApolloAir01","Gear Doctors ApolloAir 5.2 R-Value [17oz] Ultralight Insulated Inflatable Camping Sleeping Pad - Backpacking Sleeping Pad - Camping Mattress Compact L","1","amazon.com","Standard Orders","Amazon","PHOENIX","AZ","85027","MarketplaceFacilitator","76.50","6.96","0","0","0","0","0","0","0","0","-6.96","-11.48","-5.68","0","0","59.34","Released","Jan 20, 2026 11:36:50 PM PST"
"Jan 12, 2026 9:29:18 AM PST","25392467641","Order","111-7286685-7536261","GDCampingPillowOrange","Gear Doctors 3.5oz Compact Ultralight Inflatable Camping Pillow-Inflatable Camp Pillow-Backpacking Pillows Ultralight-Camping Pillows for Sleeping, Hi","1","amazon.com","Standard Orders","Amazon","JOHNSONVILLE","SC","29555","MarketplaceFacilitator","14.99","1.20","0","0","0","0","0","0","0","0","-1.20","-2.25","-4.16","0","0","8.58","Released","Jan 22, 2026 3:26:07 AM PST"
"Jan 12, 2026 9:45:31 AM PST","25392467641","Refund","113-9207551-8141007","Ether-01","Gear Doctors® Ether 17.5oz Ultralight Camping Sleeping Pad - Backpacking Air Mattress - Camping Mattress Pad - Compact Inflatable Sleeping Mat for Ba","1","amazon.com","Standard Orders","Amazon","BLOOMINGTON","IN","47408","MarketplaceFacilitator","-25.49","-1.61","0","0","0","0","0","0","2.55","0","1.61","2.75","0","0","0","-20.19","Released","Jan 12, 2026 9:45:31 AM PST"
"Jan 12, 2026 10:02:18 AM PST","25392467641","Order","111-4040089-6960234","Ether-01","Gear Doctors® Ether 17.5oz Ultralight Camping Sleeping Pad - Backpacking Air Mattress - Camping Mattress Pad - Compact Inflatable Sleeping Mat for Ba","1","amazon.com","Standard Orders","Amazon","Hamden","NY","13782","MarketplaceFacilitator","33.99","2.72","0","0","0","0","0","0","0","0","-2.72","-5.10","-5.68","0","0","23.21","Released","Jan 20, 2026 11:20:29 PM PST"
"Jan 12, 2026 10:08:48 AM PST","25392467641","Order","112-9312434-1120205","Ether-01","Gear Doctors® Ether 17.5oz Ultralight Camping Sleeping Pad - Backpacking Air Mattress - Camping Mattress Pad - Compact Inflatable Sleeping Mat for Ba","1","amazon.com","Standard Orders","Amazon","WAUNAKEE","WI","53597","MarketplaceFacilitator","33.99","1.87","0","0","0","0","0","0","0","0","-1.87","-5.10","-5.68","0","0","23.21","Released","Jan 22, 2026 4:16:11 AM PST"
"Jan 12, 2026 10:22:16 AM PST","25392467641","Order","114-8666074-0354660","Ether-01","Gear Doctors® Ether 17.5oz Ultralight Camping Sleeping Pad - Backpacking Air Mattress - Camping Mattress Pad - Compact Inflatable Sleeping Mat for Ba","1","amazon.com","Standard Orders","Amazon","SANTA CRUZ","CA","95062","MarketplaceFacilitator","33.99","3.31","0","0","0","0","0","0","0","0","-3.31","-5.10","-5.68","0","0","23.21","Released","Jan 21, 2026 7:15:00 AM PST"
"Jan 12, 2026 10:22:16 AM PST","25392467641","Order","114-8666074-0354660","GDClassic01","Gear Doctors Oxylus 4.3R-Value Insulated Foam Self Inflating Sleeping Pad Camping-Sleeping Pad Backpacking Air Mattress-Camping Mattress Self Inflatin","1","amazon.com","Standard Orders","Amazon","SANTA CRUZ","CA","95062","MarketplaceFacilitator","37.49","3.66","0","0","0","0","0","0","0","0","-3.66","-5.62","-8.10","0","0","23.77","Released","Jan 21, 2026 7:15:00 AM PST"
"Jan 12, 2026 10:25:18 AM PST","25392467641","Order","112-7797533-7428218","Ether-01","Gear Doctors® Ether 17.5oz Ultralight Camping Sleeping Pad - Backpacking Air Mattress - Camping Mattress Pad - Compact Inflatable Sleeping Mat for Ba","1","amazon.com","Standard Orders","Amazon","SULPHUR","LA","70663","MarketplaceFacilitator","33.99","3.65","0","0","0","0","0","0","0","0","-3.65","-5.10","-5.68","0","0","23.21","Released","Jan 21, 2026 8:16:45 AM PST"
"Jan 12, 2026 10:41:15 AM PST","25392467641","Order","113-0548659-6536258","GDClassic01","Gear Doctors Oxylus 4.3R-Value Insulated Foam Self Inflating Sleeping Pad Camping-Sleeping Pad Backpacking Air Mattress-Camping Mattress Self Inflatin","1","amazon.com","Standard Orders","Amazon","WEST JORDAN","UT","84088","MarketplaceFacilitator","0","0","0","0","0","0","0","0","0","0","0","0","0","0","0","0","Released","Jan 12, 2026 10:41:15 AM PST"
"Jan 12, 2026 10:48:35 AM PST","25392467641","Order","112-4462913-4605823","GDCampingPillowBlue","Gear Doctors 3.5oz Compact Ultralight Inflatable Camping Pillow -Inflatable Camp Pillow -Backpacking Pillows Ultralight-Camping Pillows for Sleeping,","1","amazon.com","Standard Orders","Amazon","ONA","WV","25545","MarketplaceFacilitator","14.99","0.90","0","0","0","0","0","0","0","0","-0.90","-2.25","-4.16","0","0","8.58","Released","Jan 21, 2026 1:11:42 AM PST"
"Jan 12, 2026 10:55:17 AM PST","25392467641","Refund","111-6428708-7548247","Ether-01","Gear Doctors® Ether 17.5oz Ultralight Camping Sleeping Pad - Backpacking Air Mattress - Camping Mattress Pad - Compact Inflatable Sleeping Mat for Ba","1","amazon.com","Standard Orders","Amazon","THE VILLAGES","FL","32163","MarketplaceFacilitator","-33.99","-2.38","0","0","0","0","0","0","0","0","2.38","4.08","0","0","0","-29.91","Released","Jan 12, 2026 10:55:19 AM PST"
"Jan 12, 2026 11:26:11 AM PST","25392467641","Order","114-7275420-8257058","GDClassic01","Gear Doctors Oxylus 4.3R-Value Insulated Foam Self Inflating Sleeping Pad Camping-Sleeping Pad Backpacking Air Mattress-Camping Mattress Self Inflatin","1","amazon.com","Standard Orders","Amazon","PORT ORANGE","FL","32129","MarketplaceFacilitator","37.49","2.44","0","0","0","0","0","0","0","0","-2.44","-5.62","-8.10","0","0","23.77","Released","Jan 20, 2026 11:47:40 PM PST"
"Jan 12, 2026 11:28:13 AM PST","25392467641","Order","112-7894639-9100200","GDCampingPillowOrange","Gear Doctors 3.5oz Compact Ultralight Inflatable Camping Pillow-Inflatable Camp Pillow-Backpacking Pillows Ultralight-Camping Pillows for Sleeping, Hi","1","amazon.com","Standard Orders","Amazon","BELLE ISLE","FL","32812","MarketplaceFacilitator","14.99","0.97","0","0","0","0","0","0","0","0","-0.97","-2.25","-4.16","0","0","8.58","Released","Jan 21, 2026 3:14:30 AM PST"
"Jan 12, 2026 11:40:14 AM PST","25392467641","Adjustment","","Ether-01","FBA Inventory Reimbursement - General Adjustment","1","","Standard Orders","","","","","","0","0","0","0","0","0","0","0","0","0","0","0","0","0","-23.21","-23.21","Released","Jan 12, 2026 11:40:14 AM PST"
"Jan 12, 2026 11:42:10 AM PST","25392467641","Order","113-2263997-2610634","Ether-01","Gear Doctors® Ether 17.5oz Ultralight Camping Sleeping Pad - Backpacking Air Mattress - Camping Mattress Pad - Compact Inflatable Sleeping Mat for Ba","1","amazon.com","Standard Orders","Amazon","MEMPHIS","TN","38119","MarketplaceFacilitator","33.99","3.31","1.54","0.15","0","0","0","0","0","0","-3.46","-5.10","-7.22","0","0","23.21","Released","Jan 21, 2026 5:45:39 AM PST"
"Jan 12, 2026 11:54:14 AM PST","25392467641","Order","114-1370650-0549853","Ether-01","Gear Doctors® Ether 17.5oz Ultralight Camping Sleeping Pad - Backpacking Air Mattress - Camping Mattress Pad - Compact Inflatable Sleeping Mat for Ba","1","amazon.com","Standard Orders","Amazon","WOODVILLE","AL","35776","MarketplaceFacilitator","33.99","2.72","0","0","0","0","0","0","0","0","-2.72","-5.10","-5.68","0","0","23.21","Released","Jan 21, 2026 3:59:50 AM PST"
"Jan 12, 2026 11:55:34 AM PST","25392467641","Order","112-8721859-0965846","Ether-01","Gear Doctors® Ether 17.5oz Ultralight Camping Sleeping Pad - Backpacking Air Mattress - Camping Mattress Pad - Compact Inflatable Sleeping Mat for Ba","1","amazon.com","Standard Orders","Amazon","OSTERBURG","PA","16667","MarketplaceFacilitator","33.99","2.04","0","0","0","0","0","0","0","0","-2.04","-5.10","-5.68","0","0","23.21","Released","Jan 22, 2026 1:51:04 AM PST"
"Jan 12, 2026 12:21:05 PM PST","25392467641","Order","114-1806666-1469012","Ether-01","Gear Doctors® Ether 17.5oz Ultralight Camping Sleeping Pad - Backpacking Air Mattress - Camping Mattress Pad - Compact Inflatable Sleeping Mat for Ba","1","amazon.com","Standard Orders","Amazon","SUMTER","SC","29154","MarketplaceFacilitator","33.99","2.72","0","0","0","0","0","0","0","0","-2.72","-5.10","-5.68","0","0","23.21","Released","Jan 22, 2026 8:00:55 AM PST"
"Jan 12, 2026 12:54:41 PM PST","25392467641","Order","114-2348821-2033040","Ether-01","Gear Doctors® Ether 17.5oz Ultralight Camping Sleeping Pad - Backpacking Air Mattress - Camping Mattress Pad - Compact Inflatable Sleeping Mat for Ba","1","amazon.com","Standard Orders","Amazon","WASHINGTON","DC","20005","MarketplaceFacilitator","33.99","2.04","0","0","0","0","0","0","0","0","-2.04","-5.10","-5.68","0","0","23.21","Released","Jan 21, 2026 10:55:21 PM PST"
"Jan 12, 2026 1:00:35 PM PST","25392467641","Order","112-6543806-0373057","GDCampingPillowTeal","Gear Doctors 3.5oz Compact Ultralight Inflatable Camping Pillow -Inflatable Camp Pillow -Backpacking Pillows Ultralight-Camping Pillows for Sleeping,","1","amazon.com","Standard Orders","Amazon","SANFORD","FL","32771","MarketplaceFacilitator","14.99","1.05","0","0","0","0","0","0","0","0","-1.05","-2.25","-4.16","0","0","8.58","Released","Jan 21, 2026 10:23:15 PM PST"
"Jan 12, 2026 1:06:56 PM PST","25392467641","Refund","112-4262700-3915429","Ether-01","Gear Doctors® Ether 17.5oz Ultralight Camping Sleeping Pad - Backpacking Air Mattress - Camping Mattress Pad - Compact Inflatable Sleeping Mat for Ba","1","amazon.com","Standard Orders","Amazon","WEST LAFAYETTE","IN","47906","MarketplaceFacilitator","-23.79","-1.67","0","0","0","0","0","0","0","0","1.67","2.86","0","0","0","-20.93","Released","Jan 12, 2026 1:06:56 PM PST"
"Jan 12, 2026 1:28:36 PM PST","25392467641","Order","114-0775993-2786628","Ether-01","Gear Doctors® Ether 17.5oz Ultralight Camping Sleeping Pad - Backpacking Air Mattress - Camping Mattress Pad - Compact Inflatable Sleeping Mat for Ba","1","amazon.com","Standard Orders","Amazon","OCOEE","FL","34761","MarketplaceFacilitator","33.99","2.21","0","0","0","0","0","0","0","0","-2.21","-5.10","-5.68","0","0","23.21","Released","Jan 20, 2026 10:15:14 PM PST"
"Jan 12, 2026 1:29:23 PM PST","25392467641","Order","112-8479783-0972226","GDApolloAir01","Gear Doctors ApolloAir 5.2 R-Value [17oz] Ultralight Insulated Inflatable Camping Sleeping Pad - Backpacking Sleeping Pad - Camping Mattress Compact L","1","amazon.com","Standard Orders","Amazon","SANFORD","FL","32771","MarketplaceFacilitator","76.50","5.36","0","0","0","0","0","0","0","0","-5.36","-11.48","-5.68","0","0","59.34","Released","Jan 21, 2026 3:47:47 AM PST"
"Jan 12, 2026 1:44:05 PM PST","25392467641","Order","113-7409173-2817043","Ether-01","Gear Doctors® Ether 17.5oz Ultralight Camping Sleeping Pad - Backpacking Air Mattress - Camping Mattress Pad - Compact Inflatable Sleeping Mat for Ba","1","amazon.com","Standard Orders","Amazon","SAN RAMON","CA","94582","MarketplaceFacilitator","33.99","3.31","2.99","0","0","0","0","0","-2.99","0","-3.31","-5.10","-5.68","0","0","23.21","Released","Jan 20, 2026 4:07:37 AM PST"
"Jan 12, 2026 2:09:00 PM PST","25392467641","Order","113-0107755-9941869","GDClassic01","Gear Doctors Oxylus 4.3R-Value Insulated Foam Self Inflating Sleeping Pad Camping—Sleeping Pad Backpacking Air Mattress—Camping Mattress Self Inflating Camp Mat 4 Seasons Sleep Mat—Camp/Floor/Tent/Cot","4","Amazon.com","Standard Orders","Amazon","Orlando","FL","32824","","149.96","0","0","0","0","0","0","0","0","0","0","-22.48","-29.92","0","0","97.56","Released","Jan 12, 2026 2:09:00 PM PST"
"Jan 12, 2026 2:22:25 PM PST","25392467641","Order","111-7935339-6861010","Ether-01","Gear Doctors® Ether 17.5oz Ultralight Camping Sleeping Pad - Backpacking Air Mattress - Camping Mattress Pad - Compact Inflatable Sleeping Mat for Ba","1","amazon.com","Standard Orders","Amazon","BOKEELIA","FL","33922","MarketplaceFacilitator","33.99","2.21","0","0","0","0","0","0","0","0","-2.21","-5.10","-5.68","0","0","23.21","Released","Jan 21, 2026 7:12:21 AM PST"
"Jan 12, 2026 2:32:19 PM PST","25392467641","Order","114-1322522-4059458","Ether-01","Gear Doctors® Ether 17.5oz Ultralight Camping Sleeping Pad - Backpacking Air Mattress - Camping Mattress Pad - Compact Inflatable Sleeping Mat for Ba","1","amazon.com","Standard Orders","Amazon","ATHENS","GA","30606","MarketplaceFacilitator","33.99","2.45","0","0","0","0","0","0","-3.40","0","-2.45","-4.59","-5.68","0","0","20.32","Released","Jan 20, 2026 9:06:49 PM PST"
"Jan 12, 2026 2:55:47 PM PST","25392467641","Order","114-1105017-5241858","Ether-01","Gear Doctors® Ether 17.5oz Ultralight Camping Sleeping Pad - Backpacking Air Mattress - Camping Mattress Pad - Compact Inflatable Sleeping Mat for Ba","1","amazon.com","Standard Orders","Amazon","AUBURNDALE","FL","33823","MarketplaceFacilitator","33.99","2.38","0","0","0","0","0","0","0","0","-2.38","-5.10","-5.68","0","0","23.21","Released","Jan 20, 2026 10:11:08 PM PST"
"Jan 12, 2026 3:05:28 PM PST","25392467641","Refund","113-0730620-7537054","Ether-01","Gear Doctors® Ether 17.5oz Ultralight Camping Sleeping Pad - Backpacking Air Mattress - Camping Mattress Pad - Compact Inflatable Sleeping Mat for Ba","1","amazon.com","Standard Orders","Amazon","IRVINE","CA","92614","MarketplaceFacilitator","-33.99","-2.63","0","0","0","0","0","0","0","0","2.63","4.08","0","0","0","-29.91","Released","Jan 12, 2026 3:05:28 PM PST"
"Jan 12, 2026 3:44:26 PM PST","25392467641","Order","111-5538757-9849007","Ether-01","Gear Doctors® Ether 17.5oz Ultralight Camping Sleeping Pad - Backpacking Air Mattress - Camping Mattress Pad - Compact Inflatable Sleeping Mat for Ba","1","amazon.com","Standard Orders","Amazon","CANBY","OR","97013","","33.99","0","0","0","0","0","0","0","0","0","0","-5.10","-5.68","0","0","23.21","Released","Jan 22, 2026 8:14:52 AM PST"
"Jan 12, 2026 4:14:48 PM PST","25392467641","Order","111-5334668-1276215","GDClassic01","Gear Doctors Oxylus 4.3R-Value Insulated Foam Self Inflating Sleeping Pad Camping-Sleeping Pad Backpacking Air Mattress-Camping Mattress Self Inflatin","1","amazon.com","Standard Orders","Amazon","HOPKINTON","MA","01748","MarketplaceFacilitator","37.49","2.34","0","0","0","0","0","0","0","0","-2.34","-5.62","-8.10","0","0","23.77","Released","Jan 21, 2026 8:16:28 AM PST"
"Jan 12, 2026 4:19:54 PM PST","25392467641","Order","114-5777079-8663463","Ether-01","Gear Doctors® Ether 17.5oz Ultralight Camping Sleeping Pad - Backpacking Air Mattress - Camping Mattress Pad - Compact Inflatable Sleeping Mat for Ba","1","amazon.com","Standard Orders","Amazon","KINGSVILLE","TX","78363","MarketplaceFacilitator","33.99","2.80","0","0","0","0","0","0","0","0","-2.80","-5.10","-5.68","0","0","23.21","Released","Jan 21, 2026 12:22:43 PM PST"
"Jan 12, 2026 5:55:55 PM PST","25392467641","Order","114-9463049-8328238","Ether-01","Gear Doctors® Ether 17.5oz Ultralight Camping Sleeping Pad - Backpacking Air Mattress - Camping Mattress Pad - Compact Inflatable Sleeping Mat for Ba","1","amazon.com","Standard Orders","Amazon","HOOVER","AL","35226","MarketplaceFacilitator","33.99","2.72","0","0","0","0","0","0","0","0","-2.72","-5.10","-5.68","0","0","23.21","Released","Jan 21, 2026 6:50:17 AM PST"
"Jan 12, 2026 6:30:41 PM PST","25392467641","Order","111-3585395-3727436","Ether-01","Gear Doctors® Ether 17.5oz Ultralight Camping Sleeping Pad - Backpacking Air Mattress - Camping Mattress Pad - Compact Inflatable Sleeping Mat for Ba","1","amazon.com","Standard Orders","Amazon","RENO","NV","89503","MarketplaceFacilitator","33.99","2.81","0","0","0","0","0","0","0","0","-2.81","-5.10","-5.68","0","0","23.21","Released","Jan 21, 2026 12:06:38 AM PST"
"Jan 12, 2026 6:32:40 PM PST","25392467641","Order","113-9219542-1473042","GDCampingPillowOrange","Gear Doctors 3.5oz Compact Ultralight Inflatable Camping Pillow-Inflatable Camp Pillow-Backpacking Pillows Ultralight-Camping Pillows for Sleeping, Hi","1","amazon.com","Standard Orders","Amazon","BARRINGTON","IL","60010","MarketplaceFacilitator","14.99","1.05","0","0","0","0","0","0","0","0","-1.05","-2.25","-4.16","0","0","8.58","Released","Jan 21, 2026 11:21:22 AM PST"
"Jan 12, 2026 6:48:59 PM PST","25392467641","Order","114-7737020-9342632","GDApolloAir01","Gear Doctors ApolloAir 5.2 R-Value [17oz] Ultralight Insulated Inflatable Camping Sleeping Pad - Backpacking Sleeping Pad - Camping Mattress Compact L","1","amazon.com","Standard Orders","Amazon","MAUMELLE","AR","72113","MarketplaceFacilitator","76.50","7.27","0","0","0","0","0","0","0","0","-7.27","-11.48","-5.68","0","0","59.34","Released","Jan 23, 2026 12:37:56 AM PST"
"Jan 12, 2026 6:54:28 PM PST","25392467641","Order","111-7944447-0689064","GDCampingPillowTeal","Gear Doctors 3.5oz Compact Ultralight Inflatable Camping Pillow -Inflatable Camp Pillow -Backpacking Pillows Ultralight-Camping Pillows for Sleeping,","1","amazon.com","Standard Orders","Amazon","CARLSBAD","CA","92008","MarketplaceFacilitator","14.99","1.16","0","0","0","0","0","0","0","0","-1.16","-2.25","-4.16","0","0","8.58","Released","Jan 21, 2026 2:02:01 AM PST"
"Jan 12, 2026 7:00:14 PM PST","25392467641","Order","114-2221986-5196210","GDCampingPillowOrange","Gear Doctors 3.5oz Compact Ultralight Inflatable Camping Pillow-Inflatable Camp Pillow-Backpacking Pillows Ultralight-Camping Pillows for Sleeping, Hi","1","amazon.com","Standard Orders","Amazon","CHESTER","CT","06412","MarketplaceFacilitator","14.99","0.95","0","0","0","0","0","0","0","0","-0.95","-2.25","-4.16","0","0","8.58","Released","Jan 21, 2026 5:28:48 AM PST"
"Jan 12, 2026 8:00:52 PM PST","25392467641","Order","113-6358925-0352215","GDClassic01","Gear Doctors Oxylus 4.3R-Value Insulated Foam Self Inflating Sleeping Pad Camping-Sleeping Pad Backpacking Air Mattress-Camping Mattress Self Inflatin","1","amazon.com","Standard Orders","Amazon","DAMASCUS","OR","97089","","37.49","0","2.99","0","0","0","0","0","-2.99","0","0","-5.62","-8.10","0","0","23.77","Released","Jan 20, 2026 6:36:38 AM PST"
"Jan 12, 2026 8:29:21 PM PST","25392467641","Order","111-0165201-1378669","Ether-01","Gear Doctors® Ether 17.5oz Ultralight Camping Sleeping Pad - Backpacking Air Mattress - Camping Mattress Pad - Compact Inflatable Sleeping Mat for Ba","1","amazon.com","Standard Orders","Amazon","LITTLETON","CO","80127","MarketplaceFacilitator","33.99","1.70","1.00","0","0","0","0","0","-1.00","0","-1.70","-5.10","-5.68","0","0","23.21","Released","Jan 20, 2026 3:31:32 AM PST"
"Jan 12, 2026 8:51:45 PM PST","25392467641","Order","114-8361275-9981044","GDCampingPillowBlue","Gear Doctors 3.5oz Compact Ultralight Inflatable Camping Pillow -Inflatable Camp Pillow -Backpacking Pillows Ultralight-Camping Pillows for Sleeping,","1","amazon.com","Standard Orders","Amazon","WEST CHESTER","OH","45069","MarketplaceFacilitator","14.99","0.97","0","0","0","0","0","0","0","0","-1.94","-4.50","-4.16","0","0","5.36","Released","Jan 21, 2026 7:43:30 AM PST"
"Jan 12, 2026 8:51:45 PM PST","25392467641","Order","114-8361275-9981044","GDCampingPillowBlue","Gear Doctors 3.5oz Compact Ultralight Inflatable Camping Pillow -Inflatable Camp Pillow -Backpacking Pillows Ultralight-Camping Pillows for Sleeping,","1","amazon.com","Standard Orders","Amazon","WEST CHESTER","OH","45069","","14.99","0.97","0","0","0","0","0","0","0","0","0","0","-4.16","0","0","11.80","Released","Jan 21, 2026 7:43:30 AM PST"
"Jan 12, 2026 9:04:30 PM PST","25392467641","Order","113-4918454-0579464","GDClassic01","Gear Doctors Oxylus 4.3R-Value Insulated Foam Self Inflating Sleeping Pad Camping-Sleeping Pad Backpacking Air Mattress-Camping Mattress Self Inflatin","2","amazon.com","Standard Orders","Amazon","FOLSOM","CA","95630","MarketplaceFacilitator","74.98","5.82","0","0","0","0","0","0","0","0","-5.82","-11.24","-16.20","0","0","47.54","Released","Jan 21, 2026 6:36:05 AM PST"
"Jan 12, 2026 9:07:45 PM PST","25392467641","Order","114-7471355-7576230","GDApolloAir-02","Gear Doctors ApolloAir 5.2 R-Value [25oz] Ultralight Insulated Inflatable Camping Sleeping Pad - Backpacking Sleeping Pad - Camping Mattress Compact L","1","amazon.com","Standard Orders","Amazon","DALY CITY","CA","94014","MarketplaceFacilitator","89.99","8.89","0","0","0","0","0","0","0","0","-8.89","-13.50","-6.10","0","0","70.39","Released","Jan 21, 2026 1:10:57 AM PST"
"Jan 12, 2026 9:23:40 PM PST","25392467641","Order","113-8707150-0307449","GDCampingPillowBlue","Gear Doctors 3.5oz Compact Ultralight Inflatable Camping Pillow -Inflatable Camp Pillow -Backpacking Pillows Ultralight-Camping Pillows for Sleeping,","1","amazon.com","Standard Orders","Amazon","PIEDMONT","SC","29673","MarketplaceFacilitator","14.99","1.05","0","0","0","0","0","0","0","0","-1.05","-2.25","-4.16","0","0","8.58","Released","Jan 21, 2026 4:29:09 AM PST"
"Jan 12, 2026 9:54:26 PM PST","25392467641","Order","113-4593698-7849823","Ether-01","Gear Doctors® Ether 17.5oz Ultralight Camping Sleeping Pad - Backpacking Air Mattress - Camping Mattress Pad - Compact Inflatable Sleeping Mat for Ba","1","amazon.com","Standard Orders","Amazon","NORTH SCITUATE","RI","02857","MarketplaceFacilitator","33.99","2.38","0","0","0","0","0","0","0","0","-2.38","-5.10","-5.68","0","0","23.21","Released","Jan 20, 2026 11:40:22 PM PST"
"Jan 12, 2026 10:06:11 PM PST","25392467641","Order","111-5526062-7434658","Ether-01","Gear Doctors® Ether 17.5oz Ultralight Camping Sleeping Pad - Backpacking Air Mattress - Camping Mattress Pad - Compact Inflatable Sleeping Mat for Ba","1","amazon.com","Standard Orders","Amazon","HIALEAH","FL","33018","","33.99","0","0","0","0","0","0","0","0","0","0","-5.10","-5.68","0","0","23.21","Released","Jan 20, 2026 10:19:30 PM PST"
"Jan 12, 2026 10:07:58 PM PST","25392467641","Order","112-9801974-6896230","GDApolloAir01","Gear Doctors ApolloAir 5.2 R-Value [17oz] Ultralight Insulated Inflatable Camping Sleeping Pad - Backpacking Sleeping Pad - Camping Mattress Compact L","1","amazon.com","Standard Orders","Amazon","SUGAR HILL","GA","30518","MarketplaceFacilitator","76.50","4.59","0","0","0","0","0","0","0","0","-4.59","-11.48","-5.68","0","0","59.34","Released","Jan 20, 2026 9:30:09 PM PST"
"Jan 12, 2026 10:08:15 PM PST","25392467641","Order","112-0094520-5831421","GDApolloAir-02","Gear Doctors ApolloAir 5.2 R-Value [25oz] Ultralight Insulated Inflatable Camping Sleeping Pad - Backpacking Sleeping Pad - Camping Mattress Compact L","1","amazon.com","Standard Orders","Amazon","SUGAR HILL","GA","30518","MarketplaceFacilitator","89.99","5.40","0","0","0","0","0","0","0","0","-5.40","-13.50","-6.10","0","0","70.39","Released","Jan 21, 2026 6:27:10 AM PST"
"Jan 12, 2026 10:19:15 PM PST","25392467641","Order","112-9638535-3825868","GDClassic01","Gear Doctors Oxylus 4.3R-Value Insulated Foam Self Inflating Sleeping Pad Camping-Sleeping Pad Backpacking Air Mattress-Camping Mattress Self Inflatin","1","amazon.com","Standard Orders","Amazon","SUGAR HILL","GA","30518","MarketplaceFacilitator","37.49","2.25","0","0","0","0","0","0","0","0","-2.25","-5.62","-8.10","0","0","23.77","Released","Jan 21, 2026 3:08:29 AM PST"
"Jan 12, 2026 10:33:55 PM PST","25392467641","Order","111-8262839-7742600","GDCampingPillowOrange","Gear Doctors 3.5oz Compact Ultralight Inflatable Camping Pillow- Inflatable Camp Pillow- Backpacking Pillows Ultralight- Camping Pillows for Sleeping,","1","amazon.com","Standard Orders","Amazon","RISINGSUN","OH","43457","MarketplaceFacilitator","14.99","1.01","1.00","0","0","0","0","0","-1.00","0","-1.01","-2.25","-4.16","0","0","8.58","Released","Jan 21, 2026 7:24:15 AM PST"
"Jan 12, 2026 10:54:37 PM PST","25392467641","Order","112-1283513-1828212","GDApolloAir-02","Gear Doctors ApolloAir 5.2 R-Value [25oz] Ultralight Insulated Inflatable Camping Sleeping Pad - Backpacking Sleeping Pad - Camping Mattress Compact L","1","amazon.com","Standard Orders","Amazon","SCOTTSDALE","AZ","85260","MarketplaceFacilitator","89.99","7.20","2.99","0","0","0","0","0","-2.99","0","-7.20","-13.50","-6.10","0","0","70.39","Released","Jan 20, 2026 6:35:17 AM PST"
"Jan 12, 2026 11:08:33 PM PST","25392467641","Order","111-0107654-4733026","Ether-01","Gear Doctors® Ether 17.5oz Ultralight Camping Sleeping Pad - Backpacking Air Mattress - Camping Mattress Pad - Compact Inflatable Sleeping Mat for Ba","1","amazon.com","Standard Orders","Amazon","OGDEN","UT","84403","MarketplaceFacilitator","33.99","2.46","2.99","0","0","0","0","0","-2.99","0","-2.46","-5.10","-5.68","0","0","23.21","Released","Jan 20, 2026 4:58:23 AM PST"
"Jan 12, 2026 11:11:47 PM PST","25392467641","Service Fee","","","Cost of Advertising","","","Standard Orders","","","","","","0","0","0","0","0","0","0","0","0","0","0","0","0","-505.42","0","-505.42","Released","Jan 12, 2026 11:11:47 PM PST"
"Jan 12, 2026 11:13:15 PM PST","25392467641","Order","113-5416257-5255418","GDClassic01","Gear Doctors Oxylus 4.3R-Value Insulated Foam Self Inflating Sleeping Pad Camping-Sleeping Pad Backpacking Air Mattress-Camping Mattress Self Inflatin","1","amazon.com","Standard Orders","Amazon","DAMASCUS","OR","97089","","37.49","0","2.99","0","0","0","0","0","-2.99","0","0","-5.62","-8.10","0","0","23.77","Released","Jan 20, 2026 5:57:38 AM PST"
"Jan 12, 2026 11:20:31 PM PST","25392467641","Order","111-6595278-1953850","Ether-01","Gear Doctors® Ether 17.5oz Ultralight Camping Sleeping Pad - Backpacking Air Mattress - Camping Mattress Pad - Compact Inflatable Sleeping Mat for Ba","1","amazon.com","Standard Orders","Amazon","HYDE PARK","NY","12538","MarketplaceFacilitator","33.99","2.76","0","0","0","0","0","0","0","0","-2.76","-5.10","-5.68","0","0","23.21","Released","Jan 22, 2026 3:40:36 AM PST"
"Jan 12, 2026 11:34:22 PM PST","25392467641","Order","113-8944840-5018646","GDClassic01","Gear Doctors Oxylus 4.3R-Value Insulated Foam Self Inflating Sleeping Pad Camping-Sleeping Pad Backpacking Air Mattress-Camping Mattress Self Inflatin","2","amazon.com","Standard Orders","Amazon","LAKE FOREST","CA","92630","MarketplaceFacilitator","74.98","5.82","0","0","0","0","0","0","0","0","-5.82","-11.24","-16.20","0","0","47.54","Released","Jan 23, 2026 5:05:29 AM PST"
"Jan 12, 2026 11:42:46 PM PST","25392467641","Order","114-0615165-6628217","Ether-01","Gear Doctors® Ether 17.5oz Ultralight Camping Sleeping Pad - Backpacking Air Mattress - Camping Mattress Pad - Compact Inflatable Sleeping Mat for Ba","1","amazon.com","Standard Orders","Amazon","YAKIMA","WA","98908","MarketplaceFacilitator","33.99","2.89","0","0","0","0","0","0","0","0","-2.89","-5.10","-5.68","0","0","23.21","Released","Jan 21, 2026 2:33:49 AM PST"
"Jan 12, 2026 11:43:02 PM PST","25392467641","Order","112-8503676-5115454","GDClassic01","Gear Doctors Oxylus 4.3R-Value Insulated Foam Self Inflating Sleeping Pad Camping-Sleeping Pad Backpacking Air Mattress-Camping Mattress Self Inflatin","1","amazon.com","Standard Orders","Amazon","MOUNT VERNON","WA","98274","MarketplaceFacilitator","37.49","3.07","0","0","0","0","0","0","0","0","-6.14","-11.24","-8.10","0","0","15.08","Released","Jan 22, 2026 1:19:57 AM PST"
"Jan 12, 2026 11:43:02 PM PST","25392467641","Order","112-8503676-5115454","GDClassic01","Gear Doctors Oxylus 4.3R-Value Insulated Foam Self Inflating Sleeping Pad Camping-Sleeping Pad Backpacking Air Mattress-Camping Mattress Self Inflatin","1","amazon.com","Standard Orders","Amazon","MOUNT VERNON","WA","98274","","37.49","3.07","0","0","0","0","0","0","0","0","0","0","-8.10","0","0","32.46","Released","Jan 22, 2026 1:19:57 AM PST"
"Jan 12, 2026 11:47:10 PM PST","25392467641","Refund","112-3008455-1101059","Ether-01","Gear Doctors® Ether 17.5oz Ultralight Camping Sleeping Pad - Backpacking Air Mattress - Camping Mattress Pad - Compact Inflatable Sleeping Mat for Ba","1","amazon.com","Standard Orders","Amazon","HONOLULU","HI","96814","MarketplaceFacilitator","-33.99","-1.60","0","0","0","0","0","0","0","0","1.60","4.08","0","0","0","-29.91","Released","Jan 12, 2026 11:47:10 PM PST"
"Jan 13, 2026 12:09:11 AM PST","25392467641","Order","111-2895250-9607410","GDClassic01","Gear Doctors Oxylus 4.3R-Value Insulated Foam Self Inflating Sleeping Pad Camping-Sleeping Pad Backpacking Air Mattress-Camping Mattress Self Inflatin","2","amazon.com","Standard Orders","Amazon","PRESCOTT","AZ","86305","MarketplaceFacilitator","74.98","4.76","0","0","0","0","0","0","0","0","-4.76","-11.24","-16.20","0","0","47.54","Released","Jan 21, 2026 1:40:51 PM PST"
"Jan 13, 2026 12:10:43 AM PST","25392467641","Order","113-0309469-8053013","Ether-01","Gear Doctors® Ether 17.5oz Ultralight Camping Sleeping Pad - Backpacking Air Mattress - Camping Mattress Pad - Compact Inflatable Sleeping Mat for Ba","2","amazon.com","Standard Orders","Amazon","COWETA","OK","74429","MarketplaceFacilitator","0","0","0","0","0","0","0","0","0","0","0","0","0","0","0","0","Released","Jan 13, 2026 12:10:43 AM PST"
"Jan 13, 2026 12:29:12 AM PST","25392467641","Order","112-0069667-2676245","GDCampingPillowOrange","Gear Doctors 3.5oz Compact Ultralight Inflatable Camping Pillow-Inflatable Camp Pillow-Backpacking Pillows Ultralight-Camping Pillows for Sleeping, Hi","1","amazon.com","Standard Orders","Amazon","FLAGSTAFF","AZ","86001","MarketplaceFacilitator","14.99","1.41","0","0","0","0","0","0","0","0","-1.41","-2.25","-4.16","0","0","8.58","Released","Jan 23, 2026 4:49:18 AM PST"
"Jan 13, 2026 12:44:53 AM PST","25392467641","Order","111-3621472-9509835","GDClassic01","Gear Doctors Oxylus 4.3R-Value Insulated Foam Self Inflating Sleeping Pad Camping-Sleeping Pad Backpacking Air Mattress-Camping Mattress Self Inflatin","1","amazon.com","Standard Orders","Amazon","Salinas","CA","93901","MarketplaceFacilitator","37.49","3.47","0","0","0","0","0","0","0","0","-3.47","-5.62","-8.10","0","0","23.77","Released","Jan 21, 2026 7:19:25 AM PST"
"Jan 13, 2026 12:51:06 AM PST","25392467641","Order","111-6767880-0444253","GDApolloAir01","Gear Doctors ApolloAir 5.2 R-Value [17oz] Ultralight Insulated Inflatable Camping Sleeping Pad - Backpacking Sleeping Pad - Camping Mattress Compact L","2","amazon.com","Standard Orders","Amazon","EAGLE MOUNTAIN","UT","84005","MarketplaceFacilitator","153.00","11.24","2.32","0","0","0","0","0","-2.32","0","-11.24","-22.96","-11.36","0","0","118.68","Released","Jan 21, 2026 1:24:56 AM PST"
"Jan 13, 2026 1:37:30 AM PST","25392467641","Order","111-0388932-9423457","Ether-01","Gear Doctors® Ether 17.5oz Ultralight Camping Sleeping Pad - Backpacking Air Mattress - Camping Mattress Pad - Compact Inflatable Sleeping Mat for Ba","1","amazon.com","Standard Orders","Amazon","FORT MYERS","FL","33966","MarketplaceFacilitator","33.99","2.21","0","0","0","0","0","0","0","0","-2.21","-5.10","-5.68","0","0","23.21","Released","Jan 20, 2026 12:31:39 PM PST"
"Jan 13, 2026 2:11:51 AM PST","25392467641","Order","112-4064492-7071425","GDCampingPillowBlue","Gear Doctors 3.5oz Compact Ultralight Inflatable Camping Pillow -Inflatable Camp Pillow -Backpacking Pillows Ultralight-Camping Pillows for Sleeping,","1","amazon.com","Standard Orders","Amazon","CORAL GABLES","FL","33146","MarketplaceFacilitator","14.99","1.05","0","0","0","0","0","0","0","0","-1.05","-2.25","-4.16","0","0","8.58","Released","Jan 22, 2026 11:31:28 PM PST"
"Jan 13, 2026 2:19:00 AM PST","25392467641","Order","111-4689131-7788247","GDCampingPillowOrange","Gear Doctors 3.5oz Compact Ultralight Inflatable Camping Pillow-Inflatable Camp Pillow-Backpacking Pillows Ultralight-Camping Pillows for Sleeping, Hi","1","amazon.com","Standard Orders","Amazon","FAYETTEVILLE","AR","72703","MarketplaceFacilitator","14.99","1.46","0","0","0","0","0","0","0","0","-1.46","-2.25","-4.16","0","0","8.58","Released","Jan 22, 2026 2:07:09 AM PST"
"Jan 13, 2026 2:20:30 AM PST","25392467641","Order","114-7311802-2445035","GDClassic01","Gear Doctors Oxylus 4.3R-Value Insulated Foam Self Inflating Sleeping Pad Camping-Sleeping Pad Backpacking Air Mattress-Camping Mattress Self Inflatin","1","amazon.com","Standard Orders","Amazon","HINCKLEY","OH","44233","MarketplaceFacilitator","37.49","2.53","0","0","0","0","0","0","0","0","-2.53","-5.62","-8.10","0","0","23.77","Released","Jan 20, 2026 2:29:14 PM PST"
"Jan 13, 2026 2:58:43 AM PST","25392467641","Order","113-3954455-7541845","GDCampingPillowTeal","Gear Doctors 3.5oz Compact Ultralight Inflatable Camping Pillow -Inflatable Camp Pillow -Backpacking Pillows Ultralight-Camping Pillows for Sleeping,","1","amazon.com","Standard Orders","Amazon","NEWNAN","GA","30265","MarketplaceFacilitator","14.99","1.08","0","0","0","0","0","0","-1.50","0","-1.08","-2.02","-4.16","0","0","7.31","Released","Jan 21, 2026 11:22:34 PM PST"
"Jan 13, 2026 3:29:13 AM PST","25392467641","Order","114-2258519-6811432","Ether-01","Gear Doctors® Ether 17.5oz Ultralight Camping Sleeping Pad - Backpacking Air Mattress - Camping Mattress Pad - Compact Inflatable Sleeping Mat for Ba","1","amazon.com","Standard Orders","Amazon","DOTHAN","AL","36303","MarketplaceFacilitator","33.99","2.72","0","0","0","0","0","0","0","0","-2.72","-5.10","-5.68","0","0","23.21","Released","Jan 22, 2026 6:09:54 AM PST"
"Jan 13, 2026 3:32:39 AM PST","25392467641","Order","114-6682482-4103464","GDClassic01","Gear Doctors Oxylus 4.3R-Value Insulated Foam Self Inflating Sleeping Pad Camping-Sleeping Pad Backpacking Air Mattress-Camping Mattress Self Inflatin","1","amazon.com","Standard Orders","Amazon","SIGNAL MOUNTAIN","TN","37377","MarketplaceFacilitator","37.49","3.47","0","0","0","0","0","0","0","0","-3.47","-5.62","-8.10","0","0","23.77","Released","Jan 22, 2026 4:57:12 AM PST"
"Jan 13, 2026 3:44:36 AM PST","25392467641","Order","114-7247304-3820233","GDApolloAir-02","Gear Doctors ApolloAir 5.2 R-Value [25oz] Ultralight Insulated Inflatable Camping Sleeping Pad - Backpacking Sleeping Pad - Camping Mattress Compact L","1","amazon.com","Standard Orders","Amazon","STEVENSON RANCH","CA","91381","MarketplaceFacilitator","89.99","8.77","0","0","0","0","0","0","0","0","-8.77","-13.50","-6.10","0","0","70.39","Released","Jan 21, 2026 12:22:28 AM PST"
"Jan 13, 2026 3:55:20 AM PST","25392467641","Order","111-7889331-1580266","GDClassic01","Gear Doctors Oxylus 4.3R-Value Insulated Foam Self Inflating Sleeping Pad Camping-Sleeping Pad Backpacking Air Mattress-Camping Mattress Self Inflatin","1","amazon.com","Standard Orders","Amazon","Danville","California","94526","MarketplaceFacilitator","37.49","3.28","0","0","0","0","0","0","0","0","-3.28","-5.62","-8.10","0","0","23.77","Released","Jan 21, 2026 10:21:45 AM PST"
"Jan 13, 2026 4:14:59 AM PST","25392467641","Order","113-0789689-4860256","GDApolloAir-02","Gear Doctors ApolloAir 5.2 R-Value [25oz] Ultralight Insulated Inflatable Camping Sleeping Pad - Backpacking Sleeping Pad - Camping Mattress Compact L","1","amazon.com","Standard Orders","Amazon","MILPITAS","CA","95035","MarketplaceFacilitator","89.99","7.59","6.62","0","0","0","0","0","-15.62","0","-7.59","-12.15","-6.10","0","0","62.74","Released","Jan 22, 2026 6:58:29 AM PST"
"Jan 13, 2026 4:45:04 AM PST","25392467641","Order","111-0252539-5566632","GDClassic01","Gear Doctors Oxylus 4.3R-Value Insulated Foam Self Inflating Sleeping Pad Camping-Sleeping Pad Backpacking Air Mattress-Camping Mattress Self Inflatin","1","amazon.com","Standard Orders","Amazon","BELLINGHAM","WA","98226","MarketplaceFacilitator","37.49","3.41","0","0","0","0","0","0","0","0","-3.41","-5.62","-8.10","0","0","23.77","Released","Jan 21, 2026 4:13:00 AM PST"
"Jan 13, 2026 5:26:31 AM PST","25392467641","Order","114-0926476-8205020","GDCampingPillowBlue","Gear Doctors 3.5oz Compact Ultralight Inflatable Camping Pillow -Inflatable Camp Pillow -Backpacking Pillows Ultralight-Camping Pillows for Sleeping,","1","amazon.com","Standard Orders","Amazon","BRANFORD","CT","06405","MarketplaceFacilitator","14.99","0.95","0","0","0","0","0","0","0","0","-0.95","-2.25","-4.16","0","0","8.58","Released","Jan 22, 2026 1:37:32 AM PST"
"Jan 13, 2026 6:05:50 AM PST","25392467641","Order","113-0543117-2713832","GDCampingPillowTeal","Gear Doctors 3.5oz Compact Ultralight Inflatable Camping Pillow -Inflatable Camp Pillow -Backpacking Pillows Ultralight-Camping Pillows for Sleeping,","1","amazon.com","Standard Orders","Amazon","CORBIN","KY","40701","MarketplaceFacilitator","14.99","0.90","0","0","0","0","0","0","0","0","-0.90","-2.25","-4.16","0","0","8.58","Released","Jan 23, 2026 2:11:50 AM PST"
"Jan 13, 2026 7:16:54 AM PST","25392467641","Order","113-5808094-0464249","GDClassic01","Gear Doctors Oxylus 4.3R-Value Insulated Foam Self Inflating Sleeping Pad Camping-Sleeping Pad Backpacking Air Mattress-Camping Mattress Self Inflatin","1","amazon.com","Standard Orders","Amazon","DURHAM","NC","27708","MarketplaceFacilitator","37.49","2.81","0","0","0","0","0","0","0","0","-2.81","-5.62","-8.10","0","0","23.77","Released","Jan 21, 2026 7:25:40 AM PST"
"Jan 13, 2026 7:38:33 AM PST","25392467641","Adjustment","111-1820703-8629018","FBA1783RHJRT.missing 1","FBA Inventory Reimbursement - Customer Return","1","","Standard Orders","","","","","","0","0","0","0","0","0","0","0","0","0","0","0","0","0","66.57","66.57","Released","Jan 13, 2026 7:38:33 AM PST"
"Jan 13, 2026 8:07:05 AM PST","25392467641","Order","114-8606562-2893867","Ether-01","Gear Doctors® Ether 17.5oz Ultralight Camping Sleeping Pad - Backpacking Air Mattress - Camping Mattress Pad - Compact Inflatable Sleeping Mat for Ba","1","amazon.com","Standard Orders","Amazon","SALEM","VA","24153","MarketplaceFacilitator","33.99","1.80","2.35","0","0","0","0","0","-2.35","0","-1.80","-5.10","-5.68","0","0","23.21","Released","Jan 22, 2026 12:41:17 AM PST"
"Jan 13, 2026 8:13:40 AM PST","25392467641","FBA Inventory Fee","Tr/X9ubbVm","","FBA Removal Order: Return Fee","","Amazon.com","Standard Orders","","","","","","0","0","0","0","0","0","0","0","0","0","0","0","0","0","-4.54","-4.54","Released","Jan 13, 2026 8:13:40 AM PST"
"Jan 13, 2026 8:13:56 AM PST","25392467641","FBA Inventory Fee","Tr/X9ubbVm","","FBA Removal Order: Return Fee","","Amazon.com","Standard Orders","","","","","","0","0","0","0","0","0","0","0","0","0","0","0","0","0","-10.04","-10.04","Released","Jan 13, 2026 8:13:56 AM PST"
"Jan 13, 2026 8:14:06 AM PST","25392467641","FBA Inventory Fee","Tr/X9ubbVm","","FBA Removal Order: Return Fee","","Amazon.com","Standard Orders","","","","","","0","0","0","0","0","0","0","0","0","0","0","0","0","0","-1.04","-1.04","Released","Jan 13, 2026 8:14:06 AM PST"
"Jan 13, 2026 8:14:18 AM PST","25392467641","FBA Inventory Fee","Tr/X9ubbVm","","FBA Removal Order: Return Fee","","Amazon.com","Standard Orders","","","","","","0","0","0","0","0","0","0","0","0","0","0","0","0","0","-2.27","-2.27","Released","Jan 13, 2026 8:14:18 AM PST"
"Jan 13, 2026 8:14:23 AM PST","25392467641","FBA Inventory Fee","Tr/X9ubbVm","","FBA Removal Order: Return Fee","","Amazon.com","Standard Orders","","","","","","0","0","0","0","0","0","0","0","0","0","0","0","0","0","-2.27","-2.27","Released","Jan 13, 2026 8:14:23 AM PST"
"Jan 13, 2026 8:14:33 AM PST","25392467641","FBA Inventory Fee","Tr/X9ubbVm","","FBA Removal Order: Return Fee","","Amazon.com","Standard Orders","","","","","","0","0","0","0","0","0","0","0","0","0","0","0","0","0","-6.81","-6.81","Released","Jan 13, 2026 8:14:33 AM PST"
"Jan 13, 2026 8:35:27 AM PST","25392467641","Order","111-6754781-7891429","GDApolloAir01","Gear Doctors ApolloAir 5.2 R-Value [17oz] Ultralight Insulated Inflatable Camping Sleeping Pad - Backpacking Sleeping Pad - Camping Mattress Compact L","1","amazon.com","Standard Orders","Amazon","RICHMOND","TX","77406","MarketplaceFacilitator","76.50","4.78","2.99","0","0","0","0","0","-2.99","0","-4.78","-11.48","-5.68","0","0","59.34","Released","Jan 21, 2026 5:26:41 AM PST"
"Jan 13, 2026 8:39:53 AM PST","25392467641","Order","114-3959018-4192208","GDClassic01","Gear Doctors Oxylus 4.3R-Value Insulated Foam Self Inflating Sleeping Pad Camping-Sleeping Pad Backpacking Air Mattress-Camping Mattress Self Inflatin","1","amazon.com","Standard Orders","Amazon","CLOVIS","CA","93611","MarketplaceFacilitator","37.49","3.36","1.50","0","0","0","0","0","-1.50","0","-3.36","-5.62","-8.10","0","0","23.77","Released","Jan 21, 2026 2:10:39 AM PST"
"Jan 13, 2026 9:05:04 AM PST","25392467641","Order","111-6022053-7232251","GDApolloAir01","Gear Doctors ApolloAir 5.2 R-Value [17oz] Ultralight Insulated Inflatable Camping Sleeping Pad - Backpacking Sleeping Pad - Camping Mattress Compact L","1","amazon.com","Standard Orders","Amazon","NORMAN","OK","73072","MarketplaceFacilitator","76.50","6.69","0","0","0","0","0","0","0","0","-6.69","-11.48","-5.68","0","0","59.34","Released","Jan 21, 2026 5:09:41 PM PST"
"Jan 13, 2026 9:23:30 AM PST","25392467641","Order","112-9638535-3825868","GDClassic01","Gear Doctors Oxylus 4.3R-Value Insulated Foam Self Inflating Sleeping Pad Camping-Sleeping Pad Backpacking Air Mattress-Camping Mattress Self Inflatin","1","amazon.com","Standard Orders","Amazon","SUGAR HILL","GA","30518","MarketplaceFacilitator","37.49","2.25","0","0","0","0","0","0","0","0","-2.25","-5.62","-8.10","0","0","23.77","Released","Jan 22, 2026 7:31:55 AM PST"
"Jan 13, 2026 9:31:00 AM PST","25392467641","Order","112-4711465-8214644","Ether-01","Gear Doctors® Ether 17.5oz Ultralight Camping Sleeping Pad - Backpacking Air Mattress - Camping Mattress Pad - Compact Inflatable Sleeping Mat for Ba","1","amazon.com","Standard Orders","Amazon","HAMMOND","LA","70401","MarketplaceFacilitator","33.99","3.57","0","0","0","0","0","0","0","0","-3.57","-5.10","-5.68","0","0","23.21","Released","Jan 22, 2026 6:37:23 AM PST"
"Jan 13, 2026 9:35:07 AM PST","25392467641","Order","114-1371983-9259415","GDClassic01","Gear Doctors Oxylus 4.3R-Value Insulated Foam Self Inflating Sleeping Pad Camping-Sleeping Pad Backpacking Air Mattress-Camping Mattress Self Inflatin","2","amazon.com","Standard Orders","Amazon","WAYNESBORO","VA","22980","MarketplaceFacilitator","74.98","3.98","0","0","0","0","0","0","0","0","-3.98","-11.24","-16.20","0","0","47.54","Released","Jan 21, 2026 10:34:03 PM PST"
"Jan 13, 2026 9:46:46 AM PST","25392467641","Order","112-1325289-8103410","GDCampingPillowOrange","Gear Doctors 3.5oz Compact Ultralight Inflatable Camping Pillow-Inflatable Camp Pillow-Backpacking Pillows Ultralight-Camping Pillows for Sleeping, Hi","1","amazon.com","Standard Orders","Amazon","MIAMI BEACH","FL","33139","MarketplaceFacilitator","14.99","1.05","0","0","0","0","0","0","0","0","-1.05","-2.25","-4.16","0","0","8.58","Released","Jan 22, 2026 1:49:46 AM PST"
"Jan 13, 2026 9:47:27 AM PST","25392467641","Order","112-0259773-9355469","GDCampingPillowOrange","Gear Doctors 3.5oz Compact Ultralight Inflatable Camping Pillow-Inflatable Camp Pillow-Backpacking Pillows Ultralight-Camping Pillows for Sleeping, Hi","1","amazon.com","Standard Orders","Amazon","MIAMI","FL","33135","MarketplaceFacilitator","14.99","1.05","0.24","0","0","0","0","0","0","0","-1.05","-2.25","-4.40","0","0","8.58","Released","Jan 22, 2026 12:44:39 AM PST"
"Jan 13, 2026 10:12:36 AM PST","25392467641","Order","111-9375237-4519423","GDClassic01","Gear Doctors Oxylus 4.3R-Value Insulated Foam Self Inflating Sleeping Pad Camping-Sleeping Pad Backpacking Air Mattress-Camping Mattress Self Inflatin","1","amazon.com","Standard Orders","Amazon","PRINCETON JUNCTION","NJ","08550","MarketplaceFacilitator","37.49","2.48","2.99","0","0","0","0","0","-2.99","0","-2.48","-5.62","-8.10","0","0","23.77","Released","Jan 21, 2026 6:38:11 AM PST"
"Jan 13, 2026 11:08:28 AM PST","25495925401","Order","113-2188679-0861042","Ether-01","Gear Doctors® Ether 17.5oz Ultralight Camping Sleeping Pad - Backpacking Air Mattress - Camping Mattress Pad - Compact Inflatable Sleeping Mat for Ba","1","amazon.com","Standard Orders","Amazon","GILBERT","LA","71336","MarketplaceFacilitator","33.99","3.06","0","0","0","0","0","0","0","0","-3.06","-5.10","-5.68","0","0","23.21","Released","Jan 24, 2026 2:02:04 AM PST"
"Jan 13, 2026 11:17:43 AM PST","25392467641","Order","111-9956050-5628241","Ether-01","Gear Doctors® Ether 17.5oz Ultralight Camping Sleeping Pad - Backpacking Air Mattress - Camping Mattress Pad - Compact Inflatable Sleeping Mat for Ba","1","amazon.com","Standard Orders","Amazon","JOLIET","MT","59041","","33.99","0","1.74","0","0","0","0","0","-1.74","0","0","-5.10","-5.68","0","0","23.21","Released","Jan 22, 2026 9:14:48 AM PST"
"Jan 13, 2026 11:18:52 AM PST","25392467641","Order","113-9557624-9244208","GDClassic01","Gear Doctors Oxylus 4.3R-Value Insulated Foam Self Inflating Sleeping Pad Camping-Sleeping Pad Backpacking Air Mattress-Camping Mattress Self Inflatin","1","amazon.com","Standard Orders","Amazon","Davie","Florida","33325","MarketplaceFacilitator","37.49","2.62","0.60","0","0","0","0","0","-0.60","0","-2.62","-5.62","-8.10","0","0","23.77","Released","Jan 21, 2026 7:32:54 AM PST"
"Jan 13, 2026 11:28:10 AM PST","25392467641","Order","113-7336782-2313003","GDApolloAir01","Gear Doctors ApolloAir 5.2 R-Value [17oz] Ultralight Insulated Inflatable Camping Sleeping Pad - Backpacking Sleeping Pad - Camping Mattress Compact L","1","amazon.com","Standard Orders","Amazon","APOPKA","FL","32712","MarketplaceFacilitator","76.50","4.97","1.68","0","0","0","0","0","0","0","-4.97","-11.48","-7.36","0","0","59.34","Released","Jan 21, 2026 10:47:03 PM PST"
"Jan 13, 2026 12:05:56 PM PST","25392467641","Order","111-6078233-0813012","GDClassic01","Gear Doctors Oxylus 4.3R-Value Insulated Foam Self Inflating Sleeping Pad Camping-Sleeping Pad Backpacking Air Mattress-Camping Mattress Self Inflatin","1","amazon.com","Standard Orders","Amazon","HUNTSVILLE","AL","35806","MarketplaceFacilitator","37.49","3.00","0","0","0","0","0","0","0","0","-3.00","-5.62","-8.10","0","0","23.77","Released","Jan 23, 2026 5:10:11 AM PST"
"Jan 13, 2026 12:32:02 PM PST","25392467641","Order","112-6396706-9798654","Ether-01","Gear Doctors® Ether 17.5oz Ultralight Camping Sleeping Pad - Backpacking Air Mattress - Camping Mattress Pad - Compact Inflatable Sleeping Mat for Ba","1","amazon.com","Standard Orders","Amazon","TOWNSEND","MT","59644","","33.99","0","0","0","0","0","0","0","0","0","0","-5.10","-5.68","0","0","23.21","Released","Jan 23, 2026 4:38:38 AM PST"
"Jan 13, 2026 12:43:57 PM PST","25392467641","Order","113-7535335-2852204","GDCampingPillowBlue","Gear Doctors 3.5oz Compact Ultralight Inflatable Camping Pillow -Inflatable Camp Pillow -Backpacking Pillows Ultralight-Camping Pillows for Sleeping,","1","amazon.com","Standard Orders","Amazon","TAMPA","FL","33619","MarketplaceFacilitator","14.99","1.12","0","0","0","0","0","0","0","0","-1.12","-2.25","-4.16","0","0","8.58","Released","Jan 23, 2026 3:36:50 AM PST"
"Jan 13, 2026 12:51:08 PM PST","25392467641","Order","112-1055225-9839419","Ether-01","Gear Doctors® Ether 17.5oz Ultralight Camping Sleeping Pad - Backpacking Air Mattress - Camping Mattress Pad - Compact Inflatable Sleeping Mat for Ba","1","amazon.com","Standard Orders","Amazon","SAINT PETERSBURG","FL","33701","MarketplaceFacilitator","33.99","2.38","0","0","0","0","0","0","0","0","-2.38","-5.10","-5.68","0","0","23.21","Released","Jan 21, 2026 6:12:51 PM PST"
"Jan 13, 2026 1:09:39 PM PST","25392467641","Refund","113-2087703-8149857","Ether-01","Gear Doctors® Ether 17.5oz Ultralight Camping Sleeping Pad - Backpacking Air Mattress - Camping Mattress Pad - Compact Inflatable Sleeping Mat for Ba","1","amazon.com","Standard Orders","Amazon","BOYNTON BEACH","FL","33435","MarketplaceFacilitator","-33.99","-1.68","0","0","0","0","0","0","10.00","0","1.68","2.88","0","0","0","-21.11","Released","Jan 13, 2026 1:09:39 PM PST"
"Jan 13, 2026 1:27:40 PM PST","25495925401","Order","114-0443441-6459409","Ether-01","Gear Doctors® Ether 17.5oz Ultralight Camping Sleeping Pad - Backpacking Air Mattress - Camping Mattress Pad - Compact Inflatable Sleeping Mat for Ba","1","amazon.com","Standard Orders","Amazon","Rosario","Santa Fe","","","33.99","0","8.05","0","0","0","0","0","-8.05","0","0","-5.10","-5.68","0","0","23.21","Released","Jan 27, 2026 3:16:54 AM PST"
"Jan 13, 2026 1:41:53 PM PST","25392467641","Order","114-8285596-2884224","GDClassic01","Gear Doctors Oxylus 4.3R-Value Insulated Foam Self Inflating Sleeping Pad Camping-Sleeping Pad Backpacking Air Mattress-Camping Mattress Self Inflatin","1","amazon.com","Standard Orders","Amazon","CHULA VISTA","CA","91913","MarketplaceFacilitator","37.49","3.28","1.83","0","0","0","0","0","-1.83","0","-3.28","-5.62","-8.10","0","0","23.77","Released","Jan 22, 2026 5:19:47 AM PST"
"Jan 13, 2026 1:51:10 PM PST","25392467641","Order","113-0937961-0541018","GDCampingPillowBlue","Gear Doctors 3.5oz Compact Ultralight Inflatable Camping Pillow -Inflatable Camp Pillow -Backpacking Pillows Ultralight-Camping Pillows for Sleeping,","1","amazon.com","Standard Orders","Amazon","WAUSAU","WI","54401","MarketplaceFacilitator","14.99","0.82","0","0","0","0","0","0","0","0","-0.82","-2.25","-4.16","0","0","8.58","Released","Jan 22, 2026 2:59:26 AM PST"
"Jan 13, 2026 1:56:59 PM PST","25495925401","Order","111-1533720-6804238","Ether-01","Gear Doctors® Ether 17.5oz Ultralight Camping Sleeping Pad - Backpacking Air Mattress - Camping Mattress Pad - Compact Inflatable Sleeping Mat for Ba","1","amazon.com","Standard Orders","Amazon","Bogota","Colombia","","","33.99","0","7.59","0","0","0","0","0","-7.59","0","0","-5.10","-5.68","0","0","23.21","Released","Jan 24, 2026 8:15:14 AM PST"
"Jan 13, 2026 1:57:57 PM PST","25392467641","Order","114-2799746-3751468","Ether-01","Gear Doctors® Ether 17.5oz Ultralight Camping Sleeping Pad - Backpacking Air Mattress - Camping Mattress Pad - Compact Inflatable Sleeping Mat for Ba","1","amazon.com","Standard Orders","Amazon","MANHEIM","PA","17545","MarketplaceFacilitator","33.99","2.04","0","0","0","0","0","0","0","0","-2.04","-5.10","-5.68","0","0","23.21","Released","Jan 22, 2026 7:59:02 AM PST"
"Jan 13, 2026 2:15:24 PM PST","25392467641","Refund","113-4832022-5496238","Ether-01","Gear Doctors® Ether 17.5oz Ultralight Camping Sleeping Pad - Backpacking Air Mattress - Camping Mattress Pad - Compact Inflatable Sleeping Mat for Ba","1","amazon.com","Standard Orders","Amazon","SPOKANE","WA","99201","MarketplaceFacilitator","-33.99","-3.09","0","0","0","0","0","0","0","0","3.09","4.08","0","0","0","-29.91","Released","Jan 13, 2026 2:15:24 PM PST"
"Jan 13, 2026 2:19:06 PM PST","25392467641","Refund","114-9172404-2372234","Ether-01","Gear Doctors® Ether 17.5oz Ultralight Camping Sleeping Pad - Backpacking Air Mattress - Camping Mattress Pad - Compact Inflatable Sleeping Mat for Ba","2","amazon.com","Standard Orders","Amazon","MESA","AZ","85213","MarketplaceFacilitator","-67.98","-5.64","-2.99","0","0","0","0","0","2.99","0","5.64","8.16","0","0","0","-59.82","Released","Jan 13, 2026 2:19:06 PM PST"
"Jan 13, 2026 2:44:08 PM PST","25392467641","Order","113-7245019-9741052","GDApolloAir01","Gear Doctors ApolloAir 5.2 R-Value [17oz] Ultralight Insulated Inflatable Camping Sleeping Pad - Backpacking Sleeping Pad - Camping Mattress Compact L","1","amazon.com","Standard Orders","Amazon","ALAMEDA","CA","94501","MarketplaceFacilitator","76.50","8.22","0","0","0","0","0","0","0","0","-8.22","-11.48","-5.68","0","0","59.34","Released","Jan 21, 2026 8:45:19 PM PST"
"Jan 13, 2026 2:44:12 PM PST","25392467641","Order","113-1179563-5857837","GDClassic01","Gear Doctors Oxylus 4.3R-Value Insulated Foam Self Inflating Sleeping Pad Camping-Sleeping Pad Backpacking Air Mattress-Camping Mattress Self Inflatin","1","amazon.com","Standard Orders","Amazon","PEORIA","AZ","85383","MarketplaceFacilitator","37.49","3.04","0","0","0","0","0","0","0","0","-3.04","-5.62","-8.10","0","0","23.77","Released","Jan 22, 2026 1:12:36 AM PST"
"Jan 13, 2026 2:58:48 PM PST","25392467641","Order","111-0942312-1439421","GDClassic01","Gear Doctors Oxylus 4.3R-Value Insulated Foam Self Inflating Sleeping Pad Camping-Sleeping Pad Backpacking Air Mattress-Camping Mattress Self Inflatin","1","amazon.com","Standard Orders","Amazon","CUT BANK","MT","59427","","37.49","0","0","0","0","0","0","0","0","0","0","-5.62","-8.10","0","0","23.77","Released","Jan 22, 2026 11:26:28 PM PST"
"Jan 13, 2026 3:01:26 PM PST","25495925401","Order","114-8584273-1848213","GDCampingPillowOrange","Gear Doctors 3.5oz Compact Ultralight Inflatable Camping Pillow-Inflatable Camp Pillow-Backpacking Pillows Ultralight-Camping Pillows for Sleeping, Hi","1","amazon.com","Standard Orders","Amazon","BERTHOUD","CO","80513","MarketplaceFacilitator","14.99","0.74","3.80","0","0","0","0","0","-3.80","0","-0.74","-2.25","-4.16","0","0","8.58","Released","Jan 24, 2026 6:21:13 AM PST"
"Jan 13, 2026 3:21:09 PM PST","25392467641","Order","113-7815551-0361004","GDClassic01","Gear Doctors Oxylus 4.3R-Value Insulated Foam Self Inflating Sleeping Pad Camping-Sleeping Pad Backpacking Air Mattress-Camping Mattress Self Inflatin","1","amazon.com","Standard Orders","Amazon","CHANDLER","AZ","85249","MarketplaceFacilitator","37.49","2.92","0","0","0","0","0","0","0","0","-2.92","-5.62","-8.10","0","0","23.77","Released","Jan 22, 2026 7:34:43 AM PST"
"Jan 13, 2026 3:22:07 PM PST","25392467641","Refund","111-0466334-9905820","GDClassic01","Gear Doctors Self Inflating Camping Sleeping Pad for Camping 4.3 R Insulated Camping mats-1.5 in Must Haves Inflatable Foam air Sleep mat Self Inflati","1","amazon.com","Standard Orders","Amazon","COLLEGEVILLE","PA","19426","MarketplaceFacilitator","-29.99","-1.80","-2.99","0","0","0","0","0","2.99","0","1.80","3.60","0","0","0","-26.39","Released","Jan 13, 2026 3:22:07 PM PST"
"Jan 13, 2026 3:36:10 PM PST","25392467641","Order","112-6603447-1113015","Ether-01","Gear Doctors® Ether 17.5oz Ultralight Camping Sleeping Pad - Backpacking Air Mattress - Camping Mattress Pad - Compact Inflatable Sleeping Mat for Ba","1","amazon.com","Standard Orders","Amazon","HINESVILLE","GA","31313","MarketplaceFacilitator","33.99","2.72","0","0","0","0","0","0","0","0","-2.72","-5.10","-5.68","0","0","23.21","Released","Jan 21, 2026 3:45:57 PM PST"
"Jan 13, 2026 3:55:33 PM PST","25392467641","Order","111-0392780-2748235","GDClassic01","Gear Doctors Oxylus 4.3R-Value Insulated Foam Self Inflating Sleeping Pad Camping-Sleeping Pad Backpacking Air Mattress-Camping Mattress Self Inflatin","1","amazon.com","Standard Orders","Amazon","VERO BEACH","FL","32966","MarketplaceFacilitator","37.49","2.62","0","0","0","0","0","0","0","0","-2.62","-5.62","-8.10","0","0","23.77","Released","Jan 22, 2026 3:02:40 AM PST"
"Jan 13, 2026 4:42:49 PM PST","25392467641","Order","112-6405717-0233834","Ether-01","Gear Doctors® Ether 17.5oz Ultralight Camping Sleeping Pad - Backpacking Air Mattress - Camping Mattress Pad - Compact Inflatable Sleeping Mat for Ba","1","amazon.com","Standard Orders","Amazon","Gunnison","CO","81230","MarketplaceFacilitator","33.99","3.03","0","0","0","0","0","0","0","0","-3.03","-5.10","-5.68","0","0","23.21","Released","Jan 22, 2026 6:46:08 AM PST"
"Jan 13, 2026 4:53:07 PM PST","25392467641","Order","112-3225337-5897869","Ether-01","Gear Doctors® Ether 17.5oz Ultralight Camping Sleeping Pad - Backpacking Air Mattress - Camping Mattress Pad - Compact Inflatable Sleeping Mat for Ba","1","amazon.com","Standard Orders","Amazon","LORTON","VA","22079","MarketplaceFacilitator","33.99","2.04","2.99","0","0","0","0","0","-2.99","0","-2.04","-5.10","-5.68","0","0","23.21","Released","Jan 21, 2026 1:42:26 AM PST"
"Jan 13, 2026 4:55:27 PM PST","25392467641","Refund","111-6658627-9310617","GDClassic01","Gear Doctors Oxylus 4.3R-Value Insulated Foam Self Inflating Sleeping Pad Camping-Sleeping Pad Backpacking Air Mattress-Camping Mattress Self Inflatin","1","amazon.com","Standard Orders","Amazon","HARROGATE","TN","37752","MarketplaceFacilitator","-37.49","-3.47","0","0","0","0","0","0","0","0","3.47","4.50","0","0","0","-32.99","Released","Jan 13, 2026 4:55:27 PM PST"
"Jan 13, 2026 5:13:37 PM PST","25392467641","Order","112-8496600-5920257","Ether-01","Gear Doctors® Ether 17.5oz Ultralight Camping Sleeping Pad - Backpacking Air Mattress - Camping Mattress Pad - Compact Inflatable Sleeping Mat for Ba","1","amazon.com","Standard Orders","Amazon","LEESBURG","VA","20175","MarketplaceFacilitator","33.99","2.04","0","0","0","0","0","0","0","0","-2.04","-5.10","-5.68","0","0","23.21","Released","Jan 22, 2026 9:17:14 AM PST"
"Jan 13, 2026 5:13:42 PM PST","25392467641","Order","113-9572277-5142623","GDClassic01","Gear Doctors Oxylus 4.3R-Value Insulated Foam Self Inflating Sleeping Pad Camping-Sleeping Pad Backpacking Air Mattress-Camping Mattress Self Inflatin","1","amazon.com","Standard Orders","Amazon","LAKE WALES","FL","33853","MarketplaceFacilitator","0","0","0","0","0","0","0","0","0","0","0","0","0","0","0","0","Released","Jan 13, 2026 5:13:42 PM PST"
"Jan 13, 2026 5:28:41 PM PST","25392467641","Order","112-1250225-6320225","GDApolloAir-02","Gear Doctors ApolloAir 5.2 R-Value [25oz] Ultralight Insulated Inflatable Camping Sleeping Pad - Backpacking Sleeping Pad - Camping Mattress Compact L","1","amazon.com","Standard Orders","Amazon","SPRINGFIELD","MO","65810","MarketplaceFacilitator","89.99","3.80","0","0","0","0","0","0","0","0","-3.80","-13.50","-6.10","0","0","70.39","Released","Jan 22, 2026 7:30:12 AM PST"
"Jan 13, 2026 6:05:26 PM PST","25392467641","Order","113-3663149-6889861","Ether-01","Gear Doctors® Ether 17.5oz Ultralight Camping Sleeping Pad - Backpacking Air Mattress - Camping Mattress Pad - Compact Inflatable Sleeping Mat for Ba","1","amazon.com","Standard Orders","Amazon","HOUSTON","TX","77094","MarketplaceFacilitator","33.99","2.80","2.99","0","0","0","0","0","-2.99","0","-2.80","-5.10","-5.68","0","0","23.21","Released","Jan 21, 2026 4:00:43 AM PST"
"Jan 13, 2026 6:20:25 PM PST","25392467641","Order","113-8838311-2719431","GDClassic01","Gear Doctors Oxylus 4.3R-Value Insulated Foam Self Inflating Sleeping Pad Camping-Sleeping Pad Backpacking Air Mattress-Camping Mattress Self Inflatin","2","amazon.com","Standard Orders","Amazon","ASHLAND","MO","65010","MarketplaceFacilitator","74.98","4.48","0","0","0","0","0","0","0","0","-4.48","-11.24","-16.20","0","0","47.54","Released","Jan 23, 2026 1:18:20 AM PST"
"Jan 13, 2026 6:37:56 PM PST","25392467641","Refund","114-0035056-1832230","Ether-01","Gear Doctors® Ether 17.5oz Ultralight Camping Sleeping Pad - Backpacking Air Mattress - Camping Mattress Pad - Compact Inflatable Sleeping Mat for Ba","1","amazon.com","Standard Orders","Amazon","ROSEMOUNT","MN","55068","MarketplaceFacilitator","-33.99","-2.76","0","0","0","0","0","0","0","0","2.76","4.08","0","0","0","-29.91","Released","Jan 13, 2026 6:37:56 PM PST"
"Jan 13, 2026 7:40:42 PM PST","25392467641","Order","114-4446949-6331442","Ether-01","Gear Doctors® Ether 17.5oz Ultralight Camping Sleeping Pad - Backpacking Air Mattress - Camping Mattress Pad - Compact Inflatable Sleeping Mat for Ba","1","amazon.com","Standard Orders","Amazon","LA MESA","CA","91941","MarketplaceFacilitator","33.99","2.89","1.50","0","0","0","0","0","-1.50","0","-2.89","-5.10","-5.68","0","0","23.21","Released","Jan 21, 2026 5:28:09 AM PST"
"Jan 13, 2026 7:42:09 PM PST","25392467641","Order","112-6661129-3934624","Ether-01","Gear Doctors® Ether 17.5oz Ultralight Camping Sleeping Pad - Backpacking Air Mattress - Camping Mattress Pad - Compact Inflatable Sleeping Mat for Ba","1","amazon.com","Standard Orders","Amazon","APPLE VALLEY","CA","92307","MarketplaceFacilitator","33.99","2.97","1.00","0","0","0","0","0","-1.00","0","-2.97","-5.10","-5.68","0","0","23.21","Released","Jan 21, 2026 5:39:49 AM PST"
"Jan 13, 2026 8:05:24 PM PST","25392467641","Order","112-2937431-9290617","GDClassic01","Gear Doctors Oxylus 4.3R-Value Insulated Foam Self Inflating Sleeping Pad Camping-Sleeping Pad Backpacking Air Mattress-Camping Mattress Self Inflatin","1","amazon.com","Standard Orders","Amazon","MARILLA","NY","14102","MarketplaceFacilitator","37.49","3.28","0","0","0","0","0","0","0","0","-3.28","-5.62","-8.10","0","0","23.77","Released","Jan 21, 2026 6:21:18 PM PST"
"Jan 13, 2026 8:19:57 PM PST","25392467641","Order","114-9305926-4947427","Ether-01","Gear Doctors® Ether 17.5oz Ultralight Camping Sleeping Pad - Backpacking Air Mattress - Camping Mattress Pad - Compact Inflatable Sleeping Mat for Ba","2","amazon.com","Standard Orders","Amazon","CORPUS CHRISTI","TX","78412","MarketplaceFacilitator","67.98","5.60","0","0","0","0","0","0","0","0","-5.60","-10.20","-11.36","0","0","46.42","Released","Jan 23, 2026 3:25:19 AM PST"
"Jan 13, 2026 8:27:36 PM PST","25392467641","Order","113-8838311-2719431","GDClassic01","Gear Doctors Oxylus 4.3R-Value Insulated Foam Self Inflating Sleeping Pad Camping-Sleeping Pad Backpacking Air Mattress-Camping Mattress Self Inflatin","3","amazon.com","Standard Orders","Amazon","ASHLAND","MO","65010","MarketplaceFacilitator","112.47","6.72","0","0","0","0","0","0","0","0","-6.72","-16.86","-24.30","0","0","71.31","Released","Jan 22, 2026 7:08:31 AM PST"
"Jan 13, 2026 8:36:21 PM PST","25392467641","Refund","114-1455558-6069828","Ether-01","Gear Doctors® Ether 17.5oz Ultralight Camping Sleeping Pad - Backpacking Air Mattress - Camping Mattress Pad - Compact Inflatable Sleeping Mat for Ba","1","amazon.com","Standard Orders","Amazon","CRYSTAL RIVER","FL","34429","MarketplaceFacilitator","-33.99","-2.04","0","0","0","0","0","0","0","0","2.04","4.08","0","0","0","-29.91","Released","Jan 16, 2026 4:26:58 PM PST"
"Jan 13, 2026 9:09:20 PM PST","25392467641","Order","111-1671139-1031444","GDCampingPillowOrange","Gear Doctors 3.5oz Compact Ultralight Inflatable Camping Pillow-Inflatable Camp Pillow-Backpacking Pillows Ultralight-Camping Pillows for Sleeping, Hi","1","amazon.com","Standard Orders","Amazon","CEDARVILLE","OH","45314","MarketplaceFacilitator","14.99","1.01","3.14","0","0","0","0","0","-3.14","0","-1.01","-2.25","-4.16","0","0","8.58","Released","Jan 23, 2026 6:34:51 AM PST"
"Jan 13, 2026 9:52:42 PM PST","25392467641","Order","112-2812127-2467445","Ether-01","Gear Doctors® Ether 17.5oz Ultralight Camping Sleeping Pad - Backpacking Air Mattress - Camping Mattress Pad - Compact Inflatable Sleeping Mat for Ba","1","amazon.com","Standard Orders","Amazon","TEMPE","AZ","85283","MarketplaceFacilitator","33.99","2.75","2.99","0","0","0","0","0","-2.99","0","-2.75","-5.10","-5.68","0","0","23.21","Released","Jan 21, 2026 4:06:57 AM PST"
"Jan 13, 2026 10:06:47 PM PST","25392467641","Order","114-1039644-6757043","GDClassic01","Gear Doctors Oxylus 4.3R-Value Insulated Foam Self Inflating Sleeping Pad Camping-Sleeping Pad Backpacking Air Mattress-Camping Mattress Self Inflatin","1","amazon.com","Standard Orders","Amazon","EL LAGO","TX","77586","MarketplaceFacilitator","37.49","3.09","0","0","0","0","0","0","0","0","-3.09","-5.62","-8.10","0","0","23.77","Released","Jan 21, 2026 11:02:53 PM PST"
"Jan 13, 2026 10:13:31 PM PST","25392467641","Order","111-5761882-5430633","Ether-01","Gear Doctors® Ether 17.5oz Ultralight Camping Sleeping Pad - Backpacking Air Mattress - Camping Mattress Pad - Compact Inflatable Sleeping Mat for Ba","1","amazon.com","Standard Orders","Amazon","Roseville","CA","95747","MarketplaceFacilitator","33.99","2.63","2.99","0","0","0","0","0","-2.99","0","-2.63","-5.10","-5.68","0","0","23.21","Released","Jan 21, 2026 5:02:12 AM PST"
"Jan 13, 2026 10:31:34 PM PST","25392467641","Order","113-4800557-0225855","GDClassic01","Gear Doctors Oxylus 4.3R-Value Insulated Foam Self Inflating Sleeping Pad Camping-Sleeping Pad Backpacking Air Mattress-Camping Mattress Self Inflatin","2","amazon.com","Standard Orders","Amazon","Wylie","TX","75098","MarketplaceFacilitator","74.98","6.18","0","0","0","0","0","0","0","0","-6.18","-11.24","-16.20","0","0","47.54","Released","Jan 22, 2026 1:20:30 AM PST"
"Jan 13, 2026 10:32:33 PM PST","25392467641","Order","111-6399067-2848228","Ether-01","Gear Doctors® Ether 17.5oz Ultralight Camping Sleeping Pad - Backpacking Air Mattress - Camping Mattress Pad - Compact Inflatable Sleeping Mat for Ba","1","amazon.com","Standard Orders","Amazon","CAMERON","NC","28326","MarketplaceFacilitator","33.99","2.38","0","0","0","0","0","0","0","0","-2.38","-5.10","-5.68","0","0","23.21","Released","Jan 23, 2026 12:47:29 AM PST"
"Jan 13, 2026 10:36:52 PM PST","25392467641","Order","114-6765806-5997060","Ether-01","Gear Doctors® Ether 17.5oz Ultralight Camping Sleeping Pad - Backpacking Air Mattress - Camping Mattress Pad - Compact Inflatable Sleeping Mat for Ba","1","amazon.com","Standard Orders","Amazon","BRIDGEWATER","CT","06752","MarketplaceFacilitator","33.99","2.16","1.00","0","0","0","0","0","-1.00","0","-2.16","-5.10","-5.68","0","0","23.21","Released","Jan 21, 2026 5:01:58 AM PST"
"Jan 13, 2026 10:59:27 PM PST","25392467641","Order","114-0351155-5294619","GDCampingPillowOrange","Gear Doctors 3.5oz Compact Ultralight Inflatable Camping Pillow-Inflatable Camp Pillow-Backpacking Pillows Ultralight-Camping Pillows for Sleeping, Hi","1","amazon.com","Standard Orders","Amazon","LOS ANGELES","CA","90025","MarketplaceFacilitator","14.99","1.46","0","0","0","0","0","0","0","0","-1.46","-2.25","-4.16","0","0","8.58","Released","Jan 22, 2026 4:08:11 AM PST"
"Jan 13, 2026 11:10:30 PM PST","25392467641","Order","114-0301340-8442630","GDApolloAir01","Gear Doctors ApolloAir 5.2 R-Value [17oz] Ultralight Insulated Inflatable Camping Sleeping Pad - Backpacking Sleeping Pad - Camping Mattress Compact L","1","amazon.com","Standard Orders","Amazon","BRUSH PRAIRIE","WA","98606","MarketplaceFacilitator","76.50","5.97","2.99","0","0","0","0","0","-2.99","0","-5.97","-11.48","-5.68","0","0","59.34","Released","Jan 21, 2026 6:17:02 AM PST"
"Jan 13, 2026 11:31:06 PM PST","25392467641","Order","111-0620407-2726629","Ether-01","Gear Doctors® Ether 17.5oz Ultralight Camping Sleeping Pad - Backpacking Air Mattress - Camping Mattress Pad - Compact Inflatable Sleeping Mat for Ba","1","amazon.com","Standard Orders","Amazon","SANTA BARBARA","CA","93101","MarketplaceFacilitator","33.99","3.14","2.99","0","0","0","0","0","-2.99","0","-3.14","-5.10","-5.68","0","0","23.21","Released","Jan 22, 2026 4:07:25 AM PST"
"Jan 13, 2026 11:35:48 PM PST","25392467641","Order","114-8498997-2269019","Ether-01","Gear Doctors® Ether 17.5oz Ultralight Camping Sleeping Pad - Backpacking Air Mattress - Camping Mattress Pad - Compact Inflatable Sleeping Mat for Ba","2","amazon.com","Standard Orders","Amazon","MIAMI","FL","33175","MarketplaceFacilitator","67.98","4.76","2.99","0","0","0","0","0","-2.99","0","-4.76","-10.20","-11.36","0","0","46.42","Released","Jan 21, 2026 4:51:27 AM PST"
"Jan 13, 2026 11:42:10 PM PST","25392467641","Order","112-0295683-7601813","GDClassic01","Gear Doctors Oxylus 4.3R-Value Insulated Foam Self Inflating Sleeping Pad Camping-Sleeping Pad Backpacking Air Mattress-Camping Mattress Self Inflatin","1","amazon.com","Standard Orders","Amazon","MARLBOROUGH","MA","01752","MarketplaceFacilitator","37.49","2.34","1.50","0","0","0","0","0","-1.50","0","-2.34","-5.62","-8.10","0","0","23.77","Released","Jan 22, 2026 2:55:19 AM PST"
"Jan 13, 2026 11:58:24 PM PST","25392467641","Order","113-3179978-7267416","Ether-01","Gear Doctors® Ether 17.5oz Ultralight Camping Sleeping Pad - Backpacking Air Mattress - Camping Mattress Pad - Compact Inflatable Sleeping Mat for Ba","1","amazon.com","Standard Orders","Amazon","CAMERON","NC","28326","MarketplaceFacilitator","33.99","2.38","1.01","0.07","0","0","0","0","0","0","-2.45","-5.10","-6.69","0","0","23.21","Released","Jan 23, 2026 5:32:35 AM PST"
"Jan 14, 2026 12:20:59 AM PST","25392467641","Order","111-9543605-0935454","GDApolloAir01","Gear Doctors ApolloAir 5.2 R-Value [17oz] Ultralight Insulated Inflatable Camping Sleeping Pad - Backpacking Sleeping Pad - Camping Mattress Compact L","2","amazon.com","Standard Orders","Amazon","SANTA CLARA","CA","95054","MarketplaceFacilitator","153.00","13.96","0","0","0","0","0","0","0","0","-13.96","-22.96","-11.36","0","0","118.68","Released","Jan 22, 2026 3:35:11 AM PST"
"Jan 14, 2026 12:31:01 AM PST","25392467641","Order","111-3722081-0753014","GDClassic01","Gear Doctors Oxylus 4.3R-Value Insulated Foam Self Inflating Sleeping Pad Camping-Sleeping Pad Backpacking Air Mattress-Camping Mattress Self Inflatin","1","amazon.com","Standard Orders","Amazon","NEW OXFORD","PA","17350","MarketplaceFacilitator","37.49","2.25","0","0","0","0","0","0","0","0","-4.50","-11.24","-8.10","0","0","15.90","Released","Jan 23, 2026 12:26:55 AM PST"
"Jan 14, 2026 12:31:01 AM PST","25392467641","Order","111-3722081-0753014","GDClassic01","Gear Doctors Oxylus 4.3R-Value Insulated Foam Self Inflating Sleeping Pad Camping-Sleeping Pad Backpacking Air Mattress-Camping Mattress Self Inflatin","1","amazon.com","Standard Orders","Amazon","NEW OXFORD","PA","17350","","37.49","2.25","0","0","0","0","0","0","0","0","0","0","-8.10","0","0","31.64","Released","Jan 23, 2026 12:26:55 AM PST"
"Jan 14, 2026 12:36:17 AM PST","25392467641","Refund","113-9854901-3340212","Ether-01","Gear Doctors® Ether 17.5oz Ultralight Camping Sleeping Pad - Backpacking Air Mattress - Camping Mattress Pad - Compact Inflatable Sleeping Mat for Ba","1","amazon.com","Standard Orders","Amazon","CHESTERFIELD","MI","48051","MarketplaceFacilitator","-33.99","-2.04","-2.99","0","0","0","0","0","2.99","0","2.04","4.08","0","0","0","-29.91","Released","Jan 19, 2026 10:32:18 AM PST"
"Jan 14, 2026 12:38:06 AM PST","25392467641","Service Fee","","","Cost of Advertising","","","Standard Orders","","","","","","0","0","0","0","0","0","0","0","0","0","0","0","0","-501.61","0","-501.61","Released","Jan 14, 2026 12:38:06 AM PST"
"Jan 14, 2026 1:23:00 AM PST","25392467641","Order","111-0452434-8901013","Ether-01","Gear Doctors® Ether 17.5oz Ultralight Camping Sleeping Pad - Backpacking Air Mattress - Camping Mattress Pad - Compact Inflatable Sleeping Mat for Ba","2","amazon.com","Standard Orders","Amazon","NIWOT","CO","80503","MarketplaceFacilitator","67.98","3.62","2.99","0","0","0","0","0","-2.99","0","-3.62","-10.20","-11.36","0","0","46.42","Released","Jan 21, 2026 6:53:10 AM PST"
"Jan 14, 2026 1:39:35 AM PST","25392467641","Order","112-6385830-5762610","Ether-01","Gear Doctors® Ether 17.5oz Ultralight Camping Sleeping Pad - Backpacking Air Mattress - Camping Mattress Pad - Compact Inflatable Sleeping Mat for Ba","1","amazon.com","Standard Orders","Amazon","LA JOLLA","CA","92037","MarketplaceFacilitator","33.99","2.63","0","0","0","0","0","0","0","0","-2.63","-5.10","-5.68","0","0","23.21","Released","Jan 22, 2026 5:32:04 AM PST"
"Jan 14, 2026 1:46:16 AM PST","25392467641","Order","111-9216210-2883446","Ether-01","Gear Doctors® Ether 17.5oz Ultralight Camping Sleeping Pad - Backpacking Air Mattress - Camping Mattress Pad - Compact Inflatable Sleeping Mat for Ba","1","amazon.com","Standard Orders","Amazon","BENSON","NC","27504","MarketplaceFacilitator","33.99","2.29","0","0","0","0","0","0","0","0","-2.29","-5.10","-5.68","0","0","23.21","Released","Jan 22, 2026 11:06:02 PM PST"
"Jan 14, 2026 1:54:43 AM PST","25392467641","Order","111-4611354-3900213","GDClassic01","Gear Doctors Oxylus 4.3R-Value Insulated Foam Self Inflating Sleeping Pad Camping-Sleeping Pad Backpacking Air Mattress-Camping Mattress Self Inflatin","1","amazon.com","Standard Orders","Amazon","HADDONFIELD","NJ","08033","MarketplaceFacilitator","37.49","2.48","0","0","0","0","0","0","0","0","-2.48","-5.62","-8.10","0","0","23.77","Released","Jan 22, 2026 10:19:04 PM PST"
"Jan 14, 2026 2:10:27 AM PST","25392467641","Order","113-9943573-5945816","Ether-01","Gear Doctors® Ether 17.5oz Ultralight Camping Sleeping Pad - Backpacking Air Mattress - Camping Mattress Pad - Compact Inflatable Sleeping Mat for Ba","1","amazon.com","Standard Orders","Amazon","BOUNTIFUL","UT","84010","MarketplaceFacilitator","33.99","2.46","1.49","0","0","0","0","0","-1.49","0","-4.92","-10.20","-5.68","0","0","15.65","Released","Jan 21, 2026 7:41:22 AM PST"
"Jan 14, 2026 2:10:27 AM PST","25392467641","Order","113-9943573-5945816","Ether-01","Gear Doctors® Ether 17.5oz Ultralight Camping Sleeping Pad - Backpacking Air Mattress - Camping Mattress Pad - Compact Inflatable Sleeping Mat for Ba","1","amazon.com","Standard Orders","Amazon","BOUNTIFUL","UT","84010","","33.99","2.46","1.50","0","0","0","0","0","-1.50","0","0","0","-5.68","0","0","30.77","Released","Jan 21, 2026 7:41:22 AM PST"
"Jan 14, 2026 2:28:54 AM PST","25392467641","Order","111-8112774-7901805","GDCampingPillowBlue","Gear Doctors 3.5oz Compact Ultralight Inflatable Camping Pillow -Inflatable Camp Pillow -Backpacking Pillows Ultralight-Camping Pillows for Sleeping,","1","amazon.com","Standard Orders","Amazon","VIRGINIA BEACH","VA","23455","MarketplaceFacilitator","14.99","0.90","0","0","0","0","0","0","0","0","-0.90","-2.25","-4.16","0","0","8.58","Released","Jan 23, 2026 6:50:22 AM PST"
"Jan 14, 2026 3:09:41 AM PST","25392467641","Adjustment","111-9457550-2160218","GDClassic01","FBA Inventory Reimbursement - Customer Return","1","","Standard Orders","","","","","","0","0","0","0","0","0","0","0","0","0","0","0","0","0","20.58","20.58","Released","Jan 14, 2026 3:09:41 AM PST"
"Jan 14, 2026 3:10:31 AM PST","25392467641","Order","113-0479235-6389801","GDClassic01","Gear Doctors Oxylus 4.3R-Value Insulated Foam Self Inflating Sleeping Pad Camping-Sleeping Pad Backpacking Air Mattress-Camping Mattress Self Inflatin","2","amazon.com","Standard Orders","Amazon","CANON CITY","CO","81212","MarketplaceFacilitator","74.98","6.52","0","0","0","0","0","0","0","0","-6.52","-11.24","-16.20","0","0","47.54","Released","Jan 22, 2026 3:40:44 AM PST"
"Jan 14, 2026 3:13:35 AM PST","25392467641","Order","111-4068654-7333023","Ether-01","Gear Doctors® Ether 17.5oz Ultralight Camping Sleeping Pad - Backpacking Air Mattress - Camping Mattress Pad - Compact Inflatable Sleeping Mat for Ba","2","amazon.com","Standard Orders","Amazon","SLOCOMB","AL","36375","MarketplaceFacilitator","67.98","5.44","0","0","0","0","0","0","0","0","-5.44","-10.20","-11.36","0","0","46.42","Released","Jan 23, 2026 2:27:21 AM PST"
"Jan 14, 2026 3:36:11 AM PST","25392467641","Order","112-0086660-4204257","Ether-01","Gear Doctors® Ether 17.5oz Ultralight Camping Sleeping Pad - Backpacking Air Mattress - Camping Mattress Pad - Compact Inflatable Sleeping Mat for Ba","1","amazon.com","Standard Orders","Amazon","WALNUT CREEK","CA","94598","MarketplaceFacilitator","33.99","3.14","1.00","0","0","0","0","0","-1.00","0","-3.14","-5.10","-5.68","0","0","23.21","Released","Jan 21, 2026 7:24:41 AM PST"
"Jan 14, 2026 3:42:53 AM PST","25392467641","Order","113-8212531-9905800","GDClassic01","Gear Doctors Oxylus 4.3R-Value Insulated Foam Self Inflating Sleeping Pad Camping-Sleeping Pad Backpacking Air Mattress-Camping Mattress Self Inflatin","1","amazon.com","Standard Orders","Amazon","SPANAWAY","WA","98387","MarketplaceFacilitator","37.49","3.56","0","0","0","0","0","0","0","0","-3.56","-5.62","-8.10","0","0","23.77","Released","Jan 22, 2026 4:49:40 AM PST"
"Jan 14, 2026 4:56:08 AM PST","25392467641","Order","112-2512469-2182659","Ether-01","Gear Doctors® Ether 17.5oz Ultralight Camping Sleeping Pad - Backpacking Air Mattress - Camping Mattress Pad - Compact Inflatable Sleeping Mat for Ba","1","amazon.com","Standard Orders","Amazon","OXNARD","CA","93036","MarketplaceFacilitator","33.99","2.83","0","0","0","0","0","0","-3.40","0","-2.83","-4.59","-5.68","0","0","20.32","Released","Jan 22, 2026 7:10:17 AM PST"
"Jan 14, 2026 5:09:34 AM PST","25392467641","Order","112-6354160-3374644","Ether-01","Gear Doctors® Ether 17.5oz Ultralight Camping Sleeping Pad - Backpacking Air Mattress - Camping Mattress Pad - Compact Inflatable Sleeping Mat for Ba","1","amazon.com","Standard Orders","Amazon","SAN JOSE","CA","95130","MarketplaceFacilitator","33.99","3.19","2.99","0","0","0","0","0","-2.99","0","-3.19","-5.10","-5.68","0","0","23.21","Released","Jan 21, 2026 7:50:00 AM PST"
"Jan 14, 2026 5:24:07 AM PST","25392467641","Order","112-2862585-2808245","Ether-01","Gear Doctors® Ether 17.5oz Ultralight Camping Sleeping Pad - Backpacking Air Mattress - Camping Mattress Pad - Compact Inflatable Sleeping Mat for Ba","1","amazon.com","Standard Orders","Amazon","Sierra Vista","AZ","85650","MarketplaceFacilitator","33.99","2.74","0","0","0","0","0","0","0","0","-2.74","-5.10","-5.68","0","0","23.21","Released","Jan 23, 2026 4:02:24 AM PST"
"Jan 14, 2026 6:09:27 AM PST","25495925401","Order","111-2617998-0649035","GDApolloAir01","Gear Doctors ApolloAir 5.2 R-Value [17oz] Ultralight Insulated Inflatable Camping Sleeping Pad - Backpacking Sleeping Pad - Camping Mattress Compact L","1","amazon.com","Standard Orders","Amazon","Hong Kong","Hong Kong","","","76.50","0","3.28","0","0","0","0","0","-3.28","0","0","-11.48","-5.68","0","0","59.34","Released","Jan 28, 2026 8:23:38 PM PST"
"Jan 14, 2026 6:29:56 AM PST","25392467641","Order","111-4432654-2990608","GDClassic01","Gear Doctors Oxylus 4.3R-Value Insulated Foam Self Inflating Sleeping Pad Camping-Sleeping Pad Backpacking Air Mattress-Camping Mattress Self Inflatin","1","amazon.com","Standard Orders","Amazon","SANTA ROSA","CA","95404","MarketplaceFacilitator","37.49","3.75","0","0","0","0","0","0","0","0","-3.75","-5.62","-8.10","0","0","23.77","Released","Jan 21, 2026 11:39:56 PM PST"
"Jan 14, 2026 7:13:30 AM PST","25392467641","Order","114-5914257-3354634","GDApolloAir01","Gear Doctors ApolloAir 5.2 R-Value [17oz] Ultralight Insulated Inflatable Camping Sleeping Pad - Backpacking Sleeping Pad - Camping Mattress Compact L","2","amazon.com","Standard Orders","Amazon","SWEETWATER","FL","33172","MarketplaceFacilitator","153.00","0","0","0","0","0","0","0","0","0","0","-22.96","-11.36","0","0","118.68","Released","Jan 22, 2026 8:23:52 AM PST"
"Jan 14, 2026 7:23:08 AM PST","25392467641","Order","114-1530488-0451439","GDClassic01","Gear Doctors Oxylus 4.3R-Value Insulated Foam Self Inflating Sleeping Pad Camping-Sleeping Pad Backpacking Air Mattress-Camping Mattress Self Inflatin","1","amazon.com","Standard Orders","Amazon","YORBA LINDA","CA","92886","MarketplaceFacilitator","37.49","2.91","0","0","0","0","0","0","0","0","-2.91","-5.62","-8.10","0","0","23.77","Released","Jan 22, 2026 1:58:19 AM PST"
"Jan 14, 2026 7:58:43 AM PST","25392467641","Order","112-0734014-5593019","GDApolloAir-02","Gear Doctors ApolloAir 5.2 R-Value [25oz] Ultralight Insulated Inflatable Camping Sleeping Pad - Backpacking Sleeping Pad - Camping Mattress Compact L","1","amazon.com","Standard Orders","Amazon","FAY","OK","73646","MarketplaceFacilitator","89.99","0","0","0","0","0","0","0","0","0","0","-13.50","-6.10","0","0","70.39","Released","Jan 23, 2026 12:26:00 AM PST"
"Jan 14, 2026 8:06:17 AM PST","25392467641","Order","114-8342791-1057019","GDCampingPillowBlue","Gear Doctors 3.5oz Compact Ultralight Inflatable Camping Pillow -Inflatable Camp Pillow -Backpacking Pillows Ultralight-Camping Pillows for Sleeping,","1","amazon.com","Standard Orders","Amazon","NEWPORT NEWS","VA","23606","MarketplaceFacilitator","14.99","0.90","0.17","0","0","0","0","0","-0.17","0","-0.90","-2.25","-4.16","0","0","8.58","Released","Jan 23, 2026 7:50:02 AM PST"
"Jan 14, 2026 8:44:29 AM PST","25392467641","Order","114-5703760-9625046","GDCampingPillowBlue","Gear Doctors 3.5oz Compact Ultralight Inflatable Camping Pillow -Inflatable Camp Pillow -Backpacking Pillows Ultralight-Camping Pillows for Sleeping,","1","amazon.com","Standard Orders","Amazon","SAN RAFAEL","CA","94901","MarketplaceFacilitator","14.99","1.39","0","0","0","0","0","0","0","0","-1.39","-2.25","-4.16","0","0","8.58","Released","Jan 22, 2026 10:53:41 PM PST"
"Jan 14, 2026 9:21:35 AM PST","25392467641","Order","111-9240256-4165068","GDClassic01","Gear Doctors Oxylus 4.3R-Value Insulated Foam Self Inflating Sleeping Pad Camping-Sleeping Pad Backpacking Air Mattress-Camping Mattress Self Inflatin","1","amazon.com","Standard Orders","Amazon","BRENTWOOD","NY","11717","MarketplaceFacilitator","37.49","3.28","1.50","0","0","0","0","0","-1.50","0","-3.28","-5.62","-8.10","0","0","23.77","Released","Jan 22, 2026 4:10:10 AM PST"
"Jan 14, 2026 9:45:31 AM PST","25392467641","Refund","112-7683601-4353025","GDClassic01","Gear Doctors Oxylus 4.3R-Value Insulated Foam Self Inflating Sleeping Pad Camping-Sleeping Pad Backpacking Air Mattress-Camping Mattress Self Inflatin","1","amazon.com","Standard Orders","Amazon","SANFORD","FL","32771","MarketplaceFacilitator","-37.49","-2.62","0","0","0","0","0","0","0","0","2.62","4.50","0","0","0","-32.99","Released","Jan 17, 2026 7:15:24 PM PST"
"Jan 14, 2026 9:46:54 AM PST","25392467641","Refund","112-3814320-8698636","Ether-01","Gear Doctors® Ether 17.5oz Ultralight Camping Sleeping Pad - Backpacking Air Mattress - Camping Mattress Pad - Compact Inflatable Sleeping Mat for Ba","1","amazon.com","Standard Orders","Amazon","SANFORD","FL","32771","MarketplaceFacilitator","-33.99","-2.38","-0.43","0","0","0","0","0","0.43","0","2.38","4.08","0","0","0","-29.91","Released","Jan 17, 2026 5:03:50 AM PST"
"Jan 14, 2026 9:57:50 AM PST","25392467641","Order","113-6995278-1993000","Ether-01","Gear Doctors® Ether 17.5oz Ultralight Camping Sleeping Pad - Backpacking Air Mattress - Camping Mattress Pad - Compact Inflatable Sleeping Mat for Ba","1","amazon.com","Standard Orders","Amazon","PHOENIX","AZ","85027","MarketplaceFacilitator","33.99","3.09","2.99","0","0","0","0","0","-2.99","0","-3.09","-5.10","-5.68","0","0","23.21","Released","Jan 22, 2026 1:09:08 AM PST"
"Jan 14, 2026 10:28:05 AM PST","25392467641","Order","111-7495990-4185826","Ether-01","Gear Doctors® Ether 17.5oz Ultralight Camping Sleeping Pad - Backpacking Air Mattress - Camping Mattress Pad - Compact Inflatable Sleeping Mat for Ba","1","amazon.com","Standard Orders","Amazon","SANTA BARBARA","CA","93105","MarketplaceFacilitator","33.99","3.14","0","0","0","0","0","0","0","0","-3.14","-5.10","-5.68","0","0","23.21","Released","Jan 22, 2026 4:20:21 PM PST"
"Jan 14, 2026 10:57:00 AM PST","25392467641","Order","113-2333835-6665051","Ether-01","Gear Doctors® Ether 17.5oz Ultralight Camping Sleeping Pad - Backpacking Air Mattress - Camping Mattress Pad - Compact Inflatable Sleeping Mat for Ba","1","amazon.com","Standard Orders","Amazon","NEWNAN","GA","30265","MarketplaceFacilitator","33.99","2.72","0","0","0","0","0","0","0","0","-10.88","-20.40","-5.68","0","0","-0.25","Released","Jan 23, 2026 3:58:35 AM PST"
"Jan 14, 2026 10:57:00 AM PST","25392467641","Order","113-2333835-6665051","Ether-01","Gear Doctors® Ether 17.5oz Ultralight Camping Sleeping Pad - Backpacking Air Mattress - Camping Mattress Pad - Compact Inflatable Sleeping Mat for Ba","3","amazon.com","Standard Orders","Amazon","NEWNAN","GA","30265","","101.97","8.16","0","0","0","0","0","0","0","0","0","0","-17.04","0","0","93.09","Released","Jan 23, 2026 3:58:35 AM PST"
"Jan 14, 2026 11:18:58 AM PST","25392467641","Order","113-1744370-0805865","Ether-01","Gear Doctors® Ether 17.5oz Ultralight Camping Sleeping Pad - Backpacking Air Mattress - Camping Mattress Pad - Compact Inflatable Sleeping Mat for Ba","1","amazon.com","Standard Orders","Amazon","TAMPA","FL","33611","MarketplaceFacilitator","33.99","2.55","0","0","0","0","0","0","0","0","-2.55","-5.10","-5.68","0","0","23.21","Released","Jan 23, 2026 3:16:44 AM PST"
"Jan 14, 2026 11:46:04 AM PST","25392467641","Order","112-1861634-6177020","Ether-01","Gear Doctors® Ether 17.5oz Ultralight Camping Sleeping Pad - Backpacking Air Mattress - Camping Mattress Pad - Compact Inflatable Sleeping Mat for Ba","1","amazon.com","Standard Orders","Amazon","NORTHLAKE","TX","76226","MarketplaceFacilitator","33.99","2.80","0","0","0","0","0","0","0","0","-2.80","-5.10","-5.68","0","0","23.21","Released","Jan 23, 2026 6:32:44 AM PST"
"Jan 14, 2026 11:51:42 AM PST","25392467641","Order","112-6610053-8244236","Ether-01","Gear Doctors® Ether 17.5oz Ultralight Camping Sleeping Pad - Backpacking Air Mattress - Camping Mattress Pad - Compact Inflatable Sleeping Mat for Ba","3","amazon.com","Standard Orders","Amazon","PALM BEACH GARDENS","FL","33410","MarketplaceFacilitator","101.97","6.63","0","0","0","0","0","0","0","0","-6.63","-15.30","-17.04","0","0","69.63","Released","Jan 22, 2026 11:15:31 PM PST"
"Jan 14, 2026 12:19:35 PM PST","25392467641","Order","114-4572810-1707466","GDCampingPillowBlue","Gear Doctors 3.5oz Compact Ultralight Inflatable Camping Pillow -Inflatable Camp Pillow -Backpacking Pillows Ultralight-Camping Pillows for Sleeping,","1","amazon.com","Standard Orders","Amazon","ENNIS","MT","59729","","14.99","0","0","0","0","0","0","0","0","0","0","-2.25","-4.16","0","0","8.58","Released","Jan 23, 2026 1:33:51 PM PST"
"Jan 14, 2026 12:33:13 PM PST","25392467641","Order","114-0757802-9566610","GDApolloAir01","Gear Doctors ApolloAir 5.2 R-Value [17oz] Ultralight Insulated Inflatable Camping Sleeping Pad - Backpacking Sleeping Pad - Camping Mattress Compact L","1","amazon.com","Standard Orders","Amazon","AUSTIN","TX","78753","MarketplaceFacilitator","76.50","6.31","0","0","0","0","0","0","0","0","-6.31","-11.48","-5.68","0","0","59.34","Released","Jan 22, 2026 5:24:48 AM PST"
"Jan 14, 2026 12:48:16 PM PST","25392467641","Order","111-9003274-2633023","Ether-01","Gear Doctors® Ether 17.5oz Ultralight Camping Sleeping Pad - Backpacking Air Mattress - Camping Mattress Pad - Compact Inflatable Sleeping Mat for Ba","1","amazon.com","Standard Orders","Amazon","SUGAR LAND","TX","77498","MarketplaceFacilitator","33.99","2.80","0","0","0","0","0","0","0","0","-2.80","-5.10","-5.68","0","0","23.21","Released","Jan 22, 2026 11:52:38 PM PST"
"Jan 14, 2026 12:52:01 PM PST","25392467641","Order","113-4373548-7883430","Ether-01","Gear Doctors® Ether 17.5oz Ultralight Camping Sleeping Pad - Backpacking Air Mattress - Camping Mattress Pad - Compact Inflatable Sleeping Mat for Ba","1","amazon.com","Standard Orders","Amazon","LUDOWICI","GA","31316","MarketplaceFacilitator","33.99","3.06","0","0","0","0","0","0","0","0","-3.06","-5.10","-5.68","0","0","23.21","Released","Jan 22, 2026 10:24:03 PM PST"
"Jan 14, 2026 1:19:58 PM PST","25392467641","Order","112-2206580-3836253","Ether-01","Gear Doctors® Ether 17.5oz Ultralight Camping Sleeping Pad - Backpacking Air Mattress - Camping Mattress Pad - Compact Inflatable Sleeping Mat for Ba","1","amazon.com","Standard Orders","Amazon","EDMOND","OK","73013","MarketplaceFacilitator","33.99","2.93","2.99","0","0","0","0","0","-2.99","0","-2.93","-5.10","-5.68","0","0","23.21","Released","Jan 21, 2026 11:55:20 PM PST"
"Jan 14, 2026 1:26:02 PM PST","25392467641","Order","114-0399928-5600224","GDClassic01","Gear Doctors Oxylus 4.3R-Value Insulated Foam Self Inflating Sleeping Pad Camping-Sleeping Pad Backpacking Air Mattress-Camping Mattress Self Inflatin","1","amazon.com","Standard Orders","Amazon","FORT JOHNSON","LA","71459","MarketplaceFacilitator","37.49","3.94","0","0","0","0","0","0","0","0","-3.94","-5.62","-8.10","0","0","23.77","Released","Jan 22, 2026 8:01:35 AM PST"
"Jan 14, 2026 1:34:46 PM PST","25495925401","Order","111-0978527-9336214","GDApolloAir01","Gear Doctors ApolloAir 5.2 R-Value [17oz] Ultralight Insulated Inflatable Camping Sleeping Pad - Backpacking Sleeping Pad - Camping Mattress Compact L","1","amazon.com","Standard Orders","Amazon","KINGWOOD","TX","77345","MarketplaceFacilitator","76.50","6.31","0","0","0","0","0","0","0","0","-6.31","-11.48","-5.68","0","0","59.34","Released","Jan 24, 2026 1:21:18 AM PST"
"Jan 14, 2026 1:42:47 PM PST","25392467641","Order","113-1102969-0252236","GDClassic01","Gear Doctors Oxylus 4.3R-Value Insulated Foam Self Inflating Sleeping Pad Camping-Sleeping Pad Backpacking Air Mattress-Camping Mattress Self Inflatin","1","amazon.com","Standard Orders","Amazon","SMITHTOWN","NY","11787","MarketplaceFacilitator","37.49","3.28","0","0","0","0","0","0","0","0","-3.28","-5.62","-8.10","0","0","23.77","Released","Jan 23, 2026 2:45:25 PM PST"
"Jan 14, 2026 1:50:56 PM PST","25392467641","Adjustment","114-8284180-3089043","Ether-01","FBA Inventory Reimbursement - Customer Return","1","","Standard Orders","","","","","","0","0","0","0","0","0","0","0","0","0","0","0","0","0","19.81","19.81","Released","Jan 14, 2026 1:50:56 PM PST"
"Jan 14, 2026 2:07:10 PM PST","25392467641","Order","112-3618263-3029002","GDCampingPillowTeal","Gear Doctors 3.5oz Compact Ultralight Inflatable Camping Pillow -Inflatable Camp Pillow -Backpacking Pillows Ultralight-Camping Pillows for Sleeping,","1","amazon.com","Standard Orders","Amazon","TUSTIN","CA","92780","MarketplaceFacilitator","14.99","1.16","0","0","0","0","0","0","0","0","-1.16","-2.25","-4.16","0","0","8.58","Released","Jan 23, 2026 4:16:59 AM PST"
"Jan 14, 2026 2:20:11 PM PST","25392467641","Refund","112-6649571-7593838","Ether-01","Gear Doctors® Ether 17.5oz Ultralight Camping Sleeping Pad - Backpacking Air Mattress - Camping Mattress Pad - Compact Inflatable Sleeping Mat for Ba","1","amazon.com","Standard Orders","Amazon","LYNDEN","WA","98264","MarketplaceFacilitator","-33.99","-2.99","0","0","0","0","0","0","0","0","2.99","4.08","0","0","0","-29.91","Released","Jan 14, 2026 2:20:11 PM PST"
"Jan 14, 2026 2:20:56 PM PST","25392467641","Refund","111-7954638-7220218","GDApolloAir01","Gear Doctors ApolloAir 5.2 R-Value [17oz] Ultralight Insulated Inflatable Camping Sleeping Pad - Backpacking Sleeping Pad - Camping Mattress Compact L","1","amazon.com","Standard Orders","Amazon","St. Ann","MO","63074","MarketplaceFacilitator","-80.74","-3.41","-2.33","0","0","0","0","0","2.33","0","3.41","9.69","0","0","0","-71.05","Released","Jan 14, 2026 2:20:56 PM PST"
"Jan 14, 2026 2:52:33 PM PST","25392467641","Order","114-1921859-1315443","Ether-01","Gear Doctors® Ether 17.5oz Ultralight Camping Sleeping Pad - Backpacking Air Mattress - Camping Mattress Pad - Compact Inflatable Sleeping Mat for Ba","1","amazon.com","Standard Orders","Amazon","WATSONVILLE","CA","95076","MarketplaceFacilitator","33.99","3.31","0","0","0","0","0","0","0","0","-3.31","-5.10","-5.68","0","0","23.21","Released","Jan 22, 2026 11:56:34 PM PST"
"Jan 14, 2026 3:30:31 PM PST","25392467641","Adjustment","114-1050093-7489063","Ether-01","FBA Inventory Reimbursement - Customer Return","1","","Standard Orders","","","","","","0","0","0","0","0","0","0","0","0","0","0","0","0","0","19.81","19.81","Released","Jan 14, 2026 3:30:31 PM PST"
"Jan 14, 2026 3:37:12 PM PST","25392467641","Refund","114-5921870-1186607","Ether-01","Gear Doctors® Ether 17.5oz Ultralight Camping Sleeping Pad - Backpacking Air Mattress - Camping Mattress Pad - Compact Inflatable Sleeping Mat for Ba","1","amazon.com","Standard Orders","Amazon","FAIRHAVEN","MA","02719","MarketplaceFacilitator","-23.79","-1.49","0","0","0","0","0","0","0","0","1.49","2.86","0","0","0","-20.93","Released","Jan 14, 2026 3:37:12 PM PST"
"Jan 14, 2026 3:44:44 PM PST","25392467641","Order","111-5060939-2874662","GDClassic01","Gear Doctors Oxylus 4.3R-Value Insulated Foam Self Inflating Sleeping Pad Camping-Sleeping Pad Backpacking Air Mattress-Camping Mattress Self Inflatin","1","amazon.com","Standard Orders","Amazon","INGALLS","IN","46048","MarketplaceFacilitator","37.49","2.62","0","0","0","0","0","0","0","0","-2.62","-5.62","-8.10","0","0","23.77","Released","Jan 22, 2026 10:58:52 PM PST"
"Jan 14, 2026 3:50:18 PM PST","25392467641","Order","112-8007989-1928267","GDApolloAir-02","Gear Doctors ApolloAir 5.2 R-Value [25oz] Ultralight Insulated Inflatable Camping Sleeping Pad - Backpacking Sleeping Pad - Camping Mattress Compact L","1","amazon.com","Standard Orders","Amazon","Toms River","NJ","08755","MarketplaceFacilitator","89.99","5.37","0","0","0","0","0","0","-9.00","0","-5.37","-12.15","-6.10","0","0","62.74","Released","Jan 23, 2026 7:12:34 AM PST"
"Jan 14, 2026 3:52:57 PM PST","25392467641","Order","112-5861697-3465858","GDClassic01","Gear Doctors Oxylus 4.3R-Value Insulated Foam Self Inflating Sleeping Pad Camping-Sleeping Pad Backpacking Air Mattress-Camping Mattress Self Inflatin","1","amazon.com","Standard Orders","Amazon","BIRD ISLAND","MN","55310","MarketplaceFacilitator","37.49","2.76","0","0","0","0","0","0","0","0","-2.76","-5.62","-8.10","0","0","23.77","Released","Jan 23, 2026 6:31:04 AM PST"
"Jan 14, 2026 3:53:17 PM PST","25392467641","Order","114-7086954-7170634","GDClassic01","Gear Doctors Oxylus 4.3R-Value Insulated Foam Self Inflating Sleeping Pad Camping-Sleeping Pad Backpacking Air Mattress-Camping Mattress Self Inflatin","1","amazon.com","Standard Orders","Amazon","JUPITER","FL","33478","MarketplaceFacilitator","37.49","2.44","0","0","0","0","0","0","0","0","-2.44","-5.62","-8.10","0","0","23.77","Released","Jan 23, 2026 3:30:48 AM PST"
"Jan 14, 2026 5:08:44 PM PST","25392467641","Order","S01-7741077-1562037","GDApolloAir01","Gear Doctors ApolloAir 5.2 R-Value [17oz] Ultralight Insulated Inflatable Camping Sleeping Pad — Backpacking Sleeping Pad — Camping Mattress Compact Lightweight for Hiking—Air Mattress for Backpacking","1","sim1.stores.amazon.com","Standard Orders","Amazon","Little Neck","NY","11362","","0","0","0","0","0","0","0","0","0","0","0","0","-10.60","0","0","-10.60","Released","Jan 14, 2026 5:08:44 PM PST"
"Jan 14, 2026 5:15:45 PM PST","25392467641","Order","114-7086954-7170634","GDClassic01","Gear Doctors Oxylus 4.3R-Value Insulated Foam Self Inflating Sleeping Pad Camping-Sleeping Pad Backpacking Air Mattress-Camping Mattress Self Inflatin","2","amazon.com","Standard Orders","Amazon","JUPITER","FL","33478","MarketplaceFacilitator","74.98","4.88","0","0","0","0","0","0","0","0","-4.88","-11.24","-16.20","0","0","47.54","Released","Jan 23, 2026 9:47:32 AM PST"
"Jan 14, 2026 5:17:23 PM PST","25495925401","Refund","111-2617998-0649035","GDApolloAir01","Gear Doctors ApolloAir 5.2 R-Value [17oz] Ultralight Insulated Inflatable Camping Sleeping Pad - Backpacking Sleeping Pad - Camping Mattress Compact L","1","amazon.com","Standard Orders","Amazon","Hong Kong","Hong Kong","","","-76.50","0","-3.28","0","0","0","0","0","3.28","0","0","9.18","0","0","0","-67.32","Released","Jan 29, 2026 5:41:07 PM PST"
"Jan 14, 2026 5:26:27 PM PST","25392467641","Order","112-7042543-3710647","Ether-01","Gear Doctors® Ether 17.5oz Ultralight Camping Sleeping Pad - Backpacking Air Mattress - Camping Mattress Pad - Compact Inflatable Sleeping Mat for Ba","1","amazon.com","Standard Orders","Amazon","Renton","WA","98059","MarketplaceFacilitator","33.99","3.57","2.99","0","0","0","0","0","-2.99","0","-3.57","-5.10","-5.68","0","0","23.21","Released","Jan 22, 2026 10:06:48 AM PST"
"Jan 14, 2026 5:35:57 PM PST","25392467641","Order","112-3618263-3029002","GDCampingPillowOrange","Gear Doctors 3.5oz Compact Ultralight Inflatable Camping Pillow-Inflatable Camp Pillow-Backpacking Pillows Ultralight-Camping Pillows for Sleeping, Hi","1","amazon.com","Standard Orders","Amazon","TUSTIN","CA","92780","MarketplaceFacilitator","14.99","1.16","0","0","0","0","0","0","0","0","-1.16","-2.25","-4.16","0","0","8.58","Released","Jan 23, 2026 5:23:24 AM PST"
"Jan 14, 2026 5:43:02 PM PST","25392467641","Order","111-3920096-0048247","Ether-01","Gear Doctors® Ether 17.5oz Ultralight Camping Sleeping Pad - Backpacking Air Mattress - Camping Mattress Pad - Compact Inflatable Sleeping Mat for Ba","1","amazon.com","Standard Orders","Amazon","Seattle","Wa","98144","MarketplaceFacilitator","33.99","3.59","0.75","0","0","0","0","0","-0.75","0","-3.59","-5.10","-5.68","0","0","23.21","Released","Jan 22, 2026 4:39:55 AM PST"
"Jan 14, 2026 5:58:10 PM PST","25392467641","Order","114-5933368-9645834","GDApolloAir-02","Gear Doctors ApolloAir 5.2 R-Value [25oz] Ultralight Insulated Inflatable Camping Sleeping Pad - Backpacking Sleeping Pad - Camping Mattress Compact L","1","amazon.com","Standard Orders","Amazon","GAITHERSBURG","MD","20879","MarketplaceFacilitator","89.99","5.40","0","0","0","0","0","0","0","0","-5.40","-13.50","-6.10","0","0","70.39","Released","Jan 23, 2026 1:05:49 AM PST"
"Jan 14, 2026 5:58:26 PM PST","25495925401","Order","112-6096202-2309861","GDClassic01","Gear Doctors Oxylus 4.3R-Value Insulated Foam Self Inflating Sleeping Pad Camping-Sleeping Pad Backpacking Air Mattress-Camping Mattress Self Inflatin","1","amazon.com","Standard Orders","Amazon","COLVILLE","WA","99114","MarketplaceFacilitator","37.49","3.00","6.67","0.53","0","0","0","0","0","0","-3.53","-5.62","-14.77","0","0","23.77","Released","Jan 27, 2026 3:47:30 PM PST"
"Jan 14, 2026 6:11:57 PM PST","25495925401","Order","111-1874555-8466667","Ether-01","Gear Doctors® Ether 17.5oz Ultralight Camping Sleeping Pad - Backpacking Air Mattress - Camping Mattress Pad - Compact Inflatable Sleeping Mat for Ba","1","amazon.com","Standard Orders","Amazon","FREEPORT","IL","61032","MarketplaceFacilitator","33.99","3.06","0","0","0","0","0","0","0","0","-3.06","-5.10","-5.68","0","0","23.21","Released","Jan 24, 2026 3:07:36 AM PST"
"Jan 14, 2026 6:12:54 PM PST","25392467641","Order","112-5456977-3101865","Ether-01","Gear Doctors® Ether 17.5oz Ultralight Camping Sleeping Pad - Backpacking Air Mattress - Camping Mattress Pad - Compact Inflatable Sleeping Mat for Ba","1","amazon.com","Standard Orders","Amazon","URBANA","IL","61802","MarketplaceFacilitator","33.99","3.06","0","0","0","0","0","0","0","0","-3.06","-5.10","-5.68","0","0","23.21","Released","Jan 23, 2026 4:15:55 PM PST"
"Jan 14, 2026 6:14:57 PM PST","25495925401","Order","114-2539026-3994630","Ether-01","Gear Doctors® Ether 17.5oz Ultralight Camping Sleeping Pad - Backpacking Air Mattress - Camping Mattress Pad - Compact Inflatable Sleeping Mat for Ba","1","amazon.com","Standard Orders","Amazon","JBER","AK","99505","MarketplaceFacilitator","33.99","0","0","0","0","0","0","0","0","0","0","-5.10","-5.68","0","0","23.21","Released","Jan 24, 2026 7:00:19 AM PST"
"Jan 14, 2026 6:25:03 PM PST","25392467641","Refund","112-8325118-6073845","GDClassic01","Gear Doctors Oxylus 4.3R-Value Insulated Foam Self Inflating Sleeping Pad Camping-Sleeping Pad Backpacking Air Mattress-Camping Mattress Self Inflatin","1","amazon.com","Standard Orders","Amazon","FORT COLLINS","CO","80525","MarketplaceFacilitator","-37.49","-3.02","-2.99","0","0","0","0","0","2.99","0","3.02","4.50","0","0","0","-32.99","Released","Jan 14, 2026 6:25:03 PM PST"
"Jan 14, 2026 6:27:36 PM PST","25392467641","Order","113-5038637-0107425","GDApolloAir01","Gear Doctors ApolloAir 5.2 R-Value [17oz] Ultralight Insulated Inflatable Camping Sleeping Pad - Backpacking Sleeping Pad - Camping Mattress Compact L","2","amazon.com","Standard Orders","Amazon","HOUSTON","TX","77094","MarketplaceFacilitator","153.00","12.62","2.99","0","0","0","0","0","-2.99","0","-12.62","-22.96","-11.36","0","0","118.68","Released","Jan 22, 2026 7:04:44 AM PST"
"Jan 14, 2026 6:35:57 PM PST","25392467641","Order","111-4564083-7698629","Ether-01","Gear Doctors® Ether 17.5oz Ultralight Camping Sleeping Pad - Backpacking Air Mattress - Camping Mattress Pad - Compact Inflatable Sleeping Mat for Ba","1","amazon.com","Standard Orders","Amazon","WATCHUNG","NJ","07069","MarketplaceFacilitator","33.99","2.25","0","0","0","0","0","0","0","0","-2.25","-5.10","-5.68","0","0","23.21","Released","Jan 22, 2026 8:01:51 AM PST"
"Jan 14, 2026 6:42:59 PM PST","25392467641","Order","113-4097156-3866649","Ether-01","Gear Doctors® Ether 17.5oz Ultralight Camping Sleeping Pad - Backpacking Air Mattress - Camping Mattress Pad - Compact Inflatable Sleeping Mat for Ba","1","amazon.com","Standard Orders","Amazon","THE WOODLANDS","TX","77380","MarketplaceFacilitator","33.99","2.80","0","0","0","0","0","0","0","0","-2.80","-5.10","-5.68","0","0","23.21","Released","Jan 23, 2026 7:41:51 AM PST"
"Jan 14, 2026 7:00:27 PM PST","25392467641","Refund","113-2286334-1302620","GDApolloAir01","Gear Doctors ApolloAir 5.2 R-Value [17oz] Ultralight Insulated Inflatable Camping Sleeping Pad - Backpacking Sleeping Pad - Camping Mattress Compact L","1","amazon.com","Standard Orders","Amazon","BERKELEY","CA","94704","MarketplaceFacilitator","-84.99","-8.71","0","0","0","0","0","0","0","0","8.71","10.20","0","0","0","-74.79","Released","Jan 14, 2026 7:00:27 PM PST"
"Jan 14, 2026 7:33:40 PM PST","25392467641","Refund","112-8619837-9058629","Ether-01","Gear Doctors® Ether 17.5oz Ultralight Camping Sleeping Pad - Backpacking Air Mattress - Camping Mattress Pad - Compact Inflatable Sleeping Mat for Ba","1","amazon.com","Standard Orders","Amazon","SALINE","MI","48176","MarketplaceFacilitator","-33.99","-2.04","0","0","0","0","0","0","0","0","2.04","4.08","0","0","0","-29.91","Released","Jan 18, 2026 3:18:41 AM PST"
"Jan 14, 2026 8:58:25 PM PST","25392467641","Order","113-9061546-0362661","GDCampingPillowOrange","Gear Doctors 3.5oz Compact Ultralight Inflatable Camping Pillow-Inflatable Camp Pillow-Backpacking Pillows Ultralight-Camping Pillows for Sleeping, Hi","1","amazon.com","Standard Orders","Amazon","AVON","MN","56310","MarketplaceFacilitator","14.99","1.12","0","0","0","0","0","0","0","0","-1.12","-2.25","-4.16","0","0","8.58","Released","Jan 22, 2026 11:26:29 PM PST"
"Jan 14, 2026 8:59:43 PM PST","25392467641","Order","111-3434761-0477048","GDClassic01","Gear Doctors Oxylus 4.3R-Value Insulated Foam Self Inflating Sleeping Pad Camping-Sleeping Pad Backpacking Air Mattress-Camping Mattress Self Inflatin","1","amazon.com","Standard Orders","Amazon","UNIVERSITY PLACE","WA","98466","MarketplaceFacilitator","37.49","3.79","0","0","0","0","0","0","0","0","-3.79","-5.62","-8.10","0","0","23.77","Released","Jan 23, 2026 4:03:37 AM PST"
"Jan 14, 2026 9:25:07 PM PST","25392467641","Order","113-2140014-0949035","GDClassic01","Gear Doctors Oxylus 4.3R-Value Insulated Foam Self Inflating Sleeping Pad Camping-Sleeping Pad Backpacking Air Mattress-Camping Mattress Self Inflatin","2","amazon.com","Standard Orders","Amazon","BLOOMINGTON","IN","47401","MarketplaceFacilitator","74.98","5.24","0","0","0","0","0","0","0","0","-5.24","-11.24","-16.20","0","0","47.54","Released","Jan 22, 2026 7:00:58 PM PST"
"Jan 14, 2026 9:34:58 PM PST","25392467641","Order","112-8213003-9904209","GDClassic01","Gear Doctors Oxylus 4.3R-Value Insulated Foam Self Inflating Sleeping Pad Camping-Sleeping Pad Backpacking Air Mattress-Camping Mattress Self Inflatin","1","amazon.com","Standard Orders","Amazon","SPRINGFIELD","VA","22152","MarketplaceFacilitator","37.49","2.25","0","0","0","0","0","0","0","0","-2.25","-5.62","-8.10","0","0","23.77","Released","Jan 23, 2026 3:31:02 AM PST"
"Jan 14, 2026 9:54:32 PM PST","25392467641","Refund","111-9652194-3273028","Ether-01","Gear Doctors® Ether 17.5oz Ultralight Camping Sleeping Pad - Backpacking Air Mattress - Camping Mattress Pad - Compact Inflatable Sleeping Mat for Ba","1","amazon.com","Standard Orders","Amazon","HONOLULU","HI","96821","MarketplaceFacilitator","-28.49","-1.34","0","0","0","0","0","0","0","0","1.34","3.42","0","0","0","-25.07","Released","Jan 14, 2026 9:54:32 PM PST"
"Jan 14, 2026 10:08:57 PM PST","25392467641","Order","113-4806506-8666653","GDCampingPillowOrange","Gear Doctors 3.5oz Compact Ultralight Inflatable Camping Pillow-Inflatable Camp Pillow-Backpacking Pillows Ultralight-Camping Pillows for Sleeping, Hi","1","amazon.com","Standard Orders","Amazon","AUSTIN","TX","78754","MarketplaceFacilitator","14.99","1.24","0","0","0","0","0","0","0","0","-1.24","-2.25","-4.16","0","0","8.58","Released","Jan 22, 2026 11:05:38 PM PST"
"Jan 14, 2026 10:26:14 PM PST","25495925401","Order","111-8825700-3590652","Ether-01","Gear Doctors® Ether 17.5oz Ultralight Camping Sleeping Pad - Backpacking Air Mattress - Camping Mattress Pad - Compact Inflatable Sleeping Mat for Ba","1","amazon.com","Standard Orders","Amazon","DENVER CITY","TX","79323","MarketplaceFacilitator","33.99","2.63","0","0","0","0","0","0","0","0","-2.63","-5.10","-5.68","0","0","23.21","Released","Jan 24, 2026 10:43:49 PM PST"
"Jan 14, 2026 10:33:53 PM PST","25392467641","Refund","112-4504621-3508227","GDApolloAir-02","Gear Doctors ApolloAir 5.2 R-Value [25oz] Ultralight Insulated Inflatable Camping Sleeping Pad - Backpacking Sleeping Pad - Camping Mattress Compact L","1","amazon.com","Standard Orders","Amazon","HOFFMAN ESTATES","IL","60169","MarketplaceFacilitator","-85.49","-8.55","-0.60","0","0","0","0","0","0.60","0","8.55","10.26","0","0","0","-75.23","Released","Jan 14, 2026 10:33:53 PM PST"
"Jan 14, 2026 10:58:19 PM PST","25495925401","Order","111-8835306-9701821","Ether-01","Gear Doctors® Ether 17.5oz Ultralight Camping Sleeping Pad - Backpacking Air Mattress - Camping Mattress Pad - Compact Inflatable Sleeping Mat for Ba","1","amazon.com","Standard Orders","Amazon","CARBONDALE","CO","81623","MarketplaceFacilitator","33.99","1.92","0","0","0","0","0","0","0","0","-1.92","-5.10","-5.68","0","0","23.21","Released","Jan 24, 2026 3:52:02 AM PST"
"Jan 14, 2026 11:18:10 PM PST","25392467641","Refund","112-4504621-3508227","GDApolloAir01","Gear Doctors ApolloAir 5.2 R-Value [17oz] Ultralight Insulated Inflatable Camping Sleeping Pad - Backpacking Sleeping Pad - Camping Mattress Compact L","1","amazon.com","Standard Orders","Amazon","HOFFMAN ESTATES","IL","60169","MarketplaceFacilitator","-80.74","-8.07","-0.60","0","0","0","0","0","0.60","0","8.07","9.69","0","0","0","-71.05","Released","Jan 14, 2026 11:18:10 PM PST"
"Jan 14, 2026 11:19:41 PM PST","25392467641","Order","113-1962484-0586665","GDApolloAir01","Gear Doctors ApolloAir 5.2 R-Value [17oz] Ultralight Insulated Inflatable Camping Sleeping Pad - Backpacking Sleeping Pad - Camping Mattress Compact L","1","amazon.com","Standard Orders","Amazon","THE WOODLANDS","TX","77389","MarketplaceFacilitator","76.50","6.31","0","0","0","0","0","0","0","0","-6.31","-11.48","-5.68","0","0","59.34","Released","Jan 23, 2026 2:41:23 AM PST"
"Jan 14, 2026 11:23:34 PM PST","25495925401","Order","114-3276392-9278613","Ether-01","Gear Doctors® Ether 17.5oz Ultralight Camping Sleeping Pad - Backpacking Air Mattress - Camping Mattress Pad - Compact Inflatable Sleeping Mat for Ba","1","amazon.com","Standard Orders","Amazon","DALLAS","NC","28034","MarketplaceFacilitator","33.99","2.38","0.94","0","0","0","0","0","-0.94","0","-2.38","-5.10","-5.68","0","0","23.21","Released","Jan 24, 2026 4:21:18 AM PST"
"Jan 14, 2026 11:24:44 PM PST","25392467641","Order","113-3177708-1649829","Ether-01","Gear Doctors® Ether 17.5oz Ultralight Camping Sleeping Pad - Backpacking Air Mattress - Camping Mattress Pad - Compact Inflatable Sleeping Mat for Ba","2","amazon.com","Standard Orders","Amazon","DUMFRIES","VA","22025","MarketplaceFacilitator","67.98","4.08","1.49","0","0","0","0","0","-1.49","0","-4.08","-10.20","-11.36","0","0","46.42","Released","Jan 22, 2026 6:02:50 AM PST"
"Jan 14, 2026 11:25:23 PM PST","25392467641","Order","111-3607726-3001828","GDClassic01","Gear Doctors Oxylus 4.3R-Value Insulated Foam Self Inflating Sleeping Pad Camping-Sleeping Pad Backpacking Air Mattress-Camping Mattress Self Inflatin","1","amazon.com","Standard Orders","Amazon","VALPARAISO","IN","46383","MarketplaceFacilitator","37.49","2.62","0","0","0","0","0","0","0","0","-2.62","-5.62","-8.10","0","0","23.77","Released","Jan 23, 2026 3:20:06 PM PST"
"Jan 14, 2026 11:35:52 PM PST","25392467641","Order","113-9584966-8891430","GDClassic01","Gear Doctors Oxylus 4.3R-Value Insulated Foam Self Inflating Sleeping Pad Camping-Sleeping Pad Backpacking Air Mattress-Camping Mattress Self Inflatin","1","amazon.com","Standard Orders","Amazon","BURLINGTON","KY","41005","MarketplaceFacilitator","37.49","2.25","2.99","0","0","0","0","0","-2.99","0","-2.25","-5.62","-8.10","0","0","23.77","Released","Jan 22, 2026 5:02:50 AM PST"
"Jan 15, 2026 12:15:25 AM PST","25392467641","Order","114-2037411-7406609","GDClassic01","Gear Doctors Oxylus 4.3R-Value Insulated Foam Self Inflating Sleeping Pad Camping-Sleeping Pad Backpacking Air Mattress-Camping Mattress Self Inflatin","1","amazon.com","Standard Orders","Amazon","SAINT JOHNS","FL","32259","MarketplaceFacilitator","37.49","2.44","0","0","0","0","0","0","0","0","-2.44","-5.62","-7.61","0","0","24.26","Released","Jan 22, 2026 11:22:50 PM PST"
"Jan 15, 2026 12:20:22 AM PST","25392467641","Order","111-3378753-7094669","GDClassic01","Gear Doctors Oxylus 4.3R-Value Insulated Foam Self Inflating Sleeping Pad Camping-Sleeping Pad Backpacking Air Mattress-Camping Mattress Self Inflatin","1","amazon.com","Standard Orders","Amazon","BROOKSVILLE","FL","34613","MarketplaceFacilitator","37.49","2.44","0","0","0","0","0","0","0","0","-2.44","-5.62","-7.61","0","0","24.26","Released","Jan 22, 2026 7:15:54 PM PST"
"Jan 15, 2026 12:22:39 AM PST","25392467641","Order","112-6802198-0313830","GDApolloAir01","Gear Doctors ApolloAir 5.2 R-Value [17oz] Ultralight Insulated Inflatable Camping Sleeping Pad - Backpacking Sleeping Pad - Camping Mattress Compact L","1","amazon.com","Standard Orders","Amazon","PUYALLUP","WA","98371","MarketplaceFacilitator","76.50","7.80","0","0","0","0","0","0","0","0","-7.80","-11.48","-5.68","0","0","59.34","Released","Jan 23, 2026 3:30:33 AM PST"
"Jan 15, 2026 12:27:56 AM PST","25392467641","Order","114-8626029-5944266","GDApolloAir01","Gear Doctors ApolloAir 5.2 R-Value [17oz] Ultralight Insulated Inflatable Camping Sleeping Pad - Backpacking Sleeping Pad - Camping Mattress Compact L","1","amazon.com","Standard Orders","Amazon","FAIRVIEW","TX","75069","MarketplaceFacilitator","76.50","6.31","0","0","0","0","0","0","0","0","-12.62","-22.96","-5.68","0","0","41.55","Released","Jan 23, 2026 12:44:08 AM PST"
"Jan 15, 2026 12:27:56 AM PST","25392467641","Order","114-8626029-5944266","GDApolloAir01","Gear Doctors ApolloAir 5.2 R-Value [17oz] Ultralight Insulated Inflatable Camping Sleeping Pad - Backpacking Sleeping Pad - Camping Mattress Compact L","1","amazon.com","Standard Orders","Amazon","FAIRVIEW","TX","75069","","76.50","6.31","0","0","0","0","0","0","0","0","0","0","-5.68","0","0","77.13","Released","Jan 23, 2026 12:44:08 AM PST"
"Jan 15, 2026 12:34:52 AM PST","25495925401","Order","111-1554428-7800269","Ether-01","Gear Doctors® Ether 17.5oz Ultralight Camping Sleeping Pad - Backpacking Air Mattress - Camping Mattress Pad - Compact Inflatable Sleeping Mat for Ba","1","amazon.com","Standard Orders","Amazon","CAMERON","NC","28326","MarketplaceFacilitator","33.99","2.38","0","0","0","0","0","0","0","0","-2.38","-5.10","-5.42","0","0","23.47","Released","Jan 24, 2026 1:48:56 AM PST"
"Jan 15, 2026 12:52:25 AM PST","25392467641","Adjustment","112-0683107-8726621","Ether-01","FBA Inventory Reimbursement - Customer Return","1","","Standard Orders","","","","","","0","0","0","0","0","0","0","0","0","0","0","0","0","0","18.54","18.54","Released","Jan 15, 2026 12:52:25 AM PST"
"Jan 15, 2026 1:10:28 AM PST","25495925401","Order","112-9787655-9389009","Ether-01","Gear Doctors® Ether 17.5oz Ultralight Camping Sleeping Pad - Backpacking Air Mattress - Camping Mattress Pad - Compact Inflatable Sleeping Mat for Ba","1","amazon.com","Standard Orders","Amazon","CLARKSVILLE","TN","37042","MarketplaceFacilitator","33.99","3.23","0","0","0","0","0","0","0","0","-3.23","-5.10","-5.42","0","0","23.47","Released","Jan 24, 2026 3:04:28 AM PST"
"Jan 15, 2026 1:11:17 AM PST","25495925401","Order","113-3626921-1540252","GDCampingPillowBlue","Gear Doctors 3.5oz Compact Ultralight Inflatable Camping Pillow -Inflatable Camp Pillow -Backpacking Pillows Ultralight-Camping Pillows for Sleeping,","1","amazon.com","Standard Orders","Amazon","PEARLAND","TX","77581","MarketplaceFacilitator","14.99","1.24","0","0","0","0","0","0","0","0","-1.24","-2.25","-3.95","0","0","8.79","Released","Jan 24, 2026 7:23:23 AM PST"
"Jan 15, 2026 1:24:51 AM PST","25495925401","Order","112-0885488-5765818","GDCampingPillowBlue","Gear Doctors 3.5oz Compact Ultralight Inflatable Camping Pillow -Inflatable Camp Pillow -Backpacking Pillows Ultralight-Camping Pillows for Sleeping,","1","amazon.com","Standard Orders","Amazon","Harahan","LA","70123","MarketplaceFacilitator","14.99","1.58","0","0","0","0","0","0","0","0","-1.58","-2.25","-3.95","0","0","8.79","Released","Jan 24, 2026 2:46:42 AM PST"
"Jan 15, 2026 1:27:31 AM PST","25392467641","Order","112-0081630-5428232","GDClassic01","Gear Doctors Oxylus 4.3R-Value Insulated Foam Self Inflating Sleeping Pad Camping-Sleeping Pad Backpacking Air Mattress-Camping Mattress Self Inflatin","1","amazon.com","Standard Orders","Amazon","LA MESA","CA","91941","MarketplaceFacilitator","37.49","2.91","0","0","0","0","0","0","0","0","-2.91","-5.62","-7.61","0","0","24.26","Released","Jan 23, 2026 5:23:20 AM PST"
"Jan 15, 2026 1:48:30 AM PST","25392467641","Order","111-9380458-0461063","Ether-01","Gear Doctors® Ether 17.5oz Ultralight Camping Sleeping Pad - Backpacking Air Mattress - Camping Mattress Pad - Compact Inflatable Sleeping Mat for Ba","1","amazon.com","Standard Orders","Amazon","SEMORA","NC","27343","MarketplaceFacilitator","33.99","2.29","0","0","0","0","0","0","0","0","-2.29","-5.10","-5.42","0","0","23.47","Released","Jan 23, 2026 3:11:11 PM PST"
"Jan 15, 2026 1:49:21 AM PST","25495925401","Order","111-5658406-6560256","Ether-01","Gear Doctors® Ether 17.5oz Ultralight Camping Sleeping Pad - Backpacking Air Mattress - Camping Mattress Pad - Compact Inflatable Sleeping Mat for Ba","1","amazon.com","Standard Orders","Amazon","PHILADELPHIA","PA","19130","MarketplaceFacilitator","33.99","2.04","0","0","0","0","0","0","0","0","-2.04","-5.10","-5.42","0","0","23.47","Released","Jan 24, 2026 5:20:31 AM PST"
"Jan 15, 2026 2:10:40 AM PST","25392467641","Order","111-3136740-1673836","GDClassic01","Gear Doctors Oxylus 4.3R-Value Insulated Foam Self Inflating Sleeping Pad Camping-Sleeping Pad Backpacking Air Mattress-Camping Mattress Self Inflatin","1","amazon.com","Standard Orders","Amazon","COEUR D ALENE","ID","83815","MarketplaceFacilitator","37.49","2.25","0","0","0","0","0","0","0","0","-2.25","-5.62","-7.61","0","0","24.26","Released","Jan 23, 2026 5:27:52 AM PST"
"Jan 15, 2026 2:12:49 AM PST","25392467641","Order","112-6127299-1429027","Ether-01","Gear Doctors® Ether 17.5oz Ultralight Camping Sleeping Pad - Backpacking Air Mattress - Camping Mattress Pad - Compact Inflatable Sleeping Mat for Ba","1","amazon.com","Standard Orders","Amazon","COLORADO SPRINGS","CO","80911","MarketplaceFacilitator","33.99","1.74","0.59","0","0","0","0","0","-0.59","0","-1.74","-5.10","-5.42","0","0","23.47","Released","Jan 22, 2026 7:24:23 AM PST"
"Jan 15, 2026 2:20:01 AM PST","25392467641","Order","113-6351270-8895417","GDClassic01","Gear Doctors Oxylus 4.3R-Value Insulated Foam Self Inflating Sleeping Pad Camping-Sleeping Pad Backpacking Air Mattress-Camping Mattress Self Inflatin","1","amazon.com","Standard Orders","Amazon","RALEIGH","NC","27607","MarketplaceFacilitator","37.49","2.45","0","0","0","0","0","0","-3.75","0","-2.45","-5.06","-7.61","0","0","21.07","Released","Jan 23, 2026 8:06:10 AM PST"
"Jan 15, 2026 3:26:38 AM PST","25495925401","Order","113-6136800-8277814","GDClassic01","Gear Doctors Oxylus 4.3R-Value Insulated Foam Self Inflating Sleeping Pad Camping-Sleeping Pad Backpacking Air Mattress-Camping Mattress Self Inflatin","1","amazon.com","Standard Orders","Amazon","Ibague","Tolima","","","37.49","0","16.64","0","0","0","0","0","-20.39","0","0","-5.06","-7.61","0","0","21.07","Released","Jan 26, 2026 8:09:04 AM PST"
"Jan 15, 2026 4:21:09 AM PST","25392467641","Order","113-5142430-6641023","Ether-01","Gear Doctors® Ether 17.5oz Ultralight Camping Sleeping Pad - Backpacking Air Mattress - Camping Mattress Pad - Compact Inflatable Sleeping Mat for Ba","1","amazon.com","Standard Orders","Amazon","SUNNYVALE","CA","94086","MarketplaceFacilitator","33.99","3.10","2.99","0","0","0","0","0","-2.99","0","-3.10","-5.10","-5.42","0","0","23.47","Released","Jan 22, 2026 12:27:58 PM PST"
"Jan 15, 2026 5:20:25 AM PST","25392467641","Order","111-9417452-7139408","Ether-01","Gear Doctors® Ether 17.5oz Ultralight Camping Sleeping Pad - Backpacking Air Mattress - Camping Mattress Pad - Compact Inflatable Sleeping Mat for Ba","1","amazon.com","Standard Orders","Amazon","SEATTLE","WA","98199","MarketplaceFacilitator","33.99","3.59","1.00","0","0","0","0","0","-1.00","0","-3.59","-5.10","-5.42","0","0","23.47","Released","Jan 23, 2026 4:27:17 AM PST"
"Jan 15, 2026 5:26:53 AM PST","25392467641","Order","113-9862765-3847437","Ether-01","Gear Doctors® Ether 17.5oz Ultralight Camping Sleeping Pad - Backpacking Air Mattress - Camping Mattress Pad - Compact Inflatable Sleeping Mat for Ba","1","amazon.com","Standard Orders","Amazon","Lompoc","CA","93436","MarketplaceFacilitator","33.99","2.97","2.66","0","0","0","0","0","-2.66","0","-2.97","-5.10","-5.42","0","0","23.47","Released","Jan 23, 2026 2:15:16 PM PST"
"Jan 15, 2026 6:47:48 AM PST","25392467641","Order","111-2425412-0006640","GDCampingPillowBlue","Gear Doctors 3.5oz Compact Ultralight Inflatable Camping Pillow -Inflatable Camp Pillow -Backpacking Pillows Ultralight-Camping Pillows for Sleeping,","1","amazon.com","Standard Orders","Amazon","East Ridge","Tennessee","37412","MarketplaceFacilitator","14.99","1.39","0","0","0","0","0","0","0","0","-1.39","-2.25","-3.95","0","0","8.79","Released","Jan 23, 2026 6:20:59 PM PST"
"Jan 15, 2026 8:07:17 AM PST","25392467641","Order","112-9981825-7197825","GDApolloAir-02","Gear Doctors ApolloAir 5.2 R-Value [25oz] Ultralight Insulated Inflatable Camping Sleeping Pad - Backpacking Sleeping Pad - Camping Mattress Compact L","1","amazon.com","Standard Orders","Amazon","COLORADO SPRINGS","CO","80903","MarketplaceFacilitator","89.99","7.38","1.50","0","0","0","0","0","-1.50","0","-7.38","-13.50","-6.08","0","0","70.41","Released","Jan 23, 2026 5:17:08 AM PST"
"Jan 15, 2026 8:19:27 AM PST","25392467641","Service Fee","","","Cost of Advertising","","","Standard Orders","","","","","","0","0","0","0","0","0","0","0","0","0","0","0","0","-501.76","0","-501.76","Released","Jan 15, 2026 8:19:27 AM PST"
"Jan 15, 2026 9:38:43 AM PST","25392467641","Order","113-6233110-5725856","GDCampingPillowOrange","Gear Doctors 3.5oz Compact Ultralight Inflatable Camping Pillow-Inflatable Camp Pillow-Backpacking Pillows Ultralight-Camping Pillows for Sleeping, Hi","1","amazon.com","Standard Orders","Amazon","ALEXANDRIA","PA","16611","MarketplaceFacilitator","14.99","0.90","0","0","0","0","0","0","0","0","-0.90","-2.25","-3.95","0","0","8.79","Released","Jan 23, 2026 5:51:56 AM PST"
"Jan 15, 2026 10:01:17 AM PST","25495925401","Order","114-5071545-1272252","GDApolloAir01","Gear Doctors ApolloAir 5.2 R-Value [17oz] Ultralight Insulated Inflatable Camping Sleeping Pad - Backpacking Sleeping Pad - Camping Mattress Compact L","1","amazon.com","Standard Orders","Amazon","SAN GABRIEL","CA","91776","MarketplaceFacilitator","76.50","7.46","0","0","0","0","0","0","0","0","-7.46","-11.48","-5.68","0","0","59.34","Released","Jan 23, 2026 11:52:00 PM PST"
"Jan 15, 2026 10:01:17 AM PST","25495925401","Order","114-5071545-1272252","GDApolloAir-02","Gear Doctors ApolloAir 5.2 R-Value [25oz] Ultralight Insulated Inflatable Camping Sleeping Pad - Backpacking Sleeping Pad - Camping Mattress Compact L","1","amazon.com","Standard Orders","Amazon","SAN GABRIEL","CA","91776","MarketplaceFacilitator","89.99","8.77","0","0","0","0","0","0","0","0","-8.77","-13.50","-6.08","0","0","70.41","Released","Jan 23, 2026 11:52:00 PM PST"
"Jan 15, 2026 10:01:17 AM PST","25495925401","Order","114-5071545-1272252","GDCampingPillowOrange","Gear Doctors 3.5oz Compact Ultralight Inflatable Camping Pillow-Inflatable Camp Pillow-Backpacking Pillows Ultralight-Camping Pillows for Sleeping, Hi","2","amazon.com","Standard Orders","Amazon","SAN GABRIEL","CA","91776","MarketplaceFacilitator","29.98","2.92","0","0","0","0","0","0","0","0","-2.92","-4.50","-7.90","0","0","17.58","Released","Jan 23, 2026 11:52:00 PM PST"
"Jan 15, 2026 10:07:07 AM PST","25392467641","Order","113-0628854-4855428","GDClassic01","Gear Doctors Oxylus 4.3R-Value Insulated Foam Self Inflating Sleeping Pad Camping-Sleeping Pad Backpacking Air Mattress-Camping Mattress Self Inflatin","1","amazon.com","Standard Orders","Amazon","EDWARDSVILLE","IL","62025","MarketplaceFacilitator","37.49","2.85","0.60","0","0","0","0","0","-0.60","0","-2.85","-5.62","-7.61","0","0","24.26","Released","Jan 23, 2026 10:33:57 PM PST"
"Jan 15, 2026 10:29:04 AM PST","25495925401","Order","113-7817690-4742645","GDCampingPillowBlue","Gear Doctors 3.5oz Compact Ultralight Inflatable Camping Pillow -Inflatable Camp Pillow -Backpacking Pillows Ultralight-Camping Pillows for Sleeping,","2","amazon.com","Standard Orders","Amazon","CUMMING","GA","30040","MarketplaceFacilitator","29.98","2.10","0","0","0","0","0","0","0","0","-2.10","-4.50","-7.90","0","0","17.58","Released","Jan 24, 2026 4:04:33 AM PST"
"Jan 15, 2026 10:40:17 AM PST","25392467641","Order","112-3061848-1229066","Ether-01","Gear Doctors® Ether 17.5oz Ultralight Camping Sleeping Pad - Backpacking Air Mattress - Camping Mattress Pad - Compact Inflatable Sleeping Mat for Ba","1","amazon.com","Standard Orders","Amazon","RANCHO SANTA MARGARITA","CA","92688","MarketplaceFacilitator","33.99","2.63","0","0","0","0","0","0","0","0","-2.63","-5.10","-5.42","0","0","23.47","Released","Jan 23, 2026 6:54:14 PM PST"
"Jan 15, 2026 10:41:39 AM PST","25392467641","Order","112-0265843-6882602","Ether-01","Gear Doctors® Ether 17.5oz Ultralight Camping Sleeping Pad - Backpacking Air Mattress - Camping Mattress Pad - Compact Inflatable Sleeping Mat for Ba","1","amazon.com","Standard Orders","Amazon","FOUNTAIN VALLEY","CA","92708","MarketplaceFacilitator","33.99","2.97","2.99","0","0","0","0","0","-2.99","0","-2.97","-5.10","-5.42","0","0","23.47","Released","Jan 23, 2026 6:40:01 AM PST"
"Jan 15, 2026 11:24:52 AM PST","25495925401","Order","113-7509877-5365834","Ether-01","Gear Doctors® Ether 17.5oz Ultralight Camping Sleeping Pad - Backpacking Air Mattress - Camping Mattress Pad - Compact Inflatable Sleeping Mat for Ba","1","amazon.com","Standard Orders","Amazon","KILLEEN","TX","76549","MarketplaceFacilitator","33.99","2.80","0","0","0","0","0","0","0","0","-2.80","-5.10","-5.42","0","0","23.47","Released","Jan 24, 2026 4:27:14 AM PST"
"Jan 15, 2026 11:32:56 AM PST","25392467641","Order","112-5105287-0193030","Ether-01","Gear Doctors® Ether 17.5oz Ultralight Camping Sleeping Pad - Backpacking Air Mattress - Camping Mattress Pad - Compact Inflatable Sleeping Mat for Ba","1","amazon.com","Standard Orders","Amazon","SEAL HARBOR","ME","04675","MarketplaceFacilitator","33.99","1.68","2.81","0.15","0","0","0","0","-3.40","0","-1.83","-4.59","-8.23","0","0","20.58","Released","Jan 23, 2026 6:07:29 PM PST"
"Jan 15, 2026 11:50:45 AM PST","25495925401","Order","111-5011382-1281843","Ether-01","Gear Doctors® Ether 17.5oz Ultralight Camping Sleeping Pad - Backpacking Air Mattress - Camping Mattress Pad - Compact Inflatable Sleeping Mat for Ba","1","amazon.com","Standard Orders","Amazon","BOCA RATON","FL","33428","MarketplaceFacilitator","33.99","2.21","0","0","0","0","0","0","0","0","-2.21","-5.10","-5.42","0","0","23.47","Released","Jan 24, 2026 5:06:50 AM PST"
"Jan 15, 2026 12:01:34 PM PST","25392467641","Order","114-7465148-7064210","Ether-01","Gear Doctors® Ether 17.5oz Ultralight Camping Sleeping Pad - Backpacking Air Mattress - Camping Mattress Pad - Compact Inflatable Sleeping Mat for Ba","1","amazon.com","Standard Orders","Amazon","SALEM","OR","97302","","33.99","0","0.33","0","0","0","0","0","-0.33","0","0","-5.10","-5.42","0","0","23.47","Released","Jan 23, 2026 2:40:11 AM PST"
"Jan 15, 2026 12:05:24 PM PST","25495925401","Order","112-7812355-8885046","GDCampingPillowBlue","Gear Doctors 3.5oz Compact Ultralight Inflatable Camping Pillow -Inflatable Camp Pillow -Backpacking Pillows Ultralight-Camping Pillows for Sleeping,","1","amazon.com","Standard Orders","Amazon","CORNELIUS","NC","28031","MarketplaceFacilitator","14.99","1.09","0","0","0","0","0","0","0","0","-1.09","-2.25","-3.95","0","0","8.79","Released","Jan 24, 2026 5:14:51 AM PST"
"Jan 15, 2026 12:12:46 PM PST","25392467641","Order","112-4927853-0743410","GDApolloAir-02","Gear Doctors ApolloAir 5.2 R-Value [25oz] Ultralight Insulated Inflatable Camping Sleeping Pad - Backpacking Sleeping Pad - Camping Mattress Compact L","1","amazon.com","Standard Orders","Amazon","Houston","TX","77030","MarketplaceFacilitator","89.99","7.42","2.99","0","0","0","0","0","-2.99","0","-7.42","-13.50","-6.08","0","0","70.41","Released","Jan 23, 2026 1:48:53 AM PST"
"Jan 15, 2026 12:16:09 PM PST","25392467641","Order","113-8611993-0972203","GDApolloAir-02","Gear Doctors ApolloAir 5.2 R-Value [25oz] Ultralight Insulated Inflatable Camping Sleeping Pad - Backpacking Sleeping Pad - Camping Mattress Compact L","1","amazon.com","Standard Orders","Amazon","NEW BRAUNFELS","TX","78132","MarketplaceFacilitator","89.99","7.42","2.99","0","0","0","0","0","-2.99","0","-7.42","-13.50","-6.08","0","0","70.41","Released","Jan 23, 2026 3:39:54 AM PST"
"Jan 15, 2026 12:16:28 PM PST","25495925401","Order","114-5907801-9713815","Ether-01","Gear Doctors® Ether 17.5oz Ultralight Camping Sleeping Pad - Backpacking Air Mattress - Camping Mattress Pad - Compact Inflatable Sleeping Mat for Ba","1","amazon.com","Standard Orders","Amazon","IVINS","UT","84738","MarketplaceFacilitator","33.99","2.29","0","0","0","0","0","0","0","0","-2.29","-5.10","-5.42","0","0","23.47","Released","Jan 24, 2026 7:37:59 AM PST"
"Jan 15, 2026 12:27:09 PM PST","25495925401","Order","114-5111439-2414661","Ether-01","Gear Doctors® Ether 17.5oz Ultralight Camping Sleeping Pad - Backpacking Air Mattress - Camping Mattress Pad - Compact Inflatable Sleeping Mat for Ba","1","amazon.com","Standard Orders","Amazon","HENDERSONVILLE","TN","37075","MarketplaceFacilitator","33.99","3.31","0","0","0","0","0","0","0","0","-3.31","-5.10","-5.42","0","0","23.47","Released","Jan 24, 2026 4:13:18 AM PST"
"Jan 15, 2026 12:49:50 PM PST","25392467641","Refund","111-8288924-5546630","Ether-01","Gear Doctors® Ether 17.5oz Ultralight Camping Sleeping Pad - Backpacking Air Mattress - Camping Mattress Pad - Compact Inflatable Sleeping Mat for Ba","1","amazon.com","Standard Orders","Amazon","TAMPA","FL","33634","MarketplaceFacilitator","-33.99","-2.55","-6.99","0","0","0","0","0","6.99","0","2.55","4.08","0","0","0","-29.91","Released","Jan 15, 2026 12:49:50 PM PST"
"Jan 15, 2026 12:50:47 PM PST","25495925401","Order","111-7476128-5954646","GDClassic01","Gear Doctors Oxylus 4.3R-Value Insulated Foam Self Inflating Sleeping Pad Camping-Sleeping Pad Backpacking Air Mattress-Camping Mattress Self Inflatin","1","amazon.com","Standard Orders","Amazon","LOUISVILLE","KY","40220","MarketplaceFacilitator","37.49","2.25","0","0","0","0","0","0","0","0","-2.25","-5.62","-7.61","0","0","24.26","Released","Jan 24, 2026 7:23:33 AM PST"
"Jan 15, 2026 1:09:05 PM PST","25495925401","Order","114-7814968-3125058","GDCampingPillowBlue","Gear Doctors 3.5oz Compact Ultralight Inflatable Camping Pillow -Inflatable Camp Pillow -Backpacking Pillows Ultralight-Camping Pillows for Sleeping,","1","amazon.com","Standard Orders","Amazon","PLANT CITY","FL","33563","MarketplaceFacilitator","14.99","1.12","0","0","0","0","0","0","0","0","-1.12","-2.25","-3.95","0","0","8.79","Released","Jan 24, 2026 4:09:22 AM PST"
"Jan 15, 2026 1:15:37 PM PST","25392467641","Order","114-0429927-6215435","Ether-01","Gear Doctors® Ether 17.5oz Ultralight Camping Sleeping Pad - Backpacking Air Mattress - Camping Mattress Pad - Compact Inflatable Sleeping Mat for Ba","1","amazon.com","Standard Orders","Amazon","EDGEWATER","MD","21037","MarketplaceFacilitator","33.99","1.84","2.99","0","0","0","0","0","-6.39","0","-1.84","-4.59","-5.42","0","0","20.58","Released","Jan 22, 2026 11:51:39 PM PST"
"Jan 15, 2026 1:49:45 PM PST","25495925401","Order","112-9685018-1889002","GDClassic01","Gear Doctors Oxylus 4.3R-Value Insulated Foam Self Inflating Sleeping Pad Camping-Sleeping Pad Backpacking Air Mattress-Camping Mattress Self Inflatin","1","amazon.com","Standard Orders","Amazon","PASCAGOULA","MS","39581","MarketplaceFacilitator","37.49","2.62","0","0","0","0","0","0","0","0","-2.62","-5.62","-7.61","0","0","24.26","Released","Jan 24, 2026 5:52:33 AM PST"
"Jan 15, 2026 3:24:54 PM PST","25495925401","Order","114-1632907-7825020","GDClassic01","Gear Doctors Oxylus 4.3R-Value Insulated Foam Self Inflating Sleeping Pad Camping-Sleeping Pad Backpacking Air Mattress-Camping Mattress Self Inflatin","1","amazon.com","Standard Orders","Amazon","WILTON","CT","06897","MarketplaceFacilitator","37.49","2.38","0","0","0","0","0","0","0","0","-2.38","-5.62","-7.61","0","0","24.26","Released","Jan 26, 2026 2:36:22 AM PST"
"Jan 15, 2026 3:42:31 PM PST","25495925401","Order","111-8656791-9728231","Ether-01","Gear Doctors® Ether 17.5oz Ultralight Camping Sleeping Pad - Backpacking Air Mattress - Camping Mattress Pad - Compact Inflatable Sleeping Mat for Ba","1","amazon.com","Standard Orders","Amazon","SISTERS","OR","97759","","33.99","0","0","0","0","0","0","0","0","0","0","-5.10","-5.42","0","0","23.47","Released","Jan 24, 2026 2:00:37 AM PST"
"Jan 15, 2026 3:58:02 PM PST","25495925401","Order","114-0646684-6069843","GDCampingPillowBlue","Gear Doctors 3.5oz Compact Ultralight Inflatable Camping Pillow -Inflatable Camp Pillow -Backpacking Pillows Ultralight-Camping Pillows for Sleeping,","1","amazon.com","Standard Orders","Amazon","HOLLISTER","MO","65672","MarketplaceFacilitator","4.00","0","0","0","0","0","0","0","0","0","0","-0.60","-2.63","0","0","0.77","Released","Jan 24, 2026 2:51:36 AM PST"
"Jan 15, 2026 4:00:02 PM PST","25495925401","Order","113-1155865-5233823","GDClassic01","Gear Doctors Oxylus 4.3R-Value Insulated Foam Self Inflating Sleeping Pad Camping-Sleeping Pad Backpacking Air Mattress-Camping Mattress Self Inflatin","1","amazon.com","Standard Orders","Amazon","Carson","WA","98610","MarketplaceFacilitator","37.49","2.89","3.62","0","0","0","0","0","-3.62","0","-2.89","-5.62","-7.61","0","0","24.26","Released","Jan 24, 2026 12:56:10 AM PST"
"Jan 15, 2026 4:12:53 PM PST","25392467641","Order","112-5265829-9132241","Ether-01","Gear Doctors® Ether 17.5oz Ultralight Camping Sleeping Pad - Backpacking Air Mattress - Camping Mattress Pad - Compact Inflatable Sleeping Mat for Ba","1","amazon.com","Standard Orders","Amazon","VISTA","CA","92083","MarketplaceFacilitator","33.99","2.80","2.99","0","0","0","0","0","-2.99","0","-2.80","-5.10","-5.42","0","0","23.47","Released","Jan 23, 2026 12:24:55 PM PST"
"Jan 15, 2026 4:22:12 PM PST","25495925401","Order","114-0693019-9931445","GDCampingPillowBlue","Gear Doctors 3.5oz Compact Ultralight Inflatable Camping Pillow -Inflatable Camp Pillow -Backpacking Pillows Ultralight-Camping Pillows for Sleeping,","1","amazon.com","Standard Orders","Amazon","CUMMING","GA","30041","MarketplaceFacilitator","14.99","1.05","0","0","0","0","0","0","0","0","-1.05","-2.25","-3.95","0","0","8.79","Released","Jan 24, 2026 3:39:46 PM PST"
"Jan 15, 2026 4:22:31 PM PST","25392467641","Refund","114-2274988-0463457","GDClassic01","Gear Doctors Self Inflating Camping Sleeping Pad for Camping 4.3 R Insulated Camping mats-1.5 in Must Haves Inflatable Foam air Sleep mat Self Inflati","1","amazon.com","Standard Orders","Amazon","CHESTERFIELD","MO","63017","MarketplaceFacilitator","-37.49","-1.58","0","0","0","0","0","0","0","0","1.58","4.50","0","0","0","-32.99","Released","Jan 15, 2026 4:22:31 PM PST"
"Jan 15, 2026 4:40:56 PM PST","25495925401","Order","114-0646684-6069843","GDCampingPillowBlue","Gear Doctors 3.5oz Compact Ultralight Inflatable Camping Pillow -Inflatable Camp Pillow -Backpacking Pillows Ultralight-Camping Pillows for Sleeping,","1","amazon.com","Standard Orders","Amazon","HOLLISTER","MO","65672","MarketplaceFacilitator","4.00","0","0","0","0","0","0","0","0","0","0","-0.60","-2.63","0","0","0.77","Released","Jan 24, 2026 7:12:26 AM PST"
"Jan 15, 2026 5:17:30 PM PST","25392467641","Refund","114-6852596-3981815","GDApolloAir01","Gear Doctors ApolloAir 5.2 R-Value [17oz] Ultralight Insulated Inflatable Camping Sleeping Pad - Backpacking Sleeping Pad - Camping Mattress Compact L","1","amazon.com","Standard Orders","Amazon","KIRKLAND","WA","98034","MarketplaceFacilitator","-76.50","-7.96","0","0","0","0","0","0","0","0","7.96","9.18","0","0","0","-67.32","Released","Jan 17, 2026 8:07:24 AM PST"
"Jan 15, 2026 5:47:40 PM PST","25392467641","Order","114-9006155-1731424","GDClassic01","Gear Doctors Oxylus 4.3R-Value Insulated Foam Self Inflating Sleeping Pad Camping-Sleeping Pad Backpacking Air Mattress-Camping Mattress Self Inflatin","1","amazon.com","Standard Orders","Amazon","VIRGINIA BEACH","VA","23452","MarketplaceFacilitator","37.49","2.25","1.50","0","0","0","0","0","-1.50","0","-2.25","-5.62","-7.61","0","0","24.26","Released","Jan 23, 2026 2:38:09 AM PST"
"Jan 15, 2026 5:56:45 PM PST","25392467641","Order","113-7744729-8925022","Ether-01","Gear Doctors® Ether 17.5oz Ultralight Camping Sleeping Pad - Backpacking Air Mattress - Camping Mattress Pad - Compact Inflatable Sleeping Mat for Ba","1","amazon.com","Standard Orders","Amazon","IMPERIAL","MO","63052","MarketplaceFacilitator","33.99","1.44","2.99","0","0","0","0","0","-2.99","0","-1.44","-5.10","-5.42","0","0","23.47","Released","Jan 23, 2026 2:27:39 AM PST"
"Jan 15, 2026 5:59:44 PM PST","25392467641","Order","113-6697117-5436218","Ether-01","Gear Doctors® Ether 17.5oz Ultralight Camping Sleeping Pad - Backpacking Air Mattress - Camping Mattress Pad - Compact Inflatable Sleeping Mat for Ba","1","amazon.com","Standard Orders","Amazon","PEYTON","CO","80831","MarketplaceFacilitator","33.99","1.74","2.99","0","0","0","0","0","-2.99","0","-1.74","-5.10","-5.42","0","0","23.47","Released","Jan 23, 2026 5:27:47 AM PST"
"Jan 15, 2026 6:18:58 PM PST","25495925401","Order","112-8737754-9070604","Ether-01","Gear Doctors® Ether 17.5oz Ultralight Camping Sleeping Pad - Backpacking Air Mattress - Camping Mattress Pad - Compact Inflatable Sleeping Mat for Ba","1","amazon.com","Standard Orders","Amazon","LOCUST GROVE","VA","22508","MarketplaceFacilitator","33.99","1.80","0","0","0","0","0","0","0","0","-1.80","-5.10","-5.42","0","0","23.47","Released","Jan 24, 2026 7:06:55 AM PST"
"Jan 15, 2026 7:31:41 PM PST","25495925401","Order","114-0493454-3610663","GDCampingPillowBlue","Gear Doctors 3.5oz Compact Ultralight Inflatable Camping Pillow -Inflatable Camp Pillow -Backpacking Pillows Ultralight-Camping Pillows for Sleeping,","1","amazon.com","Standard Orders","Amazon","SAN RAMON","CA","94583","MarketplaceFacilitator","14.99","1.46","0","0","0","0","0","0","0","0","-1.46","-2.25","-3.95","0","0","8.79","Released","Jan 24, 2026 12:05:50 AM PST"
"Jan 15, 2026 7:35:15 PM PST","25495925401","Order","114-0765159-0227424","GDClassic01","Gear Doctors Oxylus 4.3R-Value Insulated Foam Self Inflating Sleeping Pad Camping-Sleeping Pad Backpacking Air Mattress-Camping Mattress Self Inflatin","1","amazon.com","Standard Orders","Amazon","SAN RAMON","CA","94583","MarketplaceFacilitator","37.49","3.66","0","0","0","0","0","0","0","0","-3.66","-5.62","-7.61","0","0","24.26","Released","Jan 24, 2026 6:30:06 AM PST"
"Jan 15, 2026 7:44:30 PM PST","25495925401","Order","114-8454483-3757805","GDClassic01","Gear Doctors Oxylus 4.3R-Value Insulated Foam Self Inflating Sleeping Pad Camping-Sleeping Pad Backpacking Air Mattress-Camping Mattress Self Inflatin","1","amazon.com","Standard Orders","Amazon","LAKE HAVASU CITY","AZ","86403","MarketplaceFacilitator","37.49","2.85","0","0","0","0","0","0","0","0","-2.85","-5.62","-7.61","0","0","24.26","Released","Jan 24, 2026 7:15:40 AM PST"
"Jan 15, 2026 8:19:40 PM PST","25392467641","Order","111-1990856-4477051","GDApolloAir-02","Gear Doctors ApolloAir 5.2 R-Value [25oz] Ultralight Insulated Inflatable Camping Sleeping Pad - Backpacking Sleeping Pad - Camping Mattress Compact L","2","amazon.com","Standard Orders","Amazon","KATY","TX","77450","MarketplaceFacilitator","179.98","14.84","2.99","0","0","0","0","0","-2.99","0","-14.84","-27.00","-12.16","0","0","140.82","Released","Jan 23, 2026 7:58:04 AM PST"
"Jan 15, 2026 8:40:02 PM PST","25495925401","Order","112-8732417-2407464","GDCampingPillowOrange","Gear Doctors 3.5oz Compact Ultralight Inflatable Camping Pillow-Inflatable Camp Pillow-Backpacking Pillows Ultralight-Camping Pillows for Sleeping, Hi","2","amazon.com","Standard Orders","Amazon","APACHE JUNCTION","AZ","85120","MarketplaceFacilitator","29.98","2.72","0","0","0","0","0","0","0","0","-2.72","-4.50","-7.90","0","0","17.58","Released","Jan 24, 2026 5:36:15 AM PST"
"Jan 15, 2026 8:46:33 PM PST","25495925401","Order","111-9577784-0377041","GDCampingPillowOrange","Gear Doctors 3.5oz Compact Ultralight Inflatable Camping Pillow-Inflatable Camp Pillow-Backpacking Pillows Ultralight-Camping Pillows for Sleeping, Hi","1","amazon.com","Standard Orders","Amazon","Titusville","Florida","32780","MarketplaceFacilitator","14.99","1.05","0","0","0","0","0","0","0","0","-1.05","-2.25","-3.95","0","0","8.79","Released","Jan 24, 2026 5:37:15 AM PST"
"Jan 15, 2026 8:47:30 PM PST","25392467641","Order","112-8975090-2076234","GDClassic01","Gear Doctors Oxylus 4.3R-Value Insulated Foam Self Inflating Sleeping Pad Camping-Sleeping Pad Backpacking Air Mattress-Camping Mattress Self Inflatin","1","amazon.com","Standard Orders","Amazon","SCOTTSDALE","AZ","85255","MarketplaceFacilitator","37.49","3.00","2.99","0","0","0","0","0","-2.99","0","-3.00","-5.62","-7.61","0","0","24.26","Released","Jan 23, 2026 3:32:50 AM PST"
"Jan 15, 2026 9:00:49 PM PST","25392467641","Order","112-0069146-4913876","Ether-01","Gear Doctors® Ether 17.5oz Ultralight Camping Sleeping Pad - Backpacking Air Mattress - Camping Mattress Pad - Compact Inflatable Sleeping Mat for Ba","1","amazon.com","Standard Orders","Amazon","RUXTON","MD","21204","MarketplaceFacilitator","33.99","2.04","1.50","0","0","0","0","0","-1.50","0","-2.04","-5.10","-5.42","0","0","23.47","Released","Jan 23, 2026 2:38:58 AM PST"
"Jan 15, 2026 9:15:45 PM PST","25495925401","Order","113-8812426-7986657","GDApolloAir01","Gear Doctors ApolloAir 5.2 R-Value [17oz] Ultralight Insulated Inflatable Camping Sleeping Pad - Backpacking Sleeping Pad - Camping Mattress Compact L","1","amazon.com","Standard Orders","Amazon","JAMESTOWN","NC","27282","MarketplaceFacilitator","84.99","5.74","0","0","0","0","0","0","0","0","-5.74","-12.75","-5.68","0","0","66.56","Released","Jan 23, 2026 11:29:26 PM PST"
"Jan 15, 2026 9:35:07 PM PST","25392467641","Order","114-9050422-3131407","Ether-01","Gear Doctors® Ether 17.5oz Ultralight Camping Sleeping Pad - Backpacking Air Mattress - Camping Mattress Pad - Compact Inflatable Sleeping Mat for Ba","1","amazon.com","Standard Orders","Amazon","MANTECA","CA","95336","MarketplaceFacilitator","33.99","2.63","6.99","0.54","0","0","0","0","0","0","-3.17","-5.10","-12.41","0","0","23.47","Released","Jan 23, 2026 2:48:57 PM PST"
"Jan 15, 2026 9:49:23 PM PST","25495925401","Order","113-4316670-1397066","Ether-01","Gear Doctors® Ether 17.5oz Ultralight Camping Sleeping Pad - Backpacking Air Mattress - Camping Mattress Pad - Compact Inflatable Sleeping Mat for Ba","1","amazon.com","Standard Orders","Amazon","MANHEIM","PA","17545","MarketplaceFacilitator","33.99","2.04","0","0","0","0","0","0","0","0","-2.04","-5.10","-5.42","0","0","23.47","Released","Jan 25, 2026 7:54:22 AM PST"
"Jan 15, 2026 10:05:09 PM PST","25392467641","Refund","114-5915746-8633010","GDApolloAir01","Gear Doctors ApolloAir 5.2 R-Value [17oz] Ultralight Insulated Inflatable Camping Sleeping Pad - Backpacking Sleeping Pad - Camping Mattress Compact L","1","amazon.com","Standard Orders","Amazon","San Francisco","California","94109","MarketplaceFacilitator","-84.99","-7.33","0","0","0","0","0","0","0","0","7.33","10.20","0","0","0","-74.79","Released","Jan 15, 2026 10:05:09 PM PST"
"Jan 15, 2026 11:00:43 PM PST","25392467641","Order","113-0868480-5114669","GDClassic01","Gear Doctors Oxylus 4.3R-Value Insulated Foam Self Inflating Sleeping Pad Camping-Sleeping Pad Backpacking Air Mattress-Camping Mattress Self Inflatin","1","amazon.com","Standard Orders","Amazon","SEATTLE","WA","98105","MarketplaceFacilitator","37.49","3.96","0.21","0","0","0","0","0","-0.21","0","-3.96","-5.62","-7.61","0","0","24.26","Released","Jan 23, 2026 5:07:51 AM PST"
"Jan 15, 2026 11:02:19 PM PST","25495925401","Order","114-9050106-9605853","Ether-01","Gear Doctors® Ether 17.5oz Ultralight Camping Sleeping Pad - Backpacking Air Mattress - Camping Mattress Pad - Compact Inflatable Sleeping Mat for Ba","1","amazon.com","Standard Orders","Amazon","SNYDER","TX","79549","MarketplaceFacilitator","33.99","2.80","0","0","0","0","0","0","0","0","-2.80","-5.10","-5.42","0","0","23.47","Released","Jan 26, 2026 2:58:34 AM PST"
"Jan 15, 2026 11:02:46 PM PST","25495925401","Order","112-2285758-1869819","Ether-01","Gear Doctors® Ether 17.5oz Ultralight Camping Sleeping Pad - Backpacking Air Mattress - Camping Mattress Pad - Compact Inflatable Sleeping Mat for Ba","1","amazon.com","Standard Orders","Amazon","FALLBROOK","CA","92028","MarketplaceFacilitator","33.99","2.63","0","0","0","0","0","0","0","0","-2.63","-5.10","-5.42","0","0","23.47","Released","Jan 24, 2026 7:54:41 AM PST"
"Jan 15, 2026 11:13:51 PM PST","25495925401","Order","113-0340789-3518646","Ether-01","Gear Doctors® Ether 17.5oz Ultralight Camping Sleeping Pad - Backpacking Air Mattress - Camping Mattress Pad - Compact Inflatable Sleeping Mat for Ba","1","amazon.com","Standard Orders","Amazon","COSTA MESA","CA","92626","MarketplaceFacilitator","33.99","2.63","0","0","0","0","0","0","0","0","-2.63","-5.10","-5.42","0","0","23.47","Released","Jan 24, 2026 3:27:09 AM PST"
"Jan 15, 2026 11:14:06 PM PST","25392467641","Order","113-7403379-7718669","GDClassic01","Gear Doctors Oxylus 4.3R-Value Insulated Foam Self Inflating Sleeping Pad Camping-Sleeping Pad Backpacking Air Mattress-Camping Mattress Self Inflatin","1","amazon.com","Standard Orders","Amazon","KERNERSVILLE","NC","27284","MarketplaceFacilitator","37.49","2.62","0","0","0","0","0","0","0","0","-2.62","-5.62","-7.61","0","0","24.26","Released","Jan 23, 2026 7:38:54 PM PST"
"Jan 15, 2026 11:22:00 PM PST","25495925401","Order","113-4125849-5633037","Ether-01","Gear Doctors® Ether 17.5oz Ultralight Camping Sleeping Pad - Backpacking Air Mattress - Camping Mattress Pad - Compact Inflatable Sleeping Mat for Ba","1","amazon.com","Standard Orders","Amazon","BANNING","CA","92220","MarketplaceFacilitator","33.99","2.37","0","0","0","0","0","0","-3.40","0","-2.37","-4.59","-5.42","0","0","20.58","Released","Jan 24, 2026 7:20:00 AM PST"
"Jan 15, 2026 11:59:56 PM PST","25392467641","Order","111-1144597-0750638","Ether-01","Gear Doctors® Ether 17.5oz Ultralight Camping Sleeping Pad - Backpacking Air Mattress - Camping Mattress Pad - Compact Inflatable Sleeping Mat for Ba","1","amazon.com","Standard Orders","Amazon","PEORIA","AZ","85383","MarketplaceFacilitator","33.99","2.75","1.00","0","0","0","0","0","-1.00","0","-2.75","-5.10","-5.42","0","0","23.47","Released","Jan 23, 2026 7:08:02 AM PST"
"Jan 16, 2026 12:09:25 AM PST","25495925401","Order","112-8119414-1364250","GDApolloAir01","Gear Doctors ApolloAir 5.2 R-Value [17oz] Ultralight Insulated Inflatable Camping Sleeping Pad - Backpacking Sleeping Pad - Camping Mattress Compact L","1","amazon.com","Standard Orders","Amazon","HOUSTON","TX","77007","MarketplaceFacilitator","84.99","7.01","0","0","0","0","0","0","0","0","-7.01","-12.75","-5.68","0","0","66.56","Released","Jan 24, 2026 2:37:58 AM PST"
"Jan 16, 2026 12:23:06 AM PST","25392467641","Refund","114-9283423-9133827","GDCampingPillowOrange","Gear Doctors 3.5oz Compact Ultralight Inflatable Camping Pillow- Inflatable Camp Pillow- Backpacking Pillows Ultralight- Camping Pillows for Sleeping,","1","amazon.com","Standard Orders","Amazon","JERSEY CITY","NJ","07305","MarketplaceFacilitator","-14.99","-0.99","0","0","0","0","0","0","0","0","0.99","1.80","0","0","0","-13.19","Released","Jan 16, 2026 8:16:38 PM PST"
"Jan 16, 2026 12:25:15 AM PST","25495925401","Order","113-4220728-7660253","Ether-01","Gear Doctors® Ether 17.5oz Ultralight Camping Sleeping Pad - Backpacking Air Mattress - Camping Mattress Pad - Compact Inflatable Sleeping Mat for Ba","1","amazon.com","Standard Orders","Amazon","GONZALES","LA","70737","MarketplaceFacilitator","33.99","3.23","0","0","0","0","0","0","0","0","-3.23","-5.10","-5.42","0","0","23.47","Released","Jan 26, 2026 1:29:42 AM PST"
"Jan 16, 2026 12:46:31 AM PST","25495925401","Order","112-6141109-9548247","GDApolloAir01","Gear Doctors ApolloAir 5.2 R-Value [17oz] Ultralight Insulated Inflatable Camping Sleeping Pad - Backpacking Sleeping Pad - Camping Mattress Compact L","1","amazon.com","Standard Orders","Amazon","WESTMINSTER","CO","80020","MarketplaceFacilitator","84.99","6.69","2.99","0","0","0","0","0","-11.49","0","-6.69","-11.47","-5.68","0","0","59.34","Released","Jan 24, 2026 6:22:40 AM PST"
"Jan 16, 2026 12:59:56 AM PST","25495925401","Order","114-2690906-3083438","GDClassic01","Gear Doctors Oxylus 4.3R-Value Insulated Foam Self Inflating Sleeping Pad Camping-Sleeping Pad Backpacking Air Mattress-Camping Mattress Self Inflatin","1","amazon.com","Standard Orders","Amazon","FAIRBURN","GA","30213","MarketplaceFacilitator","37.49","2.91","0","0","0","0","0","0","0","0","-2.91","-5.62","-7.61","0","0","24.26","Released","Jan 24, 2026 1:53:42 AM PST"
"Jan 16, 2026 2:04:00 AM PST","25495925401","Order","113-4577186-8129857","GDCampingPillowOrange","Gear Doctors 3.5oz Compact Ultralight Inflatable Camping Pillow-Inflatable Camp Pillow-Backpacking Pillows Ultralight-Camping Pillows for Sleeping, Hi","2","amazon.com","Standard Orders","Amazon","MONTICELLO","FL","32344","MarketplaceFacilitator","29.98","2.10","0","0","0","0","0","0","0","0","-2.10","-4.50","-7.90","0","0","17.58","Released","Jan 25, 2026 2:26:24 AM PST"
"Jan 16, 2026 2:17:03 AM PST","25495925401","Order","111-2347277-8988230","GDCampingPillowOrange","Gear Doctors 3.5oz Compact Ultralight Inflatable Camping Pillow-Inflatable Camp Pillow-Backpacking Pillows Ultralight-Camping Pillows for Sleeping, Hi","1","amazon.com","Standard Orders","Amazon","AWENDAW","SC","29429","MarketplaceFacilitator","14.99","1.35","0","0","0","0","0","0","0","0","-1.35","-2.25","-3.95","0","0","8.79","Released","Jan 24, 2026 11:24:28 PM PST"
"Jan 16, 2026 3:05:40 AM PST","25392467641","Order","112-4667046-3122609","Ether-01","Gear Doctors® Ether 17.5oz Ultralight Camping Sleeping Pad - Backpacking Air Mattress - Camping Mattress Pad - Compact Inflatable Sleeping Mat for Ba","1","amazon.com","Standard Orders","Amazon","RICHBORO","PA","18954","MarketplaceFacilitator","33.99","2.04","2.99","0","0","0","0","0","-2.99","0","-2.04","-5.10","-5.42","0","0","23.47","Released","Jan 23, 2026 7:54:00 AM PST"
"Jan 16, 2026 3:09:34 AM PST","25392467641","Refund","114-3361220-2215413","Ether-01","Gear Doctors® Ether 17.5oz Ultralight Camping Sleeping Pad - Backpacking Air Mattress - Camping Mattress Pad - Compact Inflatable Sleeping Mat for Ba","1","amazon.com","Standard Orders","Amazon","GREENVILLE","SC","29607","MarketplaceFacilitator","-23.79","-1.43","0","0","0","0","0","0","0","0","1.43","2.86","0","0","0","-20.93","Released","Jan 16, 2026 3:09:34 AM PST"
"Jan 16, 2026 3:17:01 AM PST","25392467641","Refund","114-3361220-2215413","Ether-01","Gear Doctors® Ether 17.5oz Ultralight Camping Sleeping Pad - Backpacking Air Mattress - Camping Mattress Pad - Compact Inflatable Sleeping Mat for Ba","1","amazon.com","Standard Orders","Amazon","GREENVILLE","SC","29607","MarketplaceFacilitator","-23.79","-1.43","0","0","0","0","0","0","0","0","1.43","2.86","0","0","0","-20.93","Released","Jan 16, 2026 3:17:01 AM PST"
"Jan 16, 2026 3:44:37 AM PST","25392467641","Order","114-9394020-6684201","Ether-01","Gear Doctors® Ether 17.5oz Ultralight Camping Sleeping Pad - Backpacking Air Mattress - Camping Mattress Pad - Compact Inflatable Sleeping Mat for Ba","1","amazon.com","Standard Orders","Amazon","CHICAGO","IL","60625","MarketplaceFacilitator","33.99","3.48","2.99","0","0","0","0","0","-2.99","0","-3.48","-5.10","-5.42","0","0","23.47","Released","Jan 23, 2026 7:29:27 AM PST"
"Jan 16, 2026 3:46:36 AM PST","25495925401","Order","114-3975243-1160248","GDClassic01","Gear Doctors Oxylus 4.3R-Value Insulated Foam Self Inflating Sleeping Pad Camping-Sleeping Pad Backpacking Air Mattress-Camping Mattress Self Inflatin","1","amazon.com","Standard Orders","Amazon","TUSTIN","CA","92780","MarketplaceFacilitator","37.49","2.91","0","0","0","0","0","0","0","0","-2.91","-5.62","-7.61","0","0","24.26","Released","Jan 24, 2026 4:43:21 AM PST"
"Jan 16, 2026 3:50:19 AM PST","25392467641","Adjustment","114-1931230-3149830","Ether-01","FBA Inventory Reimbursement - Customer Return","1","","Standard Orders","","","","","","0","0","0","0","0","0","0","0","0","0","0","0","0","0","14.97","14.97","Released","Jan 16, 2026 3:50:19 AM PST"
"Jan 16, 2026 4:16:40 AM PST","25495925401","Order","111-0943612-3029842","Ether-01","Gear Doctors® Ether 17.5oz Ultralight Camping Sleeping Pad - Backpacking Air Mattress - Camping Mattress Pad - Compact Inflatable Sleeping Mat for Ba","1","amazon.com","Standard Orders","Amazon","AMERICAN FORK","UT","84003","MarketplaceFacilitator","33.99","2.53","0","0","0","0","0","0","0","0","-2.53","-5.10","-5.42","0","0","23.47","Released","Jan 24, 2026 8:36:52 AM PST"
"Jan 16, 2026 4:31:29 AM PST","25495925401","Order","113-4901402-4133822","Ether-01","Gear Doctors® Ether 17.5oz Ultralight Camping Sleeping Pad - Backpacking Air Mattress - Camping Mattress Pad - Compact Inflatable Sleeping Mat for Ba","1","amazon.com","Standard Orders","Amazon","HAYWARD","CA","94542","MarketplaceFacilitator","33.99","3.65","2.99","0","0","0","0","0","-2.99","0","-3.65","-5.10","-5.42","0","0","23.47","Released","Jan 24, 2026 4:17:12 AM PST"
"Jan 16, 2026 4:49:02 AM PST","25495925401","Order","111-8478879-4137045","Ether-01","Gear Doctors® Ether 17.5oz Ultralight Camping Sleeping Pad - Backpacking Air Mattress - Camping Mattress Pad - Compact Inflatable Sleeping Mat for Ba","1","amazon.com","Standard Orders","Amazon","HILO","HI","96720","MarketplaceFacilitator","33.99","1.60","0","0","0","0","0","0","0","0","-1.60","-5.10","-5.42","0","0","23.47","Released","Jan 24, 2026 11:44:00 PM PST"
"Jan 16, 2026 5:06:32 AM PST","25495925401","Order","111-3281076-2467465","GDApolloAir01","Gear Doctors ApolloAir 5.2 R-Value [17oz] Ultralight Insulated Inflatable Camping Sleeping Pad - Backpacking Sleeping Pad - Camping Mattress Compact L","1","amazon.com","Standard Orders","Amazon","SAN BRUNO","CA","94066","MarketplaceFacilitator","84.99","8.39","0","0","0","0","0","0","0","0","-8.39","-12.75","-5.68","0","0","66.56","Released","Jan 24, 2026 4:58:39 AM PST"
"Jan 16, 2026 5:57:38 AM PST","25392467641","Order","113-1121858-3099464","Ether-01","Gear Doctors® Ether 17.5oz Ultralight Camping Sleeping Pad - Backpacking Air Mattress - Camping Mattress Pad - Compact Inflatable Sleeping Mat for Ba","1","amazon.com","Standard Orders","Amazon","MURRAY","UT","84123","MarketplaceFacilitator","33.99","2.60","0.99","0","0","0","0","0","-0.99","0","-5.20","-10.20","-5.42","0","0","15.77","Released","Jan 23, 2026 8:03:14 AM PST"
"Jan 16, 2026 5:57:38 AM PST","25392467641","Order","113-1121858-3099464","Ether-01","Gear Doctors® Ether 17.5oz Ultralight Camping Sleeping Pad - Backpacking Air Mattress - Camping Mattress Pad - Compact Inflatable Sleeping Mat for Ba","1","amazon.com","Standard Orders","Amazon","MURRAY","UT","84123","","33.99","2.60","1.00","0","0","0","0","0","-1.00","0","0","0","-5.42","0","0","31.17","Released","Jan 23, 2026 8:03:14 AM PST"
"Jan 16, 2026 6:19:24 AM PST","25495925401","Order","114-7174078-8384236","Ether-01","Gear Doctors® Ether 17.5oz Ultralight Camping Sleeping Pad - Backpacking Air Mattress - Camping Mattress Pad - Compact Inflatable Sleeping Mat for Ba","1","amazon.com","Standard Orders","Amazon","PERRIS","CA","92570","MarketplaceFacilitator","33.99","2.63","2.99","0","0","0","0","0","-2.99","0","-2.63","-5.10","-5.42","0","0","23.47","Released","Jan 24, 2026 3:23:16 AM PST"
"Jan 16, 2026 7:01:07 AM PST","25495925401","Order","113-9411476-3829853","Ether-01","Gear Doctors® Ether 17.5oz Ultralight Camping Sleeping Pad - Backpacking Air Mattress - Camping Mattress Pad - Compact Inflatable Sleeping Mat for Ba","1","amazon.com","Standard Orders","Amazon","PORTLAND","MI","48875","MarketplaceFacilitator","33.99","2.04","2.99","0","0","0","0","0","-2.99","0","-2.04","-5.10","-5.42","0","0","23.47","Released","Jan 24, 2026 4:42:21 AM PST"
"Jan 16, 2026 7:12:30 AM PST","25495925401","Order","113-0209844-0681802","Ether-01","Gear Doctors® Ether 17.5oz Ultralight Camping Sleeping Pad - Backpacking Air Mattress - Camping Mattress Pad - Compact Inflatable Sleeping Mat for Ba","1","amazon.com","Standard Orders","Amazon","MIAMI","FL","33193","MarketplaceFacilitator","33.99","2.38","0","0","0","0","0","0","0","0","-2.38","-5.10","-5.42","0","0","23.47","Released","Jan 25, 2026 7:19:32 AM PST"
"Jan 16, 2026 7:12:45 AM PST","25392467641","Order","114-7577032-2177855","Ether-01","Gear Doctors® Ether 17.5oz Ultralight Camping Sleeping Pad - Backpacking Air Mattress - Camping Mattress Pad - Compact Inflatable Sleeping Mat for Ba","1","amazon.com","Standard Orders","Amazon","LAKEWOOD","WA","98499","MarketplaceFacilitator","33.99","3.43","1.50","0","0","0","0","0","-1.50","0","-3.43","-5.10","-5.42","0","0","23.47","Released","Jan 23, 2026 10:27:18 PM PST"
"Jan 16, 2026 7:13:27 AM PST","25392467641","Service Fee","FBA190XXH2LN","","FBA Inbound Placement Service Fee","","Amazon.com","Standard Orders","","","","","","0","0","0","0","0","0","0","0","0","0","0","0","0","0","0","0","Released","Jan 16, 2026 7:13:27 AM PST"
"Jan 16, 2026 7:25:28 AM PST","25495925401","Order","113-7595076-9850667","Ether-01","Gear Doctors® Ether 17.5oz Ultralight Camping Sleeping Pad - Backpacking Air Mattress - Camping Mattress Pad - Compact Inflatable Sleeping Mat for Ba","1","amazon.com","Standard Orders","Amazon","ATLANTA","GA","30309","MarketplaceFacilitator","33.99","3.03","0.74","0","0","0","0","0","-0.74","0","-3.03","-5.10","-5.42","0","0","23.47","Released","Jan 24, 2026 4:06:23 AM PST"
"Jan 16, 2026 7:29:21 AM PST","25495925401","Order","113-8658587-3105023","GDClassic01","Gear Doctors Oxylus 4.3R-Value Insulated Foam Self Inflating Sleeping Pad Camping-Sleeping Pad Backpacking Air Mattress-Camping Mattress Self Inflatin","1","amazon.com","Standard Orders","Amazon","SCARSDALE","NY","10583","MarketplaceFacilitator","37.49","3.14","2.99","0","0","0","0","0","-2.99","0","-3.14","-5.62","-7.61","0","0","24.26","Released","Jan 24, 2026 8:06:09 AM PST"
"Jan 16, 2026 8:36:40 AM PST","25495925401","Order","113-0772621-5777800","Ether-01","Gear Doctors® Ether 17.5oz Ultralight Camping Sleeping Pad - Backpacking Air Mattress - Camping Mattress Pad - Compact Inflatable Sleeping Mat for Ba","1","amazon.com","Standard Orders","Amazon","YUCAIPA","CA","92399","MarketplaceFacilitator","33.99","2.97","1.50","0","0","0","0","0","-1.50","0","-2.97","-5.10","-5.42","0","0","23.47","Released","Jan 24, 2026 6:53:44 AM PST"
"Jan 16, 2026 8:44:36 AM PST","25392467641","Order","111-8797516-7865835","Ether-01","Gear Doctors® Ether 17.5oz Ultralight Camping Sleeping Pad - Backpacking Air Mattress - Camping Mattress Pad - Compact Inflatable Sleeping Mat for Ba","1","amazon.com","Standard Orders","Amazon","COLORADO SPRINGS","CO","80923","MarketplaceFacilitator","33.99","2.79","0.50","0","0","0","0","0","-0.50","0","-2.79","-5.10","-5.42","0","0","23.47","Released","Jan 23, 2026 10:33:39 PM PST"
"Jan 16, 2026 9:31:16 AM PST","25392467641","Refund","111-7499863-3340206","GDCampingPillowOrange","Gear Doctors 3.5oz Compact Ultralight Inflatable Camping Pillow-Inflatable Camp Pillow-Backpacking Pillows Ultralight-Camping Pillows for Sleeping, Hi","1","amazon.com","Standard Orders","Amazon","WALDEN","NY","12586","MarketplaceFacilitator","-14.99","-1.22","-1.50","0","0","0","0","0","1.50","0","1.22","1.80","0","0","0","-13.19","Released","Jan 18, 2026 2:29:26 AM PST"
"Jan 16, 2026 10:31:20 AM PST","25495925401","Order","113-1718000-3462612","Ether-01","Gear Doctors® Ether 17.5oz Ultralight Camping Sleeping Pad - Backpacking Air Mattress - Camping Mattress Pad - Compact Inflatable Sleeping Mat for Ba","3","amazon.com","Standard Orders","Amazon","SARASOTA","FL","34241","MarketplaceFacilitator","101.97","7.14","0","0","0","0","0","0","0","0","-7.14","-15.30","-16.26","0","0","70.41","Released","Jan 25, 2026 1:07:29 AM PST"
"Jan 16, 2026 10:46:19 AM PST","25495925401","Order","112-7997139-4089844","Ether-01","Gear Doctors® Ether 17.5oz Ultralight Camping Sleeping Pad - Backpacking Air Mattress - Camping Mattress Pad - Compact Inflatable Sleeping Mat for Ba","1","amazon.com","Standard Orders","Amazon","KENNESAW","GA","30144","MarketplaceFacilitator","33.99","2.04","1.50","0","0","0","0","0","-1.50","0","-2.04","-5.10","-5.42","0","0","23.47","Released","Jan 24, 2026 8:12:07 AM PST"
"Jan 16, 2026 11:23:25 AM PST","25392467641","Refund","113-0435632-4938623","Ether-01","Gear Doctors® Ether 17.5oz Ultralight Camping Sleeping Pad - Backpacking Air Mattress - Camping Mattress Pad - Compact Inflatable Sleeping Mat for Ba","1","amazon.com","Standard Orders","Amazon","WOODSTOCK","MD","21163","MarketplaceFacilitator","-33.99","-2.04","0","0","0","0","0","0","0","0","2.04","4.08","0","0","0","-29.91","Released","Jan 18, 2026 5:15:19 AM PST"
"Jan 16, 2026 11:41:20 AM PST","25495925401","Order","113-1105267-7393817","GDClassic01","Gear Doctors Oxylus 4.3R-Value Insulated Foam Self Inflating Sleeping Pad Camping-Sleeping Pad Backpacking Air Mattress-Camping Mattress Self Inflatin","2","amazon.com","Standard Orders","Amazon","LILLINGTON","NC","27546","MarketplaceFacilitator","74.98","5.24","2.99","0","0","0","0","0","-2.99","0","-5.24","-11.24","-15.22","0","0","48.52","Released","Jan 24, 2026 6:19:49 AM PST"
"Jan 16, 2026 11:51:41 AM PST","25495925401","Order","114-9080982-1839449","Ether-01","Gear Doctors® Ether 17.5oz Ultralight Camping Sleeping Pad - Backpacking Air Mattress - Camping Mattress Pad - Compact Inflatable Sleeping Mat for Ba","1","amazon.com","Standard Orders","Amazon","MARIANNA","FL","32446","MarketplaceFacilitator","33.99","2.55","0","0","0","0","0","0","0","0","-2.55","-5.10","-5.42","0","0","23.47","Released","Jan 25, 2026 12:58:34 AM PST"
"Jan 16, 2026 12:17:07 PM PST","25495925401","Order","112-4003333-2978661","Ether-01","Gear Doctors® Ether 17.5oz Ultralight Camping Sleeping Pad - Backpacking Air Mattress - Camping Mattress Pad - Compact Inflatable Sleeping Mat for Ba","2","amazon.com","Standard Orders","Amazon","CLERMONT","FL","34711","MarketplaceFacilitator","67.98","4.76","0","0","0","0","0","0","0","0","-4.76","-10.20","-10.84","0","0","46.94","Released","Jan 25, 2026 4:34:26 AM PST"
"Jan 16, 2026 1:06:55 PM PST","25495925401","Order","114-8196958-4957841","Ether-01","Gear Doctors® Ether 17.5oz Ultralight Camping Sleeping Pad - Backpacking Air Mattress - Camping Mattress Pad - Compact Inflatable Sleeping Mat for Ba","1","amazon.com","Standard Orders","Amazon","BAKERSFIELD","CA","93312","MarketplaceFacilitator","33.99","2.80","1.50","0","0","0","0","0","-1.50","0","-2.80","-5.10","-5.42","0","0","23.47","Released","Jan 24, 2026 2:10:49 AM PST"
"Jan 16, 2026 1:16:30 PM PST","25495925401","Order","112-7605346-3369005","Ether-01","Gear Doctors® Ether 17.5oz Ultralight Camping Sleeping Pad - Backpacking Air Mattress - Camping Mattress Pad - Compact Inflatable Sleeping Mat for Ba","1","amazon.com","Standard Orders","Amazon","EL DORADO","CA","95623","MarketplaceFacilitator","33.99","2.46","0","0","0","0","0","0","0","0","-2.46","-5.10","-5.42","0","0","23.47","Released","Jan 25, 2026 4:36:01 AM PST"
"Jan 16, 2026 1:37:48 PM PST","25392467641","Adjustment","113-9610142-7568237","F7-29UM-91GE","FBA Inventory Reimbursement - Customer Return","1","","Standard Orders","","","","","","0","0","0","0","0","0","0","0","0","0","0","0","0","0","59.34","59.34","Released","Jan 16, 2026 1:37:48 PM PST"
"Jan 16, 2026 1:55:36 PM PST","25495925401","Order","112-2651980-5905017","GDClassic01","Gear Doctors Oxylus 4.3R-Value Insulated Foam Self Inflating Sleeping Pad Camping-Sleeping Pad Backpacking Air Mattress-Camping Mattress Self Inflatin","1","amazon.com","Standard Orders","Amazon","NAPLES","FL","34116","MarketplaceFacilitator","37.49","2.25","0","0","0","0","0","0","0","0","-2.25","-5.62","-7.61","0","0","24.26","Released","Jan 24, 2026 6:24:53 PM PST"
"Jan 16, 2026 2:17:51 PM PST","25495925401","Order","114-9399552-2205826","Ether-01","Gear Doctors® Ether 17.5oz Ultralight Camping Sleeping Pad - Backpacking Air Mattress - Camping Mattress Pad - Compact Inflatable Sleeping Mat for Ba","1","amazon.com","Standard Orders","Amazon","BANCROFT","MI","48414","MarketplaceFacilitator","33.99","2.04","0","0","0","0","0","0","0","0","-2.04","-5.10","-5.42","0","0","23.47","Released","Jan 25, 2026 1:41:06 AM PST"
"Jan 16, 2026 2:56:55 PM PST","25495925401","Order","111-2555853-5965858","Ether-01","Gear Doctors® Ether 17.5oz Ultralight Camping Sleeping Pad - Backpacking Air Mattress - Camping Mattress Pad - Compact Inflatable Sleeping Mat for Ba","1","amazon.com","Standard Orders","Amazon","FAIRVIEW HEIGHTS","IL","62208","MarketplaceFacilitator","33.99","2.84","2.99","0","0","0","0","0","-2.99","0","-2.84","-5.10","-5.42","0","0","23.47","Released","Jan 24, 2026 4:14:18 AM PST"
"Jan 16, 2026 3:29:46 PM PST","25495925401","Order","113-7117822-0553869","Ether-01","Gear Doctors® Ether 17.5oz Ultralight Camping Sleeping Pad - Backpacking Air Mattress - Camping Mattress Pad - Compact Inflatable Sleeping Mat for Ba","1","amazon.com","Standard Orders","Amazon","GASTONIA","NC","28052","MarketplaceFacilitator","33.99","2.38","0","0","0","0","0","0","0","0","-2.38","-5.10","-5.42","0","0","23.47","Released","Jan 25, 2026 4:45:24 AM PST"
"Jan 16, 2026 3:40:09 PM PST","25495925401","Order","113-7077616-5452260","GDCampingPillowOrange","Gear Doctors 3.5oz Compact Ultralight Inflatable Camping Pillow-Inflatable Camp Pillow-Backpacking Pillows Ultralight-Camping Pillows for Sleeping, Hi","1","amazon.com","Standard Orders","Amazon","FORT MYERS","FL","33908","MarketplaceFacilitator","14.99","0.97","0","0","0","0","0","0","0","0","-0.97","-2.25","-3.95","0","0","8.79","Released","Jan 24, 2026 1:51:41 PM PST"
"Jan 16, 2026 4:36:40 PM PST","25392467641","Refund","114-0837271-9741059","GDApolloAir01","Gear Doctors ApolloAir 5.2 R-Value [17oz] Ultralight Insulated Inflatable Camping Sleeping Pad - Backpacking Sleeping Pad - Camping Mattress Compact L","1","amazon.com","Standard Orders","Amazon","UPLAND","CA","91786","MarketplaceFacilitator","-76.50","-5.93","0","0","0","0","0","0","0","0","5.93","9.18","0","0","0","-67.32","Released","Jan 16, 2026 4:36:40 PM PST"
"Jan 16, 2026 4:40:10 PM PST","25495925401","Order","111-2179765-1305060","Ether-01","Gear Doctors® Ether 17.5oz Ultralight Camping Sleeping Pad - Backpacking Air Mattress - Camping Mattress Pad - Compact Inflatable Sleeping Mat for Ba","1","amazon.com","Standard Orders","Amazon","COLUMBIA","SC","29212","MarketplaceFacilitator","33.99","2.72","0","0","0","0","0","0","0","0","-2.72","-5.10","-5.42","0","0","23.47","Released","Jan 24, 2026 11:02:39 PM PST"
"Jan 16, 2026 5:46:52 PM PST","25495925401","Order","114-1887836-3120218","Ether-01","Gear Doctors® Ether 17.5oz Ultralight Camping Sleeping Pad - Backpacking Air Mattress - Camping Mattress Pad - Compact Inflatable Sleeping Mat for Ba","1","amazon.com","Standard Orders","Amazon","FORT POLK","LA","71459","MarketplaceFacilitator","33.99","3.06","0","0","0","0","0","0","0","0","-3.06","-5.10","-5.42","0","0","23.47","Released","Jan 27, 2026 7:44:54 AM PST"
"Jan 16, 2026 6:05:45 PM PST","25392467641","Refund","114-7471355-7576230","GDApolloAir-02","Gear Doctors ApolloAir 5.2 R-Value [25oz] Ultralight Insulated Inflatable Camping Sleeping Pad - Backpacking Sleeping Pad - Camping Mattress Compact L","1","amazon.com","Standard Orders","Amazon","DALY CITY","CA","94014","MarketplaceFacilitator","-89.99","-8.89","0","0","0","0","0","0","0","0","8.89","10.80","0","0","0","-79.19","Released","Jan 21, 2026 6:46:24 AM PST"
"Jan 16, 2026 6:10:30 PM PST","25495925401","Order","112-1052384-7117065","GDApolloAir-02","Gear Doctors ApolloAir 5.2 R-Value [25oz] Ultralight Insulated Inflatable Camping Sleeping Pad - Backpacking Sleeping Pad - Camping Mattress Compact L","1","amazon.com","Standard Orders","Amazon","NIAGARA FALLS","NY","14304","MarketplaceFacilitator","89.99","6.48","0","0","0","0","0","0","-9.00","0","-6.48","-12.15","-6.08","0","0","62.76","Released","Jan 25, 2026 3:20:36 AM PST"
"Jan 16, 2026 6:25:20 PM PST","25392467641","Refund","114-6933211-0674663","GDClassic01","Gear Doctors Self Inflating Camping Sleeping Pad for Camping 4.3 R Insulated Camping mats-1.5 in Must Haves Inflatable Foam air Sleep mat Self Inflati","1","amazon.com","Standard Orders","Amazon","Walled Lake","MI","48390","MarketplaceFacilitator","-37.49","-2.25","-2.99","0","0","0","0","0","2.99","0","2.25","4.50","0","0","0","-32.99","Released","Jan 16, 2026 6:25:20 PM PST"
"Jan 16, 2026 6:51:00 PM PST","25495925401","Order","111-0482924-3122635","Ether-01","Gear Doctors® Ether 17.5oz Ultralight Camping Sleeping Pad - Backpacking Air Mattress - Camping Mattress Pad - Compact Inflatable Sleeping Mat for Ba","1","amazon.com","Standard Orders","Amazon","COLD SPRING HARBOR","NY","11724","MarketplaceFacilitator","33.99","2.97","0","0","0","0","0","0","0","0","-2.97","-5.10","-5.42","0","0","23.47","Released","Jan 24, 2026 11:50:33 PM PST"
"Jan 16, 2026 7:04:08 PM PST","25495925401","Order","114-6235591-9432233","Ether-01","Gear Doctors® Ether 17.5oz Ultralight Camping Sleeping Pad - Backpacking Air Mattress - Camping Mattress Pad - Compact Inflatable Sleeping Mat for Ba","1","amazon.com","Standard Orders","Amazon","SANGER","TX","76266","MarketplaceFacilitator","33.99","2.12","0","0","0","0","0","0","0","0","-2.12","-5.10","-5.42","0","0","23.47","Released","Jan 24, 2026 4:32:35 PM PST"
"Jan 16, 2026 7:17:03 PM PST","25495925401","Order","111-6476755-9069830","Ether-01","Gear Doctors® Ether 17.5oz Ultralight Camping Sleeping Pad - Backpacking Air Mattress - Camping Mattress Pad - Compact Inflatable Sleeping Mat for Ba","1","amazon.com","Standard Orders","Amazon","BRYANS ROAD","MD","20616","MarketplaceFacilitator","33.99","2.04","2.99","0","0","0","0","0","-2.99","0","-2.04","-5.10","-5.42","0","0","23.47","Released","Jan 24, 2026 4:21:16 AM PST"
"Jan 16, 2026 7:35:18 PM PST","25495925401","Order","114-9569568-3785801","GDClassic01","Gear Doctors Oxylus 4.3R-Value Insulated Foam Self Inflating Sleeping Pad Camping-Sleeping Pad Backpacking Air Mattress-Camping Mattress Self Inflatin","2","amazon.com","Standard Orders","Amazon","BRONX","NY","10463","MarketplaceFacilitator","74.98","6.66","0","0","0","0","0","0","0","0","-6.66","-11.24","-15.22","0","0","48.52","Released","Jan 24, 2026 1:36:15 PM PST"
"Jan 16, 2026 7:50:19 PM PST","25495925401","Order","112-7066192-4701069","Ether-01","Gear Doctors® Ether 17.5oz Ultralight Camping Sleeping Pad - Backpacking Air Mattress - Camping Mattress Pad - Compact Inflatable Sleeping Mat for Ba","1","amazon.com","Standard Orders","Amazon","LAKE CHARLES","LA","70607","MarketplaceFacilitator","33.99","1.70","0","0","0","0","0","0","0","0","-1.70","-5.10","-5.42","0","0","23.47","Released","Jan 26, 2026 1:11:19 AM PST"
"Jan 16, 2026 8:17:38 PM PST","25392467641","Refund","112-0099064-8607416","Ether-01","Gear Doctors® Ether 17.5oz Ultralight Camping Sleeping Pad - Backpacking Air Mattress - Camping Mattress Pad - Compact Inflatable Sleeping Mat for Ba","1","amazon.com","Standard Orders","Amazon","San Jose","CA","95113","MarketplaceFacilitator","-33.99","-3.19","0","0","0","0","0","0","0","0","3.19","4.08","0","0","0","-29.91","Released","Jan 16, 2026 8:17:38 PM PST"
"Jan 16, 2026 8:19:56 PM PST","25392467641","Refund","114-0266925-7912248","Ether-01","Gear Doctors® Ether 17.5oz Ultralight Camping Sleeping Pad - Backpacking Air Mattress - Camping Mattress Pad - Compact Inflatable Sleeping Mat for Ba","1","amazon.com","Standard Orders","Amazon","MOUNT PLEASANT","SC","29464","MarketplaceFacilitator","-33.99","-3.06","-2.83","0","0","0","0","0","2.83","0","3.06","4.08","0","0","0","-29.91","Released","Jan 16, 2026 8:19:56 PM PST"
"Jan 16, 2026 9:28:48 PM PST","25495925401","Order","112-3893664-4880246","GDClassic01","Gear Doctors Oxylus 4.3R-Value Insulated Foam Self Inflating Sleeping Pad Camping-Sleeping Pad Backpacking Air Mattress-Camping Mattress Self Inflatin","1","amazon.com","Standard Orders","Amazon","QUEEN CREEK","AZ","85142","MarketplaceFacilitator","37.49","2.36","2.99","0","0","0","0","0","-2.99","0","-2.36","-5.62","-7.61","0","0","24.26","Released","Jan 24, 2026 7:33:09 AM PST"
"Jan 16, 2026 9:29:41 PM PST","25495925401","Order","113-4186962-9001824","Ether-01","Gear Doctors® Ether 17.5oz Ultralight Camping Sleeping Pad - Backpacking Air Mattress - Camping Mattress Pad - Compact Inflatable Sleeping Mat for Ba","1","amazon.com","Standard Orders","Amazon","SAINTE GENEVIEVE","MO","63670","MarketplaceFacilitator","33.99","1.44","0","0","0","0","0","0","0","0","-1.44","-5.10","-5.42","0","0","23.47","Released","Jan 28, 2026 5:44:41 AM PST"
"Jan 16, 2026 9:54:56 PM PST","25495925401","Order","111-2982596-4485813","GDCampingPillowOrange","Gear Doctors 3.5oz Compact Ultralight Inflatable Camping Pillow-Inflatable Camp Pillow-Backpacking Pillows Ultralight-Camping Pillows for Sleeping, Hi","1","amazon.com","Standard Orders","Amazon","BURR RIDGE","IL","60527","MarketplaceFacilitator","14.99","1.09","0","0","0","0","0","0","0","0","-1.09","-2.25","-3.95","0","0","8.79","Released","Jan 26, 2026 1:41:42 AM PST"
"Jan 16, 2026 9:59:05 PM PST","25392467641","Service Fee","","","Cost of Advertising","","","Standard Orders","","","","","","0","0","0","0","0","0","0","0","0","0","0","0","0","-502.01","0","-502.01","Released","Jan 16, 2026 9:59:05 PM PST"
"Jan 16, 2026 10:59:25 PM PST","25495925401","Order","111-8475175-8487462","Ether-01","Gear Doctors® Ether 17.5oz Ultralight Camping Sleeping Pad - Backpacking Air Mattress - Camping Mattress Pad - Compact Inflatable Sleeping Mat for Ba","1","amazon.com","Standard Orders","Amazon","Bristol","TN","37620","MarketplaceFacilitator","33.99","3.14","0","0","0","0","0","0","0","0","-3.14","-5.10","-5.42","0","0","23.47","Released","Jan 25, 2026 1:48:25 PM PST"
"Jan 16, 2026 11:03:18 PM PST","25495925401","Order","112-7788777-7809012","Ether-01","Gear Doctors® Ether 17.5oz Ultralight Camping Sleeping Pad - Backpacking Air Mattress - Camping Mattress Pad - Compact Inflatable Sleeping Mat for Ba","1","amazon.com","Standard Orders","Amazon","LAGUNA BEACH","CA","92651","MarketplaceFacilitator","33.99","2.63","1.49","0","0","0","0","0","-1.49","0","-2.63","-5.10","-5.42","0","0","23.47","Released","Jan 25, 2026 8:07:25 AM PST"
"Jan 16, 2026 11:03:34 PM PST","25495925401","Order","114-6003972-4048225","Ether-01","Gear Doctors® Ether 17.5oz Ultralight Camping Sleeping Pad - Backpacking Air Mattress - Camping Mattress Pad - Compact Inflatable Sleeping Mat for Ba","1","amazon.com","Standard Orders","Amazon","CLARKSVILLE","TN","37042","MarketplaceFacilitator","33.99","3.23","0","0","0","0","0","0","0","0","-3.23","-5.10","-5.42","0","0","23.47","Released","Jan 25, 2026 12:29:18 AM PST"
"Jan 17, 2026 12:00:45 AM PST","25495925401","Order","112-4644180-3895454","Ether-01","Gear Doctors® Ether 17.5oz Ultralight Camping Sleeping Pad - Backpacking Air Mattress - Camping Mattress Pad - Compact Inflatable Sleeping Mat for Ba","1","amazon.com","Standard Orders","Amazon","WEST MONROE","LA","71291","MarketplaceFacilitator","33.99","3.74","0","0","0","0","0","0","0","0","-3.74","-5.10","-5.42","0","0","23.47","Released","Jan 26, 2026 11:53:53 PM PST"
"Jan 17, 2026 12:15:22 AM PST","25495925401","Order","111-8950834-6439436","Ether-01","Gear Doctors® Ether 17.5oz Ultralight Camping Sleeping Pad - Backpacking Air Mattress - Camping Mattress Pad - Compact Inflatable Sleeping Mat for Ba","1","amazon.com","Standard Orders","Amazon","MANTON","MI","49663","MarketplaceFacilitator","33.99","2.04","0.66","0","0","0","0","0","-0.66","0","-2.04","-5.10","-5.42","0","0","23.47","Released","Jan 25, 2026 4:18:19 AM PST"
"Jan 17, 2026 12:36:51 AM PST","25495925401","Order","114-0461702-8933823","Ether-01","Gear Doctors® Ether 17.5oz Ultralight Camping Sleeping Pad - Backpacking Air Mattress - Camping Mattress Pad - Compact Inflatable Sleeping Mat for Ba","1","amazon.com","Standard Orders","Amazon","BEAUFORT","SC","29902","MarketplaceFacilitator","33.99","2.04","0","0","0","0","0","0","0","0","-2.04","-5.10","-5.42","0","0","23.47","Released","Jan 26, 2026 4:59:47 AM PST"
"Jan 17, 2026 1:14:47 AM PST","25495925401","Order","113-5997123-9291454","Ether-01","Gear Doctors® Ether 17.5oz Ultralight Camping Sleeping Pad - Backpacking Air Mattress - Camping Mattress Pad - Compact Inflatable Sleeping Mat for Ba","1","amazon.com","Standard Orders","Amazon","WALLER","TX","77484","MarketplaceFacilitator","33.99","2.46","0","0","0","0","0","0","0","0","-2.46","-5.10","-5.42","0","0","23.47","Released","Jan 28, 2026 6:00:44 AM PST"
"Jan 17, 2026 1:31:41 AM PST","25495925401","Order","112-6342760-2220261","GDClassic01","Gear Doctors Oxylus 4.3R-Value Insulated Foam Self Inflating Sleeping Pad Camping-Sleeping Pad Backpacking Air Mattress-Camping Mattress Self Inflatin","1","amazon.com","Standard Orders","Amazon","IRVING","TX","75063","MarketplaceFacilitator","37.49","3.09","0","0","0","0","0","0","0","0","-3.09","-5.62","-7.61","0","0","24.26","Released","Jan 25, 2026 1:35:14 PM PST"
"Jan 17, 2026 1:49:19 AM PST","25495925401","Order","113-0987657-8806621","GDApolloAir01","Gear Doctors ApolloAir 5.2 R-Value [17oz] Ultralight Insulated Inflatable Camping Sleeping Pad - Backpacking Sleeping Pad - Camping Mattress Compact L","1","amazon.com","Standard Orders","Amazon","CHICAGO","IL","60634","MarketplaceFacilitator","84.99","8.71","0","0","0","0","0","0","0","0","-8.71","-12.75","-5.68","0","0","66.56","Released","Jan 26, 2026 6:10:24 AM PST"
"Jan 17, 2026 1:50:45 AM PST","25495925401","Order","114-5543243-6263447","GDApolloAir01","Gear Doctors ApolloAir 5.2 R-Value [17oz] Ultralight Insulated Inflatable Camping Sleeping Pad - Backpacking Sleeping Pad - Camping Mattress Compact L","1","amazon.com","Standard Orders","Amazon","BELLEVUE","WA","98007","MarketplaceFacilitator","84.99","8.75","0","0","0","0","0","0","0","0","-8.75","-12.75","-5.68","0","0","66.56","Released","Jan 27, 2026 4:47:10 AM PST"
"Jan 17, 2026 2:04:21 AM PST","25495925401","Order","114-6641039-6514621","Ether-01","Gear Doctors® Ether 17.5oz Ultralight Camping Sleeping Pad - Backpacking Air Mattress - Camping Mattress Pad - Compact Inflatable Sleeping Mat for Ba","1","amazon.com","Standard Orders","Amazon","SAN DIEGO","CALIFORNIA","92105","MarketplaceFacilitator","33.99","2.63","1.49","0","0","0","0","0","-1.49","0","-5.26","-10.20","-5.42","0","0","15.74","Released","Jan 24, 2026 8:08:31 AM PST"
"Jan 17, 2026 2:04:21 AM PST","25495925401","Order","114-6641039-6514621","Ether-01","Gear Doctors® Ether 17.5oz Ultralight Camping Sleeping Pad - Backpacking Air Mattress - Camping Mattress Pad - Compact Inflatable Sleeping Mat for Ba","1","amazon.com","Standard Orders","Amazon","SAN DIEGO","CALIFORNIA","92105","","33.99","2.63","1.50","0","0","0","0","0","-1.50","0","0","0","-5.42","0","0","31.20","Released","Jan 24, 2026 8:08:31 AM PST"
"Jan 17, 2026 2:46:39 AM PST","25392467641","Adjustment","113-0412501-2898649","Ether-01","FBA Inventory Reimbursement - Customer Return","1","","Standard Orders","","","","","","0","0","0","0","0","0","0","0","0","0","0","0","0","0","23.47","23.47","Released","Jan 17, 2026 2:46:39 AM PST"
"Jan 17, 2026 3:02:38 AM PST","25495925401","Order","111-0811792-4360213","Ether-01","Gear Doctors® Ether 17.5oz Ultralight Camping Sleeping Pad - Backpacking Air Mattress - Camping Mattress Pad - Compact Inflatable Sleeping Mat for Ba","1","amazon.com","Standard Orders","Amazon","RANCHO PALOS VERDES","CA","90275","MarketplaceFacilitator","33.99","3.31","0","0","0","0","0","0","0","0","-3.31","-5.10","-5.42","0","0","23.47","Released","Jan 25, 2026 4:30:24 AM PST"
"Jan 17, 2026 3:17:43 AM PST","25495925401","Order","114-9752549-4435467","GDClassic01","Gear Doctors Oxylus 4.3R-Value Insulated Foam Self Inflating Sleeping Pad Camping-Sleeping Pad Backpacking Air Mattress-Camping Mattress Self Inflatin","1","amazon.com","Standard Orders","Amazon","KANSAS CITY","MO","64118","MarketplaceFacilitator","37.49","3.22","0","0","0","0","0","0","0","0","-3.22","-5.62","-7.61","0","0","24.26","Released","Jan 26, 2026 6:16:39 AM PST"
"Jan 17, 2026 4:44:21 AM PST","25495925401","Order","113-4603260-8329852","GDCampingPillowBlue","Gear Doctors 3.5oz Compact Ultralight Inflatable Camping Pillow -Inflatable Camp Pillow -Backpacking Pillows Ultralight-Camping Pillows for Sleeping,","2","amazon.com","Standard Orders","Amazon","DENVER","CO","80218","MarketplaceFacilitator","29.98","2.74","0","0","0","0","0","0","0","0","-2.74","-4.50","-7.90","0","0","17.58","Released","Jan 26, 2026 12:51:25 AM PST"
"Jan 17, 2026 5:13:26 AM PST","25495925401","Order","114-4369948-8021835","Ether-01","Gear Doctors® Ether 17.5oz Ultralight Camping Sleeping Pad - Backpacking Air Mattress - Camping Mattress Pad - Compact Inflatable Sleeping Mat for Ba","1","amazon.com","Standard Orders","Amazon","SAN DIEGO","CA","92109","MarketplaceFacilitator","33.99","2.63","2.99","0","0","0","0","0","-2.99","0","-2.63","-5.10","-5.42","0","0","23.47","Released","Jan 25, 2026 12:19:28 AM PST"
"Jan 17, 2026 5:44:28 AM PST","25495925401","Order","111-1465575-4929003","Ether-01","Gear Doctors® Ether 17.5oz Ultralight Camping Sleeping Pad - Backpacking Air Mattress - Camping Mattress Pad - Compact Inflatable Sleeping Mat for Ba","1","amazon.com","Standard Orders","Amazon","BURR RIDGE","IL","60527","MarketplaceFacilitator","33.99","2.46","2.99","0","0","0","0","0","-2.99","0","-2.46","-5.10","-5.42","0","0","23.47","Released","Jan 25, 2026 5:26:39 AM PST"
"Jan 17, 2026 5:52:30 AM PST","25495925401","Order","112-1326230-5284229","Ether-01","Gear Doctors® Ether 17.5oz Ultralight Camping Sleeping Pad - Backpacking Air Mattress - Camping Mattress Pad - Compact Inflatable Sleeping Mat for Ba","1","amazon.com","Standard Orders","Amazon","LYNCHBURG","VA","24503","MarketplaceFacilitator","33.99","1.80","5.37","0","0","0","0","0","-5.37","0","-1.80","-5.10","-5.42","0","0","23.47","Released","Jan 26, 2026 6:58:36 AM PST"
"Jan 17, 2026 6:39:30 AM PST","25495925401","Order","112-2045599-7266635","GDClassic01","Gear Doctors Oxylus 4.3R-Value Insulated Foam Self Inflating Sleeping Pad Camping-Sleeping Pad Backpacking Air Mattress-Camping Mattress Self Inflatin","1","amazon.com","Standard Orders","Amazon","DELTONA","FL","32738","MarketplaceFacilitator","37.49","2.44","2.99","0","0","0","0","0","-2.99","0","-2.44","-5.62","-7.61","0","0","24.26","Released","Jan 24, 2026 10:17:19 PM PST"
"Jan 17, 2026 7:08:03 AM PST","25495925401","Order","111-4889549-4337829","Ether-01","Gear Doctors® Ether 17.5oz Ultralight Camping Sleeping Pad - Backpacking Air Mattress - Camping Mattress Pad - Compact Inflatable Sleeping Mat for Ba","1","amazon.com","Standard Orders","Amazon","Mountain Home Afb","ID","83648","MarketplaceFacilitator","33.99","2.04","0","0","0","0","0","0","0","0","-2.04","-5.10","-5.42","0","0","23.47","Released","Jan 29, 2026 2:23:42 AM PST"
"Jan 17, 2026 8:03:33 AM PST","25495925401","Order","111-6271349-9208245","Ether-01","Gear Doctors® Ether 17.5oz Ultralight Camping Sleeping Pad - Backpacking Air Mattress - Camping Mattress Pad - Compact Inflatable Sleeping Mat for Ba","1","amazon.com","Standard Orders","Amazon","ANNAPOLIS","MO","63620","MarketplaceFacilitator","33.99","1.44","0.88","0","0","0","0","0","-0.88","0","-1.44","-5.10","-5.42","0","0","23.47","Released","Jan 28, 2026 3:44:27 AM PST"
"Jan 17, 2026 8:43:59 AM PST","25495925401","Order","114-5065626-6425000","Ether-01","Gear Doctors® Ether 17.5oz Ultralight Camping Sleeping Pad - Backpacking Air Mattress - Camping Mattress Pad - Compact Inflatable Sleeping Mat for Ba","1","amazon.com","Standard Orders","Amazon","NORMALVILLE","PA","15469","MarketplaceFacilitator","33.99","2.04","0","0","0","0","0","0","0","0","-2.04","-5.10","-5.42","0","0","23.47","Released","Jan 28, 2026 6:26:46 AM PST"
"Jan 17, 2026 8:43:59 AM PST","25495925401","Order","114-5065626-6425000","GDCampingPillowOrange","Gear Doctors 3.5oz Compact Ultralight Inflatable Camping Pillow-Inflatable Camp Pillow-Backpacking Pillows Ultralight-Camping Pillows for Sleeping, Hi","1","amazon.com","Standard Orders","Amazon","NORMALVILLE","PA","15469","MarketplaceFacilitator","14.99","0.90","0","0","0","0","0","0","0","0","-0.90","-2.25","-3.95","0","0","8.79","Released","Jan 28, 2026 6:26:46 AM PST"
"Jan 17, 2026 9:26:14 AM PST","25495925401","Order","111-8736706-5679408","GDClassic01","Gear Doctors Oxylus 4.3R-Value Insulated Foam Self Inflating Sleeping Pad Camping-Sleeping Pad Backpacking Air Mattress-Camping Mattress Self Inflatin","1","amazon.com","Standard Orders","Amazon","CONYERS","GA","30094","MarketplaceFacilitator","37.49","2.62","0","0","0","0","0","0","0","0","-2.62","-5.62","-7.61","0","0","24.26","Released","Jan 26, 2026 12:04:48 AM PST"
"Jan 17, 2026 10:09:10 AM PST","25495925401","Order","111-3772818-0137830","Ether-01","Gear Doctors® Ether 17.5oz Ultralight Camping Sleeping Pad - Backpacking Air Mattress - Camping Mattress Pad - Compact Inflatable Sleeping Mat for Ba","1","amazon.com","Standard Orders","Amazon","GLENDALE","CA","91206","MarketplaceFacilitator","33.99","3.57","1.49","0","0","0","0","0","-1.49","0","-3.57","-5.10","-5.42","0","0","23.47","Released","Jan 25, 2026 12:03:03 AM PST"
"Jan 17, 2026 11:24:54 AM PST","25495925401","Order","112-7093766-8834666","Ether-01","Gear Doctors® Ether 17.5oz Ultralight Camping Sleeping Pad - Backpacking Air Mattress - Camping Mattress Pad - Compact Inflatable Sleeping Mat for Ba","1","amazon.com","Standard Orders","Amazon","BRANDON","FL","33511","MarketplaceFacilitator","33.99","2.55","0","0","0","0","0","0","0","0","-2.55","-5.10","-5.42","0","0","23.47","Released","Jan 26, 2026 7:26:56 AM PST"
"Jan 17, 2026 11:27:38 AM PST","25495925401","Order","112-8032028-3758649","GDCampingPillowOrange","Gear Doctors 3.5oz Compact Ultralight Inflatable Camping Pillow-Inflatable Camp Pillow-Backpacking Pillows Ultralight-Camping Pillows for Sleeping, Hi","1","amazon.com","Standard Orders","Amazon","ERIE","CO","80516","MarketplaceFacilitator","14.99","1.32","0","0","0","0","0","0","0","0","-1.32","-2.25","-3.95","0","0","8.79","Released","Jan 27, 2026 7:00:33 PM PST"
"Jan 17, 2026 11:28:01 AM PST","25495925401","Order","113-5709768-0174635","Ether-01","Gear Doctors® Ether 17.5oz Ultralight Camping Sleeping Pad - Backpacking Air Mattress - Camping Mattress Pad - Compact Inflatable Sleeping Mat for Ba","1","amazon.com","Standard Orders","Amazon","Bogota","Cundinamarca","","","33.99","0","7.59","0","0","0","0","0","-10.99","0","0","-4.59","-5.42","0","0","20.58","Released","Jan 28, 2026 11:21:39 PM PST"
"Jan 17, 2026 11:33:57 AM PST","25495925401","Order","113-1927823-0687430","GDApolloAir01","Gear Doctors ApolloAir 5.2 R-Value [17oz] Ultralight Insulated Inflatable Camping Sleeping Pad - Backpacking Sleeping Pad - Camping Mattress Compact L","1","amazon.com","Standard Orders","Amazon","SHELBURN","IN","47879","MarketplaceFacilitator","84.99","5.95","0","0","0","0","0","0","0","0","-5.95","-12.75","-5.68","0","0","66.56","Released","Jan 26, 2026 6:42:53 AM PST"
"Jan 17, 2026 11:42:08 AM PST","25495925401","Order","112-5631537-3102655","Ether-01","Gear Doctors® Ether 17.5oz Ultralight Camping Sleeping Pad - Backpacking Air Mattress - Camping Mattress Pad - Compact Inflatable Sleeping Mat for Ba","1","amazon.com","Standard Orders","Amazon","ORLANDO","FL","32806","MarketplaceFacilitator","33.99","2.21","0","0","0","0","0","0","0","0","-2.21","-5.10","-5.42","0","0","23.47","Released","Jan 26, 2026 7:14:28 AM PST"
"Jan 17, 2026 12:21:47 PM PST","25495925401","Order","112-8686434-7313038","Ether-01","Gear Doctors® Ether 17.5oz Ultralight Camping Sleeping Pad - Backpacking Air Mattress - Camping Mattress Pad - Compact Inflatable Sleeping Mat for Ba","1","amazon.com","Standard Orders","Amazon","ROCHESTER HILLS","MI","48307","MarketplaceFacilitator","33.99","2.04","0","0","0","0","0","0","0","0","-2.04","-5.10","-5.42","0","0","23.47","Released","Jan 25, 2026 7:17:43 PM PST"
"Jan 17, 2026 12:26:30 PM PST","25495925401","Order","114-3496770-7554607","GDClassic01","Gear Doctors Oxylus 4.3R-Value Insulated Foam Self Inflating Sleeping Pad Camping-Sleeping Pad Backpacking Air Mattress-Camping Mattress Self Inflatin","1","amazon.com","Standard Orders","Amazon","PEARLAND","TX","77584","MarketplaceFacilitator","37.49","2.53","0","0","0","0","0","0","0","0","-2.53","-5.62","-7.61","0","0","24.26","Released","Jan 25, 2026 11:05:20 PM PST"
"Jan 17, 2026 12:54:55 PM PST","25392467641","Refund","111-0452434-8901013","Ether-01","Gear Doctors® Ether 17.5oz Ultralight Camping Sleeping Pad - Backpacking Air Mattress - Camping Mattress Pad - Compact Inflatable Sleeping Mat for Ba","2","amazon.com","Standard Orders","Amazon","NIWOT","CO","80503","MarketplaceFacilitator","-67.98","-3.62","-2.99","0","0","0","0","0","2.99","0","3.62","8.16","0","0","0","-59.82","Released","Jan 21, 2026 7:08:04 AM PST"
"Jan 17, 2026 2:05:38 PM PST","25392467641","Refund","114-8498997-2269019","Ether-01","Gear Doctors® Ether 17.5oz Ultralight Camping Sleeping Pad - Backpacking Air Mattress - Camping Mattress Pad - Compact Inflatable Sleeping Mat for Ba","2","amazon.com","Standard Orders","Amazon","MIAMI","FL","33175","MarketplaceFacilitator","-67.98","-4.76","-2.99","0","0","0","0","0","2.99","0","4.76","8.16","0","0","0","-59.82","Released","Jan 21, 2026 4:56:22 AM PST"
"Jan 17, 2026 2:14:17 PM PST","25495925401","Order","112-0558717-1777857","GDCampingPillowOrange","Gear Doctors 3.5oz Compact Ultralight Inflatable Camping Pillow-Inflatable Camp Pillow-Backpacking Pillows Ultralight-Camping Pillows for Sleeping, Hi","1","amazon.com","Standard Orders","Amazon","SAINT LOUIS","MO","63129","MarketplaceFacilitator","14.99","0.57","0","0","0","0","0","0","-1.50","0","-0.57","-2.02","-3.95","0","0","7.52","Released","Jan 26, 2026 7:14:05 AM PST"
"Jan 17, 2026 2:24:39 PM PST","25495925401","Order","114-0137482-2909824","Ether-01","Gear Doctors® Ether 17.5oz Ultralight Camping Sleeping Pad - Backpacking Air Mattress - Camping Mattress Pad - Compact Inflatable Sleeping Mat for Ba","1","amazon.com","Standard Orders","Amazon","MADISON","AL","35756","MarketplaceFacilitator","33.99","2.72","0","0","0","0","0","0","0","0","-2.72","-5.10","-5.42","0","0","23.47","Released","Jan 25, 2026 3:50:59 PM PST"
"Jan 17, 2026 2:26:15 PM PST","25495925401","Order","114-0479737-8401831","Ether-01","Gear Doctors® Ether 17.5oz Ultralight Camping Sleeping Pad - Backpacking Air Mattress - Camping Mattress Pad - Compact Inflatable Sleeping Mat for Ba","1","amazon.com","Standard Orders","Amazon","SAN DIEGO","CA","92108","MarketplaceFacilitator","33.99","2.63","4.99","0.39","0","0","0","0","0","0","-3.02","-5.10","-10.41","0","0","23.47","Released","Jan 25, 2026 12:33:48 AM PST"
"Jan 17, 2026 2:57:59 PM PST","25392467641","Refund","114-9296162-5940250","GDCampingPillowTeal","Gear Doctors 3.5oz Compact Ultralight Inflatable Camping Pillow -Inflatable Camp Pillow -Backpacking Pillows Ultralight-Camping Pillows for Sleeping,","1","amazon.com","Standard Orders","Amazon","HILLSBORO","OR","97123","","-14.99","0","0","0","0","0","0","0","0","0","0","1.80","0","0","0","-13.19","Released","Jan 21, 2026 12:25:47 AM PST"
"Jan 17, 2026 3:08:10 PM PST","25495925401","Order","111-8509292-0649845","GDCampingPillowOrange","Gear Doctors 3.5oz Compact Ultralight Inflatable Camping Pillow-Inflatable Camp Pillow-Backpacking Pillows Ultralight-Camping Pillows for Sleeping, Hi","1","amazon.com","Standard Orders","Amazon","CYPRESS","TX","77429","MarketplaceFacilitator","14.99","1.24","0","0","0","0","0","0","0","0","-1.24","-2.25","-3.95","0","0","8.79","Released","Jan 25, 2026 11:19:09 PM PST"
"Jan 17, 2026 3:58:10 PM PST","25495925401","Order","112-5731882-3824227","Ether-01","Gear Doctors® Ether 17.5oz Ultralight Camping Sleeping Pad - Backpacking Air Mattress - Camping Mattress Pad - Compact Inflatable Sleeping Mat for Ba","1","amazon.com","Standard Orders","Amazon","HILO","HI","96720","MarketplaceFacilitator","33.99","1.60","0","0","0","0","0","0","0","0","-1.60","-5.10","-5.42","0","0","23.47","Released","Jan 27, 2026 2:34:17 AM PST"
"Jan 17, 2026 4:12:23 PM PST","25495925401","Order","113-9671461-9490605","GDApolloAir-02","Gear Doctors ApolloAir 5.2 R-Value [25oz] Ultralight Insulated Inflatable Camping Sleeping Pad - Backpacking Sleeping Pad - Camping Mattress Compact L","1","amazon.com","Standard Orders","Amazon","Harahan","LA","70123","MarketplaceFacilitator","89.99","9.49","2.99","0","0","0","0","0","-2.99","0","-9.49","-13.50","-6.08","0","0","70.41","Released","Jan 25, 2026 3:53:19 AM PST"
"Jan 17, 2026 4:13:54 PM PST","25392467641","Refund","111-5227046-5021066","Ether-01","Gear Doctors® Ether 17.5oz Ultralight Camping Sleeping Pad - Backpacking Air Mattress - Camping Mattress Pad - Compact Inflatable Sleeping Mat for Ba","1","amazon.com","Standard Orders","Amazon","Pensacola","Fl","32534","MarketplaceFacilitator","-33.99","-2.55","0","0","0","0","0","0","0","0","2.55","4.08","0","0","0","-29.91","Released","Jan 17, 2026 4:13:54 PM PST"
"Jan 17, 2026 4:28:11 PM PST","25495925401","Order","112-6544868-9302628","GDApolloAir01","Gear Doctors ApolloAir 5.2 R-Value [17oz] Ultralight Insulated Inflatable Camping Sleeping Pad - Backpacking Sleeping Pad - Camping Mattress Compact L","1","amazon.com","Standard Orders","Amazon","ROGERSVILLE","MO","65742","MarketplaceFacilitator","84.99","3.41","0","0","0","0","0","0","-4.25","0","-3.41","-12.11","-5.68","0","0","62.95","Released","Jan 25, 2026 11:30:04 PM PST"
"Jan 17, 2026 4:31:10 PM PST","25495925401","Order","114-4126506-1070608","GDCampingPillowTeal","Gear Doctors 3.5oz Compact Ultralight Inflatable Camping Pillow -Inflatable Camp Pillow -Backpacking Pillows Ultralight-Camping Pillows for Sleeping,","1","amazon.com","Standard Orders","Amazon","GRAND JUNCTION","CO","81507","MarketplaceFacilitator","14.99","0.79","0","0","0","0","0","0","0","0","-0.79","-2.25","-3.95","0","0","8.79","Released","Jan 27, 2026 4:38:49 AM PST"
"Jan 17, 2026 4:32:30 PM PST","25392467641","Refund","111-6767880-0444253","GDApolloAir01","Gear Doctors ApolloAir 5.2 R-Value [17oz] Ultralight Insulated Inflatable Camping Sleeping Pad - Backpacking Sleeping Pad - Camping Mattress Compact L","1","amazon.com","Standard Orders","Amazon","EAGLE MOUNTAIN","UT","84005","MarketplaceFacilitator","-76.50","-5.62","-1.16","0","0","0","0","0","1.16","0","5.62","9.18","0","0","0","-67.32","Released","Jan 21, 2026 1:28:57 AM PST"
"Jan 17, 2026 4:37:55 PM PST","25392467641","Refund","111-7499157-6845867","GDApolloAir-02","Gear Doctors ApolloAir 5.2 R-Value [25oz] Ultralight Insulated Inflatable Camping Sleeping Pad - Backpacking Sleeping Pad - Camping Mattress Compact L","1","amazon.com","Standard Orders","Amazon","AUSTIN","TX","78741","MarketplaceFacilitator","-89.99","-7.42","-1.50","0","0","0","0","0","1.50","0","7.42","10.80","0","0","0","-79.19","Released","Jan 17, 2026 4:37:55 PM PST"
"Jan 17, 2026 5:39:06 PM PST","25495925401","Order","113-0576830-7914666","GDCampingPillowOrange","Gear Doctors 3.5oz Compact Ultralight Inflatable Camping Pillow-Inflatable Camp Pillow-Backpacking Pillows Ultralight-Camping Pillows for Sleeping, Hi","1","amazon.com","Standard Orders","Amazon","NORTH PORT","FL","34289","MarketplaceFacilitator","14.99","1.02","0","0","0","0","0","0","-0.46","0","-1.02","-2.18","-3.95","0","0","8.40","Released","Jan 28, 2026 5:44:21 AM PST"
"Jan 17, 2026 6:07:42 PM PST","25495925401","Order","111-8389110-3844227","Ether-01","Gear Doctors® Ether 17.5oz Ultralight Camping Sleeping Pad - Backpacking Air Mattress - Camping Mattress Pad - Compact Inflatable Sleeping Mat for Ba","1","amazon.com","Standard Orders","Amazon","SANTA MARIA","DAVAO Occidental","","","33.99","0","5.85","0","0","0","0","0","-5.85","0","0","-10.20","-5.42","0","0","18.37","Released","Feb 2, 2026 12:00:15 AM PST"
"Jan 17, 2026 6:07:42 PM PST","25495925401","Order","111-8389110-3844227","Ether-01","Gear Doctors® Ether 17.5oz Ultralight Camping Sleeping Pad - Backpacking Air Mattress - Camping Mattress Pad - Compact Inflatable Sleeping Mat for Ba","1","amazon.com","Standard Orders","Amazon","SANTA MARIA","DAVAO Occidental","","","33.99","0","5.85","0","0","0","0","0","-5.85","0","0","0","-5.42","0","0","28.57","Released","Feb 2, 2026 12:00:15 AM PST"
"Jan 17, 2026 6:14:53 PM PST","25495925401","Order","114-3592778-3121069","Ether-01","Gear Doctors® Ether 17.5oz Ultralight Camping Sleeping Pad - Backpacking Air Mattress - Camping Mattress Pad - Compact Inflatable Sleeping Mat for Ba","1","amazon.com","Standard Orders","Amazon","TEMPE","AZ","85283","MarketplaceFacilitator","33.99","2.75","1.49","0","0","0","0","0","-1.49","0","-2.75","-5.10","-5.42","0","0","23.47","Released","Jan 25, 2026 5:24:07 AM PST"
"Jan 17, 2026 6:19:30 PM PST","25495925401","Order","113-3360822-2409865","GDClassic01","Gear Doctors Oxylus 4.3R-Value Insulated Foam Self Inflating Sleeping Pad Camping-Sleeping Pad Backpacking Air Mattress-Camping Mattress Self Inflatin","1","amazon.com","Standard Orders","Amazon","SAN ANTONIO","TX","78220","MarketplaceFacilitator","37.49","0","0","0","0","0","0","0","0","0","0","-5.62","-7.61","0","0","24.26","Released","Jan 27, 2026 11:01:26 PM PST"
"Jan 17, 2026 6:25:44 PM PST","25495925401","Order","112-1570440-8682606","Ether-01","Gear Doctors® Ether 17.5oz Ultralight Camping Sleeping Pad - Backpacking Air Mattress - Camping Mattress Pad - Compact Inflatable Sleeping Mat for Ba","1","amazon.com","Standard Orders","Amazon","South Berwick","ME","03908","MarketplaceFacilitator","33.99","1.87","0","0","0","0","0","0","0","0","-1.87","-5.10","-5.42","0","0","23.47","Released","Jan 25, 2026 12:17:35 PM PST"
"Jan 17, 2026 6:37:02 PM PST","25495925401","Order","111-7213976-0776246","Ether-01","Gear Doctors® Ether 17.5oz Ultralight Camping Sleeping Pad - Backpacking Air Mattress - Camping Mattress Pad - Compact Inflatable Sleeping Mat for Ba","1","amazon.com","Standard Orders","Amazon","HOPKINS","MN","55343","MarketplaceFacilitator","33.99","2.90","0.29","0","0","0","0","0","-0.29","0","-2.90","-5.10","-5.42","0","0","23.47","Released","Jan 25, 2026 2:30:01 AM PST"
"Jan 17, 2026 7:35:20 PM PST","25495925401","Order","112-5538781-6281857","Ether-01","Gear Doctors® Ether 17.5oz Ultralight Camping Sleeping Pad - Backpacking Air Mattress - Camping Mattress Pad - Compact Inflatable Sleeping Mat for Ba","1","amazon.com","Standard Orders","Amazon","ARLINGTON","VA","22206","MarketplaceFacilitator","33.99","2.04","2.99","0","0","0","0","0","-2.99","0","-2.04","-5.10","-5.42","0","0","23.47","Released","Jan 25, 2026 1:29:08 AM PST"
"Jan 17, 2026 8:35:41 PM PST","25495925401","Order","113-1024394-4664216","Ether-01","Gear Doctors® Ether 17.5oz Ultralight Camping Sleeping Pad - Backpacking Air Mattress - Camping Mattress Pad - Compact Inflatable Sleeping Mat for Ba","1","amazon.com","Standard Orders","Amazon","OREM","UT","84058","MarketplaceFacilitator","33.99","2.53","2.99","0","0","0","0","0","-2.99","0","-2.53","-5.10","-5.42","0","0","23.47","Released","Jan 25, 2026 5:38:51 AM PST"
"Jan 17, 2026 9:48:01 PM PST","25495925401","Order","111-5851064-1871412","GDClassic01","Gear Doctors Oxylus 4.3R-Value Insulated Foam Self Inflating Sleeping Pad Camping-Sleeping Pad Backpacking Air Mattress-Camping Mattress Self Inflatin","1","amazon.com","Standard Orders","Amazon","TEMPE","AZ","85283","MarketplaceFacilitator","37.49","3.04","2.99","0","0","0","0","0","-2.99","0","-3.04","-5.62","-7.61","0","0","24.26","Released","Jan 25, 2026 6:12:32 AM PST"
"Jan 17, 2026 9:57:29 PM PST","25495925401","Order","113-8525215-1397868","Ether-01","Gear Doctors® Ether 17.5oz Ultralight Camping Sleeping Pad - Backpacking Air Mattress - Camping Mattress Pad - Compact Inflatable Sleeping Mat for Ba","1","amazon.com","Standard Orders","Amazon","LINCOLN","CA","95648","MarketplaceFacilitator","33.99","2.46","1.49","0","0","0","0","0","-1.49","0","-2.46","-5.10","-5.42","0","0","23.47","Released","Jan 25, 2026 7:32:07 AM PST"
"Jan 17, 2026 10:02:46 PM PST","25495925401","Order","113-6431478-9945838","Ether-01","Gear Doctors® Ether 17.5oz Ultralight Camping Sleeping Pad - Backpacking Air Mattress - Camping Mattress Pad - Compact Inflatable Sleeping Mat for Ba","1","amazon.com","Standard Orders","Amazon","Melvindale","MI","48122","MarketplaceFacilitator","33.99","2.04","0","0","0","0","0","0","0","0","-2.04","-5.10","-5.42","0","0","23.47","Released","Jan 26, 2026 7:37:26 AM PST"
"Jan 17, 2026 10:18:13 PM PST","25495925401","Order","112-3229050-6628230","GDCampingPillowOrange","Gear Doctors 3.5oz Compact Ultralight Inflatable Camping Pillow-Inflatable Camp Pillow-Backpacking Pillows Ultralight-Camping Pillows for Sleeping, Hi","1","amazon.com","Standard Orders","Amazon","WEST PALM BEACH","FL","33417","MarketplaceFacilitator","14.99","0.97","0","0","0","0","0","0","0","0","-0.97","-2.25","-3.95","0","0","8.79","Released","Jan 25, 2026 7:55:02 AM PST"
"Jan 17, 2026 10:21:55 PM PST","25495925401","Order","113-2026010-7461837","GDApolloAir01","Gear Doctors ApolloAir 5.2 R-Value [17oz] Ultralight Insulated Inflatable Camping Sleeping Pad - Backpacking Sleeping Pad - Camping Mattress Compact L","1","amazon.com","Standard Orders","Amazon","SACRAMENTO","CA","95816","MarketplaceFacilitator","84.99","7.06","0","0","0","0","0","0","-4.25","0","-7.06","-12.11","-5.68","0","0","62.95","Released","Jan 26, 2026 6:14:53 AM PST"
"Jan 17, 2026 10:28:01 PM PST","25495925401","Order","112-1598528-5917803","Ether-01","Gear Doctors® Ether 17.5oz Ultralight Camping Sleeping Pad - Backpacking Air Mattress - Camping Mattress Pad - Compact Inflatable Sleeping Mat for Ba","1","amazon.com","Standard Orders","Amazon","Pocatello","ID","83202","MarketplaceFacilitator","33.99","2.04","0","0","0","0","0","0","0","0","-2.04","-5.10","-5.42","0","0","23.47","Released","Jan 26, 2026 2:49:52 PM PST"
"Jan 17, 2026 10:29:30 PM PST","25495925401","Order","111-3084019-3081031","GDApolloAir01","Gear Doctors ApolloAir 5.2 R-Value [17oz] Ultralight Insulated Inflatable Camping Sleeping Pad - Backpacking Sleeping Pad - Camping Mattress Compact L","1","amazon.com","Standard Orders","Amazon","IDAHO FALLS","ID","83401","MarketplaceFacilitator","84.99","4.84","0","0","0","0","0","0","-4.25","0","-4.84","-12.11","-5.68","0","0","62.95","Released","Jan 26, 2026 1:22:57 AM PST"
"Jan 17, 2026 10:45:24 PM PST","25495925401","Order","111-1030833-2733851","GDApolloAir-02","Gear Doctors ApolloAir 5.2 R-Value [25oz] Ultralight Insulated Inflatable Camping Sleeping Pad - Backpacking Sleeping Pad - Camping Mattress Compact L","1","amazon.com","Standard Orders","Amazon","BOISE","ID","83702","MarketplaceFacilitator","89.99","5.40","2.99","0","0","0","0","0","-2.99","0","-5.40","-13.50","-6.08","0","0","70.41","Released","Jan 25, 2026 5:23:21 AM PST"
"Jan 17, 2026 10:50:09 PM PST","25392467641","Refund","113-5930905-0391415","GDApolloAir01","Gear Doctors ApolloAir 5.2 R-Value [17oz] Ultralight Insulated Inflatable Camping Sleeping Pad - Backpacking Sleeping Pad - Camping Mattress Compact L","1","amazon.com","Standard Orders","Amazon","LAS VEGAS","NV","89147","MarketplaceFacilitator","-80.74","-6.76","-0.60","0","0","0","0","0","0.60","0","6.76","9.69","0","0","0","-71.05","Released","Jan 17, 2026 10:50:09 PM PST"
"Jan 17, 2026 11:19:46 PM PST","25495925401","Order","113-1663721-7941018","GDClassic01","Gear Doctors Oxylus 4.3R-Value Insulated Foam Self Inflating Sleeping Pad Camping-Sleeping Pad Backpacking Air Mattress-Camping Mattress Self Inflatin","1","amazon.com","Standard Orders","Amazon","SANTA MONICA","CA","90403","MarketplaceFacilitator","37.49","4.03","1.50","0","0","0","0","0","-1.50","0","-4.03","-5.62","-7.61","0","0","24.26","Released","Jan 26, 2026 5:38:46 AM PST"
"Jan 17, 2026 11:20:25 PM PST","25392467641","Refund","111-6617009-9337025","Ether-01","Gear Doctors® Ether 17.5oz Ultralight Camping Sleeping Pad - Backpacking Air Mattress - Camping Mattress Pad - Compact Inflatable Sleeping Mat for Ba","1","amazon.com","Standard Orders","Amazon","TUCSON","AZ","85715","MarketplaceFacilitator","-33.99","-2.96","0","0","0","0","0","0","0","0","2.96","4.08","0","0","0","-29.91","Released","Jan 17, 2026 11:20:25 PM PST"
"Jan 17, 2026 11:26:34 PM PST","25495925401","Order","113-8525157-0076258","GDClassic01","Gear Doctors Oxylus 4.3R-Value Insulated Foam Self Inflating Sleeping Pad Camping-Sleeping Pad Backpacking Air Mattress-Camping Mattress Self Inflatin","1","amazon.com","Standard Orders","Amazon","CHANNAHON","IL","60410","MarketplaceFacilitator","37.49","3.00","0","0","0","0","0","0","0","0","-3.00","-5.62","-7.61","0","0","24.26","Released","Jan 26, 2026 1:47:35 AM PST"
"Jan 17, 2026 11:26:39 PM PST","25495925401","Order","111-2524691-8473824","Ether-01","Gear Doctors® Ether 17.5oz Ultralight Camping Sleeping Pad - Backpacking Air Mattress - Camping Mattress Pad - Compact Inflatable Sleeping Mat for Ba","1","amazon.com","Standard Orders","Amazon","WOODLAND HILLS","CA","91367","MarketplaceFacilitator","33.99","3.31","3.97","0","0","0","0","0","-3.97","0","-3.31","-5.10","-5.42","0","0","23.47","Released","Jan 26, 2026 3:02:14 AM PST"
"Jan 17, 2026 11:52:16 PM PST","25495925401","Order","112-0858823-5373001","Ether-01","Gear Doctors® Ether 17.5oz Ultralight Camping Sleeping Pad - Backpacking Air Mattress - Camping Mattress Pad - Compact Inflatable Sleeping Mat for Ba","1","amazon.com","Standard Orders","Amazon","RANCHO CUCAMONGA","CA","91730","MarketplaceFacilitator","33.99","2.63","0","0","0","0","0","0","0","0","-2.63","-5.10","-5.42","0","0","23.47","Released","Jan 25, 2026 10:36:49 PM PST"
"Jan 18, 2026 12:29:30 AM PST","25495925401","Order","113-0281355-5004239","GDApolloAir01","Gear Doctors ApolloAir 5.2 R-Value [17oz] Ultralight Insulated Inflatable Camping Sleeping Pad - Backpacking Sleeping Pad - Camping Mattress Compact L","1","amazon.com","Standard Orders","Amazon","CYPRESS","TX","77433","MarketplaceFacilitator","84.99","6.66","0","0","0","0","0","0","-4.25","0","-6.66","-12.11","-5.68","0","0","62.95","Released","Jan 26, 2026 4:40:46 AM PST"
"Jan 18, 2026 12:30:04 AM PST","25495925401","Order","111-5892525-7916257","GDClassic01","Gear Doctors Oxylus 4.3R-Value Insulated Foam Self Inflating Sleeping Pad Camping-Sleeping Pad Backpacking Air Mattress-Camping Mattress Self Inflatin","1","amazon.com","Standard Orders","Amazon","GAINESVILLE","MO","65655","MarketplaceFacilitator","37.49","2.52","4.48","0","0","0","0","0","-4.48","0","-2.52","-5.62","-7.61","0","0","24.26","Released","Jan 27, 2026 8:06:24 AM PST"
"Jan 18, 2026 12:31:52 AM PST","25392467641","Service Fee","","","Cost of Advertising","","","Standard Orders","","","","","","0","0","0","0","0","0","0","0","0","0","0","0","0","-507.35","0","-507.35","Released","Jan 18, 2026 12:31:52 AM PST"
"Jan 18, 2026 1:14:31 AM PST","25495925401","Order","112-1926852-2158628","Ether-01","Gear Doctors® Ether 17.5oz Ultralight Camping Sleeping Pad - Backpacking Air Mattress - Camping Mattress Pad - Compact Inflatable Sleeping Mat for Ba","1","amazon.com","Standard Orders","Amazon","Goshen","NY","10924","MarketplaceFacilitator","33.99","2.76","0","0","0","0","0","0","0","0","-2.76","-5.10","-5.42","0","0","23.47","Released","Jan 26, 2026 1:03:12 AM PST"
"Jan 18, 2026 1:34:36 AM PST","25495925401","Order","114-4126506-1070608","GDCampingPillowBlue","Gear Doctors 3.5oz Compact Ultralight Inflatable Camping Pillow -Inflatable Camp Pillow -Backpacking Pillows Ultralight-Camping Pillows for Sleeping,","1","amazon.com","Standard Orders","Amazon","GRAND JUNCTION","CO","81507","MarketplaceFacilitator","14.99","0.79","0","0","0","0","0","0","0","0","-0.79","-2.25","-3.95","0","0","8.79","Released","Jan 27, 2026 12:39:08 AM PST"
"Jan 18, 2026 1:47:33 AM PST","25495925401","Order","113-1973489-6978660","Ether-01","Gear Doctors® Ether 17.5oz Ultralight Camping Sleeping Pad - Backpacking Air Mattress - Camping Mattress Pad - Compact Inflatable Sleeping Mat for Ba","1","amazon.com","Standard Orders","Amazon","North Andover","MA","01845","MarketplaceFacilitator","33.99","0","0","0","0","0","0","0","0","0","0","-5.10","-5.42","0","0","23.47","Released","Jan 31, 2026 8:20:57 PM PST"
"Jan 18, 2026 2:05:04 AM PST","25495925401","Order","112-8001733-4164251","Ether-01","Gear Doctors® Ether 17.5oz Ultralight Camping Sleeping Pad - Backpacking Air Mattress - Camping Mattress Pad - Compact Inflatable Sleeping Mat for Ba","1","amazon.com","Standard Orders","Amazon","BOONE","NC","28607","MarketplaceFacilitator","33.99","2.29","0","0","0","0","0","0","0","0","-4.58","-10.20","-5.42","0","0","16.08","Released","Jan 27, 2026 7:00:19 AM PST"
"Jan 18, 2026 2:05:04 AM PST","25495925401","Order","112-8001733-4164251","Ether-01","Gear Doctors® Ether 17.5oz Ultralight Camping Sleeping Pad - Backpacking Air Mattress - Camping Mattress Pad - Compact Inflatable Sleeping Mat for Ba","1","amazon.com","Standard Orders","Amazon","BOONE","NC","28607","","33.99","2.29","0","0","0","0","0","0","0","0","0","0","-5.42","0","0","30.86","Released","Jan 27, 2026 7:00:19 AM PST"
"Jan 18, 2026 2:42:57 AM PST","25495925401","Order","113-8601833-9702627","GDApolloAir-02","Gear Doctors ApolloAir 5.2 R-Value [25oz] Ultralight Insulated Inflatable Camping Sleeping Pad - Backpacking Sleeping Pad - Camping Mattress Compact L","1","amazon.com","Standard Orders","Amazon","VANCOUVER","WA","98685","MarketplaceFacilitator","89.99","7.65","2.99","0","0","0","0","0","-2.99","0","-7.65","-13.50","-6.08","0","0","70.41","Released","Jan 25, 2026 6:43:38 AM PST"
"Jan 18, 2026 2:44:51 AM PST","25495925401","Order","113-1623664-0682628","GDApolloAir01","Gear Doctors ApolloAir 5.2 R-Value [17oz] Ultralight Insulated Inflatable Camping Sleeping Pad - Backpacking Sleeping Pad - Camping Mattress Compact L","1","amazon.com","Standard Orders","Amazon","VANCOUVER","WA","98685","MarketplaceFacilitator","84.99","7.22","2.99","0","0","0","0","0","-2.99","0","-7.22","-12.75","-5.68","0","0","66.56","Released","Jan 25, 2026 7:05:00 AM PST"
"Jan 18, 2026 2:47:22 AM PST","25495925401","Order","113-7070781-6884261","Ether-01","Gear Doctors® Ether 17.5oz Ultralight Camping Sleeping Pad - Backpacking Air Mattress - Camping Mattress Pad - Compact Inflatable Sleeping Mat for Ba","1","amazon.com","Standard Orders","Amazon","KELSEYVILLE","CA","95451","MarketplaceFacilitator","33.99","2.46","0","0","0","0","0","0","0","0","-2.46","-5.10","-5.42","0","0","23.47","Released","Jan 27, 2026 7:37:32 AM PST"
"Jan 18, 2026 3:14:09 AM PST","25495925401","Order","112-2397779-1830633","GDClassic01","Gear Doctors Oxylus 4.3R-Value Insulated Foam Self Inflating Sleeping Pad Camping-Sleeping Pad Backpacking Air Mattress-Camping Mattress Self Inflatin","1","amazon.com","Standard Orders","Amazon","SURPRISE","AZ","85379","MarketplaceFacilitator","37.49","3.41","0","0","0","0","0","0","0","0","-3.41","-5.62","-7.61","0","0","24.26","Released","Jan 25, 2026 11:46:18 PM PST"
"Jan 18, 2026 4:01:30 AM PST","25495925401","Order","112-5265360-1525851","GDClassic01","Gear Doctors Oxylus 4.3R-Value Insulated Foam Self Inflating Sleeping Pad Camping-Sleeping Pad Backpacking Air Mattress-Camping Mattress Self Inflatin","1","amazon.com","Standard Orders","Amazon","KINGWOOD","TX","77339","MarketplaceFacilitator","37.49","3.09","2.43","0","0","0","0","0","-2.43","0","-3.09","-5.62","-7.61","0","0","24.26","Released","Jan 29, 2026 1:39:24 AM PST"
"Jan 18, 2026 4:42:20 AM PST","25495925401","Order","113-1494023-2457857","Ether-01","Gear Doctors® Ether 17.5oz Ultralight Camping Sleeping Pad - Backpacking Air Mattress - Camping Mattress Pad - Compact Inflatable Sleeping Mat for Ba","1","amazon.com","Standard Orders","Amazon","Redlands","CA","92373","MarketplaceFacilitator","33.99","2.97","2.99","0","0","0","0","0","-2.99","0","-2.97","-5.10","-5.42","0","0","23.47","Released","Jan 25, 2026 7:02:00 AM PST"
"Jan 18, 2026 5:00:09 AM PST","25495925401","Order","111-0575298-3696214","Ether-01","Gear Doctors® Ether 17.5oz Ultralight Camping Sleeping Pad - Backpacking Air Mattress - Camping Mattress Pad - Compact Inflatable Sleeping Mat for Ba","1","amazon.com","Standard Orders","Amazon","silver spring","MD","20904","MarketplaceFacilitator","33.99","1.84","2.99","0","0","0","0","0","-6.39","0","-1.84","-4.59","-5.42","0","0","20.58","Released","Jan 26, 2026 4:41:29 AM PST"
"Jan 18, 2026 5:20:49 AM PST","25495925401","Order","111-0513454-7431469","Ether-01","Gear Doctors® Ether 17.5oz Ultralight Camping Sleeping Pad - Backpacking Air Mattress - Camping Mattress Pad - Compact Inflatable Sleeping Mat for Ba","1","amazon.com","Standard Orders","Amazon","WALTHAM","MA","02453","MarketplaceFacilitator","33.99","2.12","3.23","0","0","0","0","0","-3.23","0","-4.24","-10.20","-5.42","0","0","16.25","Released","Jan 27, 2026 2:37:34 PM PST"
"Jan 18, 2026 5:20:49 AM PST","25495925401","Order","111-0513454-7431469","Ether-01","Gear Doctors® Ether 17.5oz Ultralight Camping Sleeping Pad - Backpacking Air Mattress - Camping Mattress Pad - Compact Inflatable Sleeping Mat for Ba","1","amazon.com","Standard Orders","Amazon","WALTHAM","MA","02453","","33.99","2.12","3.23","0","0","0","0","0","-3.23","0","0","0","-5.42","0","0","30.69","Released","Jan 27, 2026 2:37:34 PM PST"
"Jan 18, 2026 6:19:39 AM PST","25495925401","Order","111-0175791-3252244","Ether-01","Gear Doctors® Ether 17.5oz Ultralight Camping Sleeping Pad - Backpacking Air Mattress - Camping Mattress Pad - Compact Inflatable Sleeping Mat for Ba","1","amazon.com","Standard Orders","Amazon","SAN DIEGO","CA","92129","MarketplaceFacilitator","33.99","2.63","2.99","0","0","0","0","0","-2.99","0","-2.63","-5.10","-5.42","0","0","23.47","Released","Jan 26, 2026 6:24:12 AM PST"
"Jan 18, 2026 6:26:21 AM PST","25495925401","Order","113-0354541-1971437","Ether-01","Gear Doctors® Ether 17.5oz Ultralight Camping Sleeping Pad - Backpacking Air Mattress - Camping Mattress Pad - Compact Inflatable Sleeping Mat for Ba","1","amazon.com","Standard Orders","Amazon","LAKEWOOD","CO","80228","MarketplaceFacilitator","33.99","2.55","0.60","0","0","0","0","0","-0.60","0","-2.55","-5.10","-5.42","0","0","23.47","Released","Jan 25, 2026 11:16:55 PM PST"
"Jan 18, 2026 7:11:08 AM PST","25495925401","Order","113-1527937-2308230","Ether-01","Gear Doctors® Ether 17.5oz Ultralight Camping Sleeping Pad - Backpacking Air Mattress - Camping Mattress Pad - Compact Inflatable Sleeping Mat for Ba","1","amazon.com","Standard Orders","Amazon","ESCONDIDO","CA","92025","MarketplaceFacilitator","33.99","2.97","2.99","0","0","0","0","0","-2.99","0","-2.97","-5.10","-5.42","0","0","23.47","Released","Jan 26, 2026 7:00:04 AM PST"
"Jan 18, 2026 7:26:33 AM PST","25495925401","Order","113-3748021-1166640","GDClassic01","Gear Doctors Oxylus 4.3R-Value Insulated Foam Self Inflating Sleeping Pad Camping-Sleeping Pad Backpacking Air Mattress-Camping Mattress Self Inflatin","1","amazon.com","Standard Orders","Amazon","SAYVILLE","NY","11782","MarketplaceFacilitator","37.49","3.28","2.99","0","0","0","0","0","-2.99","0","-3.28","-5.62","-7.61","0","0","24.26","Released","Jan 26, 2026 7:25:59 AM PST"
"Jan 18, 2026 8:26:33 AM PST","25495925401","Order","113-0576830-7914666","Ether-01","Gear Doctors® Ether 17.5oz Ultralight Camping Sleeping Pad - Backpacking Air Mattress - Camping Mattress Pad - Compact Inflatable Sleeping Mat for Ba","1","amazon.com","Standard Orders","Amazon","NORTH PORT","FL","34289","MarketplaceFacilitator","33.99","2.31","0","0","0","0","0","0","-1.04","0","-2.31","-4.94","-5.42","0","0","22.59","Released","Jan 28, 2026 1:19:37 AM PST"
"Jan 18, 2026 8:40:00 AM PST","25495925401","Order","114-2965647-7647428","Ether-01","Gear Doctors® Ether 17.5oz Ultralight Camping Sleeping Pad - Backpacking Air Mattress - Camping Mattress Pad - Compact Inflatable Sleeping Mat for Ba","1","amazon.com","Standard Orders","Amazon","chapman","Kansas","67431","MarketplaceFacilitator","33.99","2.80","0","0","0","0","0","0","0","0","-2.80","-5.10","-5.42","0","0","23.47","Released","Jan 27, 2026 2:51:38 AM PST"
"Jan 18, 2026 10:18:13 AM PST","25495925401","Order","114-1886048-0541034","Ether-01","Gear Doctors® Ether 17.5oz Ultralight Camping Sleeping Pad - Backpacking Air Mattress - Camping Mattress Pad - Compact Inflatable Sleeping Mat for Ba","1","amazon.com","Standard Orders","Amazon","SILVER CREEK","NY","14136","MarketplaceFacilitator","33.99","2.72","0.50","0","0","0","0","0","-0.50","0","-2.72","-5.10","-5.42","0","0","23.47","Released","Jan 25, 2026 11:37:32 PM PST"
"Jan 18, 2026 11:28:57 AM PST","25495925401","Order","112-3450404-5045069","Ether-01","Gear Doctors® Ether 17.5oz Ultralight Camping Sleeping Pad - Backpacking Air Mattress - Camping Mattress Pad - Compact Inflatable Sleeping Mat for Ba","1","amazon.com","Standard Orders","Amazon","NORMAN","OK","73072","MarketplaceFacilitator","33.99","2.97","0","0","0","0","0","0","0","0","-2.97","-5.10","-5.42","0","0","23.47","Released","Jan 27, 2026 7:29:36 AM PST"
"Jan 18, 2026 11:35:24 AM PST","25495925401","Order","113-6029912-5277016","Ether-01","Gear Doctors® Ether 17.5oz Ultralight Camping Sleeping Pad - Backpacking Air Mattress - Camping Mattress Pad - Compact Inflatable Sleeping Mat for Ba","1","amazon.com","Standard Orders","Amazon","MIAMI","FL","33195","","33.99","0","2.82","0","0","0","0","0","-2.82","0","0","-5.10","-5.42","0","0","23.47","Released","Jan 28, 2026 7:28:08 AM PST"
"Jan 18, 2026 11:58:37 AM PST","25495925401","Order","111-6416190-0534612","GDCampingPillowBlue","Gear Doctors 3.5oz Compact Ultralight Inflatable Camping Pillow -Inflatable Camp Pillow -Backpacking Pillows Ultralight-Camping Pillows for Sleeping,","1","amazon.com","Standard Orders","Amazon","HOBE SOUND","FL","33455","MarketplaceFacilitator","14.99","0.97","0","0","0","0","0","0","0","0","-0.97","-2.25","-3.95","0","0","8.79","Released","Jan 28, 2026 5:36:39 AM PST"
"Jan 18, 2026 12:58:13 PM PST","25495925401","Order","111-8701835-9763407","Ether-01","Gear Doctors® Ether 17.5oz Ultralight Camping Sleeping Pad - Backpacking Air Mattress - Camping Mattress Pad - Compact Inflatable Sleeping Mat for Ba","1","amazon.com","Standard Orders","Amazon","NORTH LITTLE ROCK","AR","72114","MarketplaceFacilitator","33.99","3.23","2.35","0","0","0","0","0","-2.35","0","-3.23","-5.10","-5.42","0","0","23.47","Released","Jan 27, 2026 6:34:37 AM PST"
"Jan 18, 2026 1:38:32 PM PST","25495925401","Order","113-7508375-4770657","GDClassic01","Gear Doctors Oxylus 4.3R-Value Insulated Foam Self Inflating Sleeping Pad Camping-Sleeping Pad Backpacking Air Mattress-Camping Mattress Self Inflatin","2","amazon.com","Standard Orders","Amazon","BURNSVILLE","MN","55337","MarketplaceFacilitator","74.98","6.10","0","0","0","0","0","0","0","0","-6.10","-11.24","-15.22","0","0","48.52","Released","Jan 27, 2026 5:16:06 AM PST"
"Jan 18, 2026 2:15:58 PM PST","25495925401","Order","114-6583637-5477000","GDClassic01","Gear Doctors Oxylus 4.3R-Value Insulated Foam Self Inflating Sleeping Pad Camping-Sleeping Pad Backpacking Air Mattress-Camping Mattress Self Inflatin","1","amazon.com","Standard Orders","Amazon","OCKLAWAHA","FL","32179","MarketplaceFacilitator","37.49","2.81","0","0","0","0","0","0","0","0","-2.81","-5.62","-7.61","0","0","24.26","Released","Jan 27, 2026 3:17:53 AM PST"
"Jan 18, 2026 2:49:58 PM PST","25392467641","Refund","114-6798369-8845833","Ether-01","Gear Doctors® Ether 17.5oz Ultralight Camping Sleeping Pad - Backpacking Air Mattress - Camping Mattress Pad - Compact Inflatable Sleeping Mat for Ba","1","amazon.com","Standard Orders","Amazon","WEST BLOOMFIELD","MI","48323","MarketplaceFacilitator","-33.99","-2.04","0","0","0","0","0","0","0","0","2.04","4.08","0","0","0","-29.91","Released","Jan 18, 2026 2:49:58 PM PST"
"Jan 18, 2026 3:06:51 PM PST","25495925401","Order","112-7436311-0745800","GDCampingPillowOrange","Gear Doctors 3.5oz Compact Ultralight Inflatable Camping Pillow-Inflatable Camp Pillow-Backpacking Pillows Ultralight-Camping Pillows for Sleeping, Hi","1","amazon.com","Standard Orders","Amazon","SPRING","TX","77379","MarketplaceFacilitator","14.99","1.24","0","0","0","0","0","0","0","0","-1.24","-2.25","-3.95","0","0","8.79","Released","Jan 27, 2026 12:19:34 AM PST"
"Jan 18, 2026 3:09:22 PM PST","25495925401","Order","113-8480454-4054632","Ether-01","Gear Doctors® Ether 17.5oz Ultralight Camping Sleeping Pad - Backpacking Air Mattress - Camping Mattress Pad - Compact Inflatable Sleeping Mat for Ba","1","amazon.com","Standard Orders","Amazon","PITTSBURGH","PA","15235","MarketplaceFacilitator","33.99","2.04","0","0","0","0","0","0","0","0","-4.08","-10.20","-5.42","0","0","16.33","Released","Jan 28, 2026 3:27:25 AM PST"
"Jan 18, 2026 3:09:22 PM PST","25495925401","Order","113-8480454-4054632","Ether-01","Gear Doctors® Ether 17.5oz Ultralight Camping Sleeping Pad - Backpacking Air Mattress - Camping Mattress Pad - Compact Inflatable Sleeping Mat for Ba","1","amazon.com","Standard Orders","Amazon","PITTSBURGH","PA","15235","","33.99","2.04","0","0","0","0","0","0","0","0","0","0","-5.42","0","0","30.61","Released","Jan 28, 2026 3:27:25 AM PST"
"Jan 18, 2026 3:48:31 PM PST","25495925401","Order","114-7203928-7290633","GDClassic01","Gear Doctors Oxylus 4.3R-Value Insulated Foam Self Inflating Sleeping Pad Camping-Sleeping Pad Backpacking Air Mattress-Camping Mattress Self Inflatin","1","amazon.com","Standard Orders","Amazon","CEDAR SPRINGS","MI","49319","MarketplaceFacilitator","37.49","2.25","0","0","0","0","0","0","0","0","-2.25","-5.62","-7.61","0","0","24.26","Released","Jan 27, 2026 9:26:18 AM PST"
"Jan 18, 2026 3:55:41 PM PST","25495925401","Order","113-9413995-9402665","Ether-01","Gear Doctors® Ether 17.5oz Ultralight Camping Sleeping Pad - Backpacking Air Mattress - Camping Mattress Pad - Compact Inflatable Sleeping Mat for Ba","1","amazon.com","Standard Orders","Amazon","HILLIARD","OH","43026","MarketplaceFacilitator","33.99","2.72","0","0","0","0","0","0","0","0","-2.72","-5.10","-5.42","0","0","23.47","Released","Jan 26, 2026 7:51:55 PM PST"
"Jan 18, 2026 4:52:55 PM PST","25495925401","Order","111-5302004-3279428","GDApolloAir-02","Gear Doctors ApolloAir 5.2 R-Value [25oz] Ultralight Insulated Inflatable Camping Sleeping Pad - Backpacking Sleeping Pad - Camping Mattress Compact L","1","amazon.com","Standard Orders","Amazon","KEARNY","NJ","07032","MarketplaceFacilitator","89.99","5.96","0","0","0","0","0","0","0","0","-5.96","-13.50","-6.08","0","0","70.41","Released","Jan 27, 2026 12:18:34 AM PST"
"Jan 18, 2026 5:31:26 PM PST","25495925401","Order","114-1746099-9226623","GDClassic01","Gear Doctors Oxylus 4.3R-Value Insulated Foam Self Inflating Sleeping Pad Camping-Sleeping Pad Backpacking Air Mattress-Camping Mattress Self Inflatin","1","amazon.com","Standard Orders","Amazon","BATESVILLE","INDIANA","47006","MarketplaceFacilitator","37.49","2.62","0","0","0","0","0","0","0","0","-2.62","-5.62","-7.61","0","0","24.26","Released","Jan 27, 2026 4:30:10 AM PST"
"Jan 18, 2026 6:39:26 PM PST","25495925401","Order","114-4892626-4436242","Ether-01","Gear Doctors® Ether 17.5oz Ultralight Camping Sleeping Pad - Backpacking Air Mattress - Camping Mattress Pad - Compact Inflatable Sleeping Mat for Ba","1","amazon.com","Standard Orders","Amazon","CRITTENDEN","KY","41030","MarketplaceFacilitator","33.99","2.04","0","0","0","0","0","0","0","0","-2.04","-5.10","-5.42","0","0","23.47","Released","Jan 27, 2026 2:05:35 AM PST"
"Jan 18, 2026 6:59:13 PM PST","25495925401","Order","112-2119522-8409836","GDApolloAir01","Gear Doctors ApolloAir 5.2 R-Value [17oz] Ultralight Insulated Inflatable Camping Sleeping Pad - Backpacking Sleeping Pad - Camping Mattress Compact L","1","amazon.com","Standard Orders","Amazon","LURAY","VA","22835","MarketplaceFacilitator","84.99","4.50","0","0","0","0","0","0","0","0","-4.50","-12.75","-5.68","0","0","66.56","Released","Jan 27, 2026 3:51:51 PM PST"
"Jan 18, 2026 7:04:14 PM PST","25495925401","Order","113-3041107-0925008","GDCampingPillowOrange","Gear Doctors 3.5oz Compact Ultralight Inflatable Camping Pillow-Inflatable Camp Pillow-Backpacking Pillows Ultralight-Camping Pillows for Sleeping, Hi","1","amazon.com","Standard Orders","Amazon","UNIVERSITY HEIGHTS","OH","44118","MarketplaceFacilitator","14.99","1.20","0","0","0","0","0","0","0","0","-1.20","-2.25","-3.95","0","0","8.79","Released","Jan 26, 2026 7:42:39 PM PST"
"Jan 18, 2026 7:13:04 PM PST","25495925401","Order","114-7150522-7343438","GDApolloAir01","Gear Doctors ApolloAir 5.2 R-Value [17oz] Ultralight Insulated Inflatable Camping Sleeping Pad - Backpacking Sleeping Pad - Camping Mattress Compact L","1","amazon.com","Standard Orders","Amazon","SATELLITE BEACH","FL","32937","MarketplaceFacilitator","84.99","5.95","0","0","0","0","0","0","0","0","-5.95","-12.75","-5.68","0","0","66.56","Released","Jan 27, 2026 3:09:25 AM PST"
"Jan 18, 2026 7:38:48 PM PST","25495925401","Order","112-0670524-9349014","Ether-01","Gear Doctors® Ether 17.5oz Ultralight Camping Sleeping Pad - Backpacking Air Mattress - Camping Mattress Pad - Compact Inflatable Sleeping Mat for Ba","1","amazon.com","Standard Orders","Amazon","RENO","NV","89523","MarketplaceFacilitator","33.99","2.81","0","0","0","0","0","0","0","0","-2.81","-5.10","-5.42","0","0","23.47","Released","Jan 27, 2026 7:44:03 AM PST"
"Jan 18, 2026 8:06:40 PM PST","25495925401","Order","113-5819653-5285852","GDClassic01","Gear Doctors Oxylus 4.3R-Value Insulated Foam Self Inflating Sleeping Pad Camping-Sleeping Pad Backpacking Air Mattress-Camping Mattress Self Inflatin","1","amazon.com","Standard Orders","Amazon","BLUFFTON","SC","29910","MarketplaceFacilitator","37.49","2.25","0","0","0","0","0","0","0","0","-2.25","-5.62","-7.61","0","0","24.26","Released","Jan 27, 2026 5:03:55 AM PST"
"Jan 18, 2026 8:21:29 PM PST","25495925401","Order","111-9446951-8357046","Ether-01","Gear Doctors® Ether 17.5oz Ultralight Camping Sleeping Pad - Backpacking Air Mattress - Camping Mattress Pad - Compact Inflatable Sleeping Mat for Ba","1","amazon.com","Standard Orders","Amazon","WEST MILFORD","NJ","07480","MarketplaceFacilitator","33.99","2.25","0","0","0","0","0","0","0","0","-2.25","-5.10","-5.42","0","0","23.47","Released","Jan 27, 2026 1:45:54 AM PST"
"Jan 18, 2026 8:27:10 PM PST","25495925401","Refund","114-6641039-6514621","Ether-01","Gear Doctors® Ether 17.5oz Ultralight Camping Sleeping Pad - Backpacking Air Mattress - Camping Mattress Pad - Compact Inflatable Sleeping Mat for Ba","1","amazon.com","Standard Orders","Amazon","SAN DIEGO","CALIFORNIA","92105","MarketplaceFacilitator","-33.99","-2.63","-1.50","0","0","0","0","0","1.50","0","5.26","8.16","0","0","0","-23.20","Released","Jan 24, 2026 8:01:44 AM PST"
"Jan 18, 2026 8:27:10 PM PST","25495925401","Refund","114-6641039-6514621","Ether-01","Gear Doctors® Ether 17.5oz Ultralight Camping Sleeping Pad - Backpacking Air Mattress - Camping Mattress Pad - Compact Inflatable Sleeping Mat for Ba","1","amazon.com","Standard Orders","Amazon","SAN DIEGO","CALIFORNIA","92105","","-33.99","-2.63","-1.49","0","0","0","0","0","1.49","0","0","0","0","0","0","-36.62","Released","Jan 24, 2026 8:01:44 AM PST"
"Jan 18, 2026 8:50:16 PM PST","25495925401","Order","111-0766574-8461801","Ether-01","Gear Doctors® Ether 17.5oz Ultralight Camping Sleeping Pad - Backpacking Air Mattress - Camping Mattress Pad - Compact Inflatable Sleeping Mat for Ba","1","amazon.com","Standard Orders","Amazon","ELGIN","SC","29045","MarketplaceFacilitator","33.99","2.72","0","0","0","0","0","0","0","0","-2.72","-5.10","-5.42","0","0","23.47","Released","Jan 26, 2026 5:01:05 PM PST"
"Jan 18, 2026 8:55:33 PM PST","25495925401","Order","112-8020152-2745847","Ether-01","Gear Doctors® Ether 17.5oz Ultralight Camping Sleeping Pad - Backpacking Air Mattress - Camping Mattress Pad - Compact Inflatable Sleeping Mat for Ba","1","amazon.com","Standard Orders","Amazon","SPRINGVILLE","UT","84663","MarketplaceFacilitator","33.99","2.53","1.00","0","0","0","0","0","-1.00","0","-2.53","-5.10","-5.42","0","0","23.47","Released","Jan 26, 2026 4:41:18 AM PST"
"Jan 18, 2026 9:55:39 PM PST","25495925401","Order","112-9449101-8423463","Ether-01","Gear Doctors® Ether 17.5oz Ultralight Camping Sleeping Pad - Backpacking Air Mattress - Camping Mattress Pad - Compact Inflatable Sleeping Mat for Ba","1","amazon.com","Standard Orders","Amazon","HENDERSONVILLE","NC","28792","MarketplaceFacilitator","33.99","2.29","2.83","0","0","0","0","0","-2.83","0","-2.29","-5.10","-5.42","0","0","23.47","Released","Jan 30, 2026 4:31:41 AM PST"
"Jan 18, 2026 9:57:01 PM PST","25495925401","Order","111-0412081-2773843","Ether-01","Gear Doctors® Ether 17.5oz Ultralight Camping Sleeping Pad - Backpacking Air Mattress - Camping Mattress Pad - Compact Inflatable Sleeping Mat for Ba","1","amazon.com","Standard Orders","Amazon","FAYETTEVILLE","NC","28306","MarketplaceFacilitator","33.99","2.38","0","0","0","0","0","0","0","0","-2.38","-5.10","-5.42","0","0","23.47","Released","Jan 26, 2026 3:34:49 PM PST"
"Jan 18, 2026 10:04:09 PM PST","25495925401","Order","114-2990737-2789057","Ether-01","Gear Doctors® Ether 17.5oz Ultralight Camping Sleeping Pad - Backpacking Air Mattress - Camping Mattress Pad - Compact Inflatable Sleeping Mat for Ba","1","amazon.com","Standard Orders","Amazon","CLAREMORE","OK","74017","MarketplaceFacilitator","33.99","3.40","2.64","0","0","0","0","0","-2.64","0","-3.40","-5.10","-5.42","0","0","23.47","Released","Jan 28, 2026 12:00:35 AM PST"
"Jan 18, 2026 10:25:39 PM PST","25495925401","Order","112-4828262-7723457","Ether-01","Gear Doctors® Ether 17.5oz Ultralight Camping Sleeping Pad - Backpacking Air Mattress - Camping Mattress Pad - Compact Inflatable Sleeping Mat for Ba","1","amazon.com","Standard Orders","Amazon","SOUTH BOSTON","MA","02127","MarketplaceFacilitator","33.99","2.12","0","0","0","0","0","0","0","0","-2.12","-5.10","-5.42","0","0","23.47","Released","Jan 27, 2026 4:51:13 AM PST"
"Jan 18, 2026 10:39:05 PM PST","25495925401","Order","113-7155348-5662661","GDClassic01","Gear Doctors Oxylus 4.3R-Value Insulated Foam Self Inflating Sleeping Pad Camping-Sleeping Pad Backpacking Air Mattress-Camping Mattress Self Inflatin","1","amazon.com","Standard Orders","Amazon","MARCO ISLAND","FL","34145","MarketplaceFacilitator","37.49","2.14","0","0","0","0","0","0","-1.87","0","-4.28","-10.68","-7.61","0","0","15.19","Released","Jan 26, 2026 10:53:03 PM PST"
"Jan 18, 2026 10:39:05 PM PST","25495925401","Order","113-7155348-5662661","GDClassic01","Gear Doctors Oxylus 4.3R-Value Insulated Foam Self Inflating Sleeping Pad Camping-Sleeping Pad Backpacking Air Mattress-Camping Mattress Self Inflatin","1","amazon.com","Standard Orders","Amazon","MARCO ISLAND","FL","34145","","37.49","2.14","0","0","0","0","0","0","-1.88","0","0","0","-7.61","0","0","30.14","Released","Jan 26, 2026 10:53:03 PM PST"
"Jan 18, 2026 10:42:37 PM PST","25495925401","Order","114-6223441-0357809","Ether-01","Gear Doctors® Ether 17.5oz Ultralight Camping Sleeping Pad - Backpacking Air Mattress - Camping Mattress Pad - Compact Inflatable Sleeping Mat for Ba","1","amazon.com","Standard Orders","Amazon","FORT CAMPBELL","KY","42223","MarketplaceFacilitator","33.99","2.04","0","0","0","0","0","0","0","0","-2.04","-5.10","-5.42","0","0","23.47","Released","Jan 26, 2026 2:23:27 PM PST"
"Jan 18, 2026 10:45:05 PM PST","25495925401","Order","113-8616525-6235412","Ether-01","Gear Doctors® Ether 17.5oz Ultralight Camping Sleeping Pad - Backpacking Air Mattress - Camping Mattress Pad - Compact Inflatable Sleeping Mat for Ba","1","amazon.com","Standard Orders","Amazon","MUSKEGON","MI","49445","MarketplaceFacilitator","33.99","2.04","1.49","0","0","0","0","0","-1.49","0","-2.04","-5.10","-5.42","0","0","23.47","Released","Jan 26, 2026 6:40:27 AM PST"
"Jan 18, 2026 11:02:18 PM PST","25495925401","Order","113-5917908-0134612","Ether-01","Gear Doctors® Ether 17.5oz Ultralight Camping Sleeping Pad - Backpacking Air Mattress - Camping Mattress Pad - Compact Inflatable Sleeping Mat for Ba","1","amazon.com","Standard Orders","Amazon","DOWNINGTOWN","PA","19335","MarketplaceFacilitator","33.99","2.04","0","0","0","0","0","0","0","0","-2.04","-5.10","-5.42","0","0","23.47","Released","Jan 27, 2026 12:13:53 AM PST"
"Jan 18, 2026 11:11:21 PM PST","25392467641","FBA Inventory Fee","bu0bJgaS87","","FBA Removal Order: Return Fee","","Amazon.com","Standard Orders","","","","","","0","0","0","0","0","0","0","0","0","0","0","0","0","0","-22.11","-22.11","Released","Jan 18, 2026 11:11:21 PM PST"
"Jan 18, 2026 11:11:31 PM PST","25392467641","FBA Inventory Fee","bu0bJgaS87","","FBA Removal Order: Return Fee","","Amazon.com","Standard Orders","","","","","","0","0","0","0","0","0","0","0","0","0","0","0","0","0","-6.81","-6.81","Released","Jan 18, 2026 11:11:31 PM PST"
"Jan 18, 2026 11:11:35 PM PST","25392467641","FBA Inventory Fee","bu0bJgaS87","","FBA Removal Order: Return Fee","","Amazon.com","Standard Orders","","","","","","0","0","0","0","0","0","0","0","0","0","0","0","0","0","-7.90","-7.90","Released","Jan 18, 2026 11:11:35 PM PST"
"Jan 18, 2026 11:11:40 PM PST","25392467641","FBA Inventory Fee","bu0bJgaS87","","FBA Removal Order: Return Fee","","Amazon.com","Standard Orders","","","","","","0","0","0","0","0","0","0","0","0","0","0","0","0","0","-4.54","-4.54","Released","Jan 18, 2026 11:11:40 PM PST"
"Jan 18, 2026 11:11:41 PM PST","25392467641","FBA Inventory Fee","bu0bJgaS87","","FBA Removal Order: Return Fee","","Amazon.com","Standard Orders","","","","","","0","0","0","0","0","0","0","0","0","0","0","0","0","0","-2.27","-2.27","Released","Jan 18, 2026 11:11:41 PM PST"
"Jan 18, 2026 11:11:47 PM PST","25392467641","FBA Inventory Fee","bu0bJgaS87","","FBA Removal Order: Return Fee","","Amazon.com","Standard Orders","","","","","","0","0","0","0","0","0","0","0","0","0","0","0","0","0","-10.17","-10.17","Released","Jan 18, 2026 11:11:47 PM PST"
"Jan 18, 2026 11:11:56 PM PST","25392467641","FBA Inventory Fee","bu0bJgaS87","","FBA Removal Order: Return Fee","","Amazon.com","Standard Orders","","","","","","0","0","0","0","0","0","0","0","0","0","0","0","0","0","-28.83","-28.83","Released","Jan 18, 2026 11:11:56 PM PST"
"Jan 18, 2026 11:11:56 PM PST","25392467641","FBA Inventory Fee","bu0bJgaS87","","FBA Removal Order: Return Fee","","Amazon.com","Standard Orders","","","","","","0","0","0","0","0","0","0","0","0","0","0","0","0","0","-1.04","-1.04","Released","Jan 18, 2026 11:11:56 PM PST"
"Jan 18, 2026 11:11:56 PM PST","25392467641","FBA Inventory Fee","bu0bJgaS87","","FBA Removal Order: Return Fee","","Amazon.com","Standard Orders","","","","","","0","0","0","0","0","0","0","0","0","0","0","0","0","0","-5.58","-5.58","Released","Jan 18, 2026 11:11:56 PM PST"
"Jan 18, 2026 11:11:57 PM PST","25392467641","FBA Inventory Fee","bu0bJgaS87","","FBA Removal Order: Return Fee","","Amazon.com","Standard Orders","","","","","","0","0","0","0","0","0","0","0","0","0","0","0","0","0","-13.03","-13.03","Released","Jan 18, 2026 11:11:57 PM PST"
"Jan 18, 2026 11:11:58 PM PST","25392467641","FBA Inventory Fee","bu0bJgaS87","","FBA Removal Order: Return Fee","","Amazon.com","Standard Orders","","","","","","0","0","0","0","0","0","0","0","0","0","0","0","0","0","-34.55","-34.55","Released","Jan 18, 2026 11:11:58 PM PST"
"Jan 18, 2026 11:12:50 PM PST","25495925401","Order","113-8211297-5666656","GDClassic01","Gear Doctors Oxylus 4.3R-Value Insulated Foam Self Inflating Sleeping Pad Camping-Sleeping Pad Backpacking Air Mattress-Camping Mattress Self Inflatin","1","amazon.com","Standard Orders","Amazon","SCARSDALE","NY","10583","MarketplaceFacilitator","37.49","3.14","0","0","0","0","0","0","0","0","-3.14","-5.62","-7.61","0","0","24.26","Released","Jan 27, 2026 1:58:15 AM PST"
"Jan 18, 2026 11:19:34 PM PST","25495925401","Order","111-3223001-7253855","GDClassic01","Gear Doctors Oxylus 4.3R-Value Insulated Foam Self Inflating Sleeping Pad Camping-Sleeping Pad Backpacking Air Mattress-Camping Mattress Self Inflatin","1","amazon.com","Standard Orders","Amazon","BUCYRUS","OH","44820","MarketplaceFacilitator","37.49","2.72","0","0","0","0","0","0","0","0","-2.72","-5.62","-7.61","0","0","24.26","Released","Jan 26, 2026 7:34:34 AM PST"
"Jan 18, 2026 11:34:50 PM PST","25495925401","Order","114-5447143-5898633","GDClassic01","Gear Doctors Oxylus 4.3R-Value Insulated Foam Self Inflating Sleeping Pad Camping-Sleeping Pad Backpacking Air Mattress-Camping Mattress Self Inflatin","1","amazon.com","Standard Orders","Amazon","GROVELAND","FL","34736","MarketplaceFacilitator","37.49","2.62","2.99","0","0","0","0","0","-2.99","0","-2.62","-5.62","-7.61","0","0","24.26","Released","Jan 26, 2026 5:39:59 AM PST"
"Jan 18, 2026 11:37:42 PM PST","25495925401","Order","113-1331147-1650665","Ether-01","Gear Doctors® Ether 17.5oz Ultralight Camping Sleeping Pad - Backpacking Air Mattress - Camping Mattress Pad - Compact Inflatable Sleeping Mat for Ba","1","amazon.com","Standard Orders","Amazon","Colorado Springs","CO","80902","MarketplaceFacilitator","33.99","1.74","0","0","0","0","0","0","0","0","-1.74","-5.10","-5.42","0","0","23.47","Released","Jan 27, 2026 1:26:16 AM PST"
"Jan 18, 2026 11:40:01 PM PST","25495925401","Order","111-6952873-3487448","GDCampingPillowOrange","Gear Doctors 3.5oz Compact Ultralight Inflatable Camping Pillow-Inflatable Camp Pillow-Backpacking Pillows Ultralight-Camping Pillows for Sleeping, Hi","1","amazon.com","Standard Orders","Amazon","FRESNO","CA","93722","MarketplaceFacilitator","14.99","1.19","1.14","0","0","0","0","0","-1.89","0","-1.19","-2.14","-3.95","0","0","8.15","Released","Jan 27, 2026 2:40:53 AM PST"
"Jan 19, 2026 12:17:46 AM PST","25392467641","Order","113-9312858-6632232","GDClassic01","Gear Doctors Oxylus 4.3R-Value Insulated Foam Self Inflating Sleeping Pad Camping-Sleeping Pad Backpacking Air Mattress-Camping Mattress Self Inflatin","1","amazon.com","Standard Orders","Amazon","STAMFORD","CT","06902","MarketplaceFacilitator","0","0","0","0","0","0","0","0","0","0","0","0","0","0","0","0","Released","Jan 19, 2026 12:17:46 AM PST"
"Jan 19, 2026 12:22:13 AM PST","25495925401","Order","112-8396521-2885050","GDApolloAir01","Gear Doctors ApolloAir 5.2 R-Value [17oz] Ultralight Insulated Inflatable Camping Sleeping Pad - Backpacking Sleeping Pad - Camping Mattress Compact L","1","amazon.com","Standard Orders","Amazon","Fort Scott","KS","66701","MarketplaceFacilitator","84.99","6.93","0","0","0","0","0","0","0","0","-6.93","-12.75","-5.68","0","0","66.56","Released","Jan 29, 2026 3:32:53 AM PST"
"Jan 19, 2026 12:22:13 AM PST","25495925401","Order","112-8396521-2885050","GDCampingPillowBlue","Gear Doctors 3.5oz Compact Ultralight Inflatable Camping Pillow -Inflatable Camp Pillow -Backpacking Pillows Ultralight-Camping Pillows for Sleeping,","1","amazon.com","Standard Orders","Amazon","Fort Scott","KS","66701","MarketplaceFacilitator","14.99","1.22","0","0","0","0","0","0","0","0","-1.22","-2.25","-3.95","0","0","8.79","Released","Jan 29, 2026 3:32:53 AM PST"
"Jan 19, 2026 1:08:37 AM PST","25495925401","Order","112-5782978-5754656","GDClassic01","Gear Doctors Oxylus 4.3R-Value Insulated Foam Self Inflating Sleeping Pad Camping-Sleeping Pad Backpacking Air Mattress-Camping Mattress Self Inflatin","2","amazon.com","Standard Orders","Amazon","CLE ELUM","WA","98922","MarketplaceFacilitator","74.98","6.22","0","0","0","0","0","0","0","0","-6.22","-11.24","-15.22","0","0","48.52","Released","Jan 27, 2026 11:09:18 PM PST"
"Jan 19, 2026 1:22:26 AM PST","25495925401","Order","112-8214323-9415450","Ether-01","Gear Doctors® Ether 17.5oz Ultralight Camping Sleeping Pad - Backpacking Air Mattress - Camping Mattress Pad - Compact Inflatable Sleeping Mat for Ba","1","amazon.com","Standard Orders","Amazon","SNOHOMISH","WA","98290","MarketplaceFacilitator","33.99","2.69","1.00","0","0","0","0","0","-1.00","0","-2.69","-5.10","-5.42","0","0","23.47","Released","Jan 27, 2026 7:42:19 AM PST"
"Jan 19, 2026 1:26:41 AM PST","25495925401","Order","112-7035963-6006631","Ether-01","Gear Doctors® Ether 17.5oz Ultralight Camping Sleeping Pad - Backpacking Air Mattress - Camping Mattress Pad - Compact Inflatable Sleeping Mat for Ba","1","amazon.com","Standard Orders","Amazon","TARZANA","CA","91356","MarketplaceFacilitator","33.99","3.31","1.00","0","0","0","0","0","-1.00","0","-3.31","-5.10","-5.42","0","0","23.47","Released","Jan 27, 2026 7:42:28 AM PST"
"Jan 19, 2026 1:55:26 AM PST","25495925401","Order","114-4985979-8128267","Ether-01","Gear Doctors® Ether 17.5oz Ultralight Camping Sleeping Pad - Backpacking Air Mattress - Camping Mattress Pad - Compact Inflatable Sleeping Mat for Ba","1","amazon.com","Standard Orders","Amazon","ABERDEEN","SD","57401","MarketplaceFacilitator","33.99","2.11","0","0","0","0","0","0","0","0","-2.11","-5.10","-5.42","0","0","23.47","Released","Jan 28, 2026 6:02:53 AM PST"
"Jan 19, 2026 1:59:48 AM PST","25495925401","Order","111-7484693-7464257","Ether-01","Gear Doctors® Ether 17.5oz Ultralight Camping Sleeping Pad - Backpacking Air Mattress - Camping Mattress Pad - Compact Inflatable Sleeping Mat for Ba","1","amazon.com","Standard Orders","Amazon","MAPLETON","UT","84664","MarketplaceFacilitator","33.99","2.53","0","0","0","0","0","0","0","0","-2.53","-5.10","-5.42","0","0","23.47","Released","Jan 27, 2026 2:56:47 AM PST"
"Jan 19, 2026 2:08:20 AM PST","25495925401","Order","114-0731068-5020220","Ether-01","Gear Doctors® Ether 17.5oz Ultralight Camping Sleeping Pad - Backpacking Air Mattress - Camping Mattress Pad - Compact Inflatable Sleeping Mat for Ba","1","amazon.com","Standard Orders","Amazon","Linden","NJ","07036","MarketplaceFacilitator","33.99","2.25","0","0","0","0","0","0","0","0","-2.25","-5.10","-5.42","0","0","23.47","Released","Jan 26, 2026 11:48:12 PM PST"
"Jan 19, 2026 2:19:55 AM PST","25495925401","Order","111-0475237-7560264","GDClassic01","Gear Doctors Oxylus 4.3R-Value Insulated Foam Self Inflating Sleeping Pad Camping-Sleeping Pad Backpacking Air Mattress-Camping Mattress Self Inflatin","1","amazon.com","Standard Orders","Amazon","APO","AE","09464","MarketplaceFacilitator","37.49","0","0","0","0","0","0","0","-3.75","0","0","-5.06","-7.61","0","0","21.07","Released","Feb 5, 2026 7:08:18 AM PST"
"Jan 19, 2026 2:30:08 AM PST","25495925401","Order","111-8041750-4610628","GDApolloAir-02","Gear Doctors ApolloAir 5.2 R-Value [25oz] Ultralight Insulated Inflatable Camping Sleeping Pad - Backpacking Sleeping Pad - Camping Mattress Compact L","1","amazon.com","Standard Orders","Amazon","WASHBURN","MO","65772","MarketplaceFacilitator","89.99","7.40","1.18","0.10","0","0","0","0","0","0","-7.50","-13.50","-7.26","0","0","70.41","Released","Jan 28, 2026 7:40:03 AM PST"
"Jan 19, 2026 2:45:12 AM PST","25392467641","FBA Inventory Fee","1dLLkwDBZz","","FBA Removal Order: Return Fee","","Amazon.com","Standard Orders","","","","","","0","0","0","0","0","0","0","0","0","0","0","0","0","0","-2.27","-2.27","Released","Jan 19, 2026 2:45:12 AM PST"
"Jan 19, 2026 2:49:37 AM PST","25495925401","Order","111-7109696-9439468","Ether-01","Gear Doctors® Ether 17.5oz Ultralight Camping Sleeping Pad - Backpacking Air Mattress - Camping Mattress Pad - Compact Inflatable Sleeping Mat for Ba","1","amazon.com","Standard Orders","Amazon","Folsom","California","95630","MarketplaceFacilitator","33.99","2.63","0","0","0","0","0","0","0","0","-2.63","-5.10","-5.42","0","0","23.47","Released","Jan 27, 2026 2:00:47 AM PST"
"Jan 19, 2026 3:32:51 AM PST","25392467641","Service Fee","","","Cost of Advertising","","","Standard Orders","","","","","","0","0","0","0","0","0","0","0","0","0","0","0","0","-502.44","0","-502.44","Released","Jan 19, 2026 3:32:51 AM PST"
"Jan 19, 2026 3:43:48 AM PST","25392467641","FBA Inventory Fee","","","FBA Long-Term Storage Fee","","Amazon.com","Standard Orders","","","","","","0","0","0","0","0","0","0","0","0","0","0","0","0","0","-0.77","-0.77","Released","Jan 19, 2026 3:43:48 AM PST"
"Jan 19, 2026 3:52:45 AM PST","25392467641","Refund","113-8825409-4204245","GDClassic01","Gear Doctors Self Inflating Camping Sleeping Pad for Camping 4.3 R Insulated Camping mats-1.5 in Must Haves Inflatable Foam air Sleep mat Self Inflati","1","amazon.com","Standard Orders","Amazon","DUBLIN","OH","43016","MarketplaceFacilitator","-29.99","-2.40","0","0","0","0","0","0","0","0","4.80","7.20","0","0","0","-20.39","Released","Jan 19, 2026 3:52:45 AM PST"
"Jan 19, 2026 3:52:45 AM PST","25392467641","Refund","113-8825409-4204245","GDClassic01","Gear Doctors Self Inflating Camping Sleeping Pad for Camping 4.3 R Insulated Camping mats-1.5 in Must Haves Inflatable Foam air Sleep mat Self Inflati","1","amazon.com","Standard Orders","Amazon","DUBLIN","OH","43016","","-29.99","-2.40","0","0","0","0","0","0","0","0","0","0","0","0","0","-32.39","Released","Jan 19, 2026 3:52:45 AM PST"
"Jan 19, 2026 4:58:25 AM PST","25495925401","Order","114-7881267-9829023","Ether-01","Gear Doctors® Ether 17.5oz Ultralight Camping Sleeping Pad - Backpacking Air Mattress - Camping Mattress Pad - Compact Inflatable Sleeping Mat for Ba","1","amazon.com","Standard Orders","Amazon","AUBURN","WA","98092","MarketplaceFacilitator","33.99","3.53","6.99","0.73","0","0","0","0","0","0","-4.26","-5.10","-12.41","0","0","23.47","Released","Jan 26, 2026 6:56:25 PM PST"
"Jan 19, 2026 5:30:33 AM PST","25495925401","Order","112-3033364-8805835","GDApolloAir01","Gear Doctors ApolloAir 5.2 R-Value [17oz] Ultralight Insulated Inflatable Camping Sleeping Pad - Backpacking Sleeping Pad - Camping Mattress Compact L","1","amazon.com","Standard Orders","Amazon","Hong Kong","Hong Kong","","","84.99","0","3.75","0","0","0","0","0","-3.75","0","0","-12.75","-5.68","0","0","66.56","Released","Feb 1, 2026 2:42:39 AM PST"
"Jan 19, 2026 7:30:04 AM PST","25495925401","Order","113-4818699-3586619","GDApolloAir01","Gear Doctors ApolloAir 5.2 R-Value [17oz] Ultralight Insulated Inflatable Camping Sleeping Pad - Backpacking Sleeping Pad - Camping Mattress Compact L","1","amazon.com","Standard Orders","Amazon","ROME","GA","30165","MarketplaceFacilitator","84.99","5.95","0","0","0","0","0","0","0","0","-5.95","-12.75","-5.68","0","0","66.56","Released","Jan 28, 2026 12:27:59 AM PST"
"Jan 19, 2026 7:50:31 AM PST","25392467641","Order","113-0507470-2094600","GDClassic01","Gear Doctors Oxylus 4.3R-Value Insulated Foam Self Inflating Sleeping Pad Camping—Sleeping Pad Backpacking Air Mattress—Camping Mattress Self Inflating Camp Mat 4 Seasons Sleep Mat—Camp/Floor/Tent/Cot","2","Amazon.com","Standard Orders","Amazon","CHARLOTTE","NC","28214","","74.98","0","0","0","0","0","0","0","0","0","0","-11.24","-15.06","0","0","48.68","Released","Jan 19, 2026 7:50:31 AM PST"
"Jan 19, 2026 8:10:39 AM PST","25495925401","Order","112-9063283-5481014","GDApolloAir01","Gear Doctors ApolloAir 5.2 R-Value [17oz] Ultralight Insulated Inflatable Camping Sleeping Pad - Backpacking Sleeping Pad - Camping Mattress Compact L","1","amazon.com","Standard Orders","Amazon","BOONVILLE","NY","13309","MarketplaceFacilitator","84.99","7.44","0","0","0","0","0","0","0","0","-7.44","-12.75","-5.68","0","0","66.56","Released","Jan 28, 2026 11:43:22 PM PST"
"Jan 19, 2026 8:25:15 AM PST","25495925401","Order","114-6179545-1526623","GDApolloAir01","Gear Doctors ApolloAir 5.2 R-Value [17oz] Ultralight Insulated Inflatable Camping Sleeping Pad - Backpacking Sleeping Pad - Camping Mattress Compact L","1","amazon.com","Standard Orders","Amazon","WAHIAWA","HI","96786","MarketplaceFacilitator","84.99","4.00","0","0","0","0","0","0","0","0","-4.00","-12.75","-5.68","0","0","66.56","Released","Jan 28, 2026 11:19:00 PM PST"
"Jan 19, 2026 8:45:28 AM PST","25495925401","Order","114-5239876-4970643","GDCampingPillowBlue","Gear Doctors 3.5oz Compact Ultralight Inflatable Camping Pillow -Inflatable Camp Pillow -Backpacking Pillows Ultralight-Camping Pillows for Sleeping,","1","amazon.com","Standard Orders","Amazon","FORT JOHNSON","LA","71459","MarketplaceFacilitator","14.99","1.57","0","0","0","0","0","0","0","0","-1.57","-2.25","-3.95","0","0","8.79","Released","Jan 28, 2026 3:34:28 AM PST"
"Jan 19, 2026 8:59:27 AM PST","25495925401","Order","114-1882722-3976242","Ether-01","Gear Doctors® Ether 17.5oz Ultralight Camping Sleeping Pad - Backpacking Air Mattress - Camping Mattress Pad - Compact Inflatable Sleeping Mat for Ba","1","amazon.com","Standard Orders","Amazon","HOLLADAY","UT","84117","MarketplaceFacilitator","33.99","2.53","0","0","0","0","0","0","0","0","-2.53","-5.10","-5.42","0","0","23.47","Released","Jan 28, 2026 1:11:48 AM PST"
"Jan 19, 2026 9:02:53 AM PST","25495925401","Order","114-5707498-7289861","Ether-01","Gear Doctors® Ether 17.5oz Ultralight Camping Sleeping Pad - Backpacking Air Mattress - Camping Mattress Pad - Compact Inflatable Sleeping Mat for Ba","1","amazon.com","Standard Orders","Amazon","JONESBORO","AR","72405","MarketplaceFacilitator","33.99","2.89","0","0","0","0","0","0","0","0","-2.89","-5.10","-5.42","0","0","23.47","Released","Jan 28, 2026 10:56:20 PM PST"
"Jan 19, 2026 9:26:46 AM PST","25495925401","Order","111-0858793-3997023","Ether-01","Gear Doctors® Ether 17.5oz Ultralight Camping Sleeping Pad - Backpacking Air Mattress - Camping Mattress Pad - Compact Inflatable Sleeping Mat for Ba","1","amazon.com","Standard Orders","Amazon","WARSAW","IN","46580","MarketplaceFacilitator","33.99","2.38","1.74","0","0","0","0","0","0","0","-2.38","-5.10","-7.16","0","0","23.47","Released","Jan 28, 2026 8:02:37 AM PST"
"Jan 19, 2026 9:36:43 AM PST","25495925401","Order","114-7818407-0283450","GDApolloAir01","Gear Doctors ApolloAir 5.2 R-Value [17oz] Ultralight Insulated Inflatable Camping Sleeping Pad - Backpacking Sleeping Pad - Camping Mattress Compact L","1","amazon.com","Standard Orders","Amazon","DEL VISO","BUENOS AIRES","","","84.99","0","10.89","0","0","0","0","0","-10.89","0","0","-12.75","-5.68","0","0","66.56","Released","Jan 29, 2026 2:16:10 AM PST"
"Jan 19, 2026 10:29:29 AM PST","25495925401","Order","113-9221449-8133832","Ether-01","Gear Doctors® Ether 17.5oz Ultralight Camping Sleeping Pad - Backpacking Air Mattress - Camping Mattress Pad - Compact Inflatable Sleeping Mat for Ba","1","amazon.com","Standard Orders","Amazon","MINERAL","VA","23117","MarketplaceFacilitator","33.99","1.80","0","0","0","0","0","0","0","0","-1.80","-5.10","-5.42","0","0","23.47","Released","Jan 27, 2026 5:54:24 AM PST"
"Jan 19, 2026 10:55:13 AM PST","25495925401","Order","112-2036777-2411404","Ether-01","Gear Doctors® Ether 17.5oz Ultralight Camping Sleeping Pad - Backpacking Air Mattress - Camping Mattress Pad - Compact Inflatable Sleeping Mat for Ba","1","amazon.com","Standard Orders","Amazon","FAYETTEVILLE","NC","28311","MarketplaceFacilitator","33.99","2.38","2.99","0","0","0","0","0","-2.99","0","-2.38","-5.10","-5.42","0","0","23.47","Released","Jan 26, 2026 11:09:43 PM PST"
"Jan 19, 2026 10:55:38 AM PST","25495925401","Order","113-4179805-2309055","GDClassic01","Gear Doctors Oxylus 4.3R-Value Insulated Foam Self Inflating Sleeping Pad Camping-Sleeping Pad Backpacking Air Mattress-Camping Mattress Self Inflatin","1","amazon.com","Standard Orders","Amazon","WINTER HAVEN","FL","33880","MarketplaceFacilitator","37.49","2.62","2.99","0","0","0","0","0","-2.99","0","-2.62","-5.62","-7.61","0","0","24.26","Released","Jan 26, 2026 7:18:30 PM PST"
"Jan 19, 2026 11:26:34 AM PST","25495925401","Order","114-4501320-5240239","Ether-01","Gear Doctors® Ether 17.5oz Ultralight Camping Sleeping Pad - Backpacking Air Mattress - Camping Mattress Pad - Compact Inflatable Sleeping Mat for Ba","3","amazon.com","Standard Orders","Amazon","STEVENSON","MD","21153","MarketplaceFacilitator","101.97","6.12","2.24","0","0","0","0","0","-2.24","0","-6.12","-15.30","-16.26","0","0","70.41","Released","Jan 27, 2026 7:33:15 AM PST"
"Jan 19, 2026 11:31:18 AM PST","25495925401","Order","114-7362703-1718635","GDApolloAir01","Gear Doctors ApolloAir 5.2 R-Value [17oz] Ultralight Insulated Inflatable Camping Sleeping Pad - Backpacking Sleeping Pad - Camping Mattress Compact L","1","amazon.com","Standard Orders","Amazon","SHERMAN","TX","75092","MarketplaceFacilitator","84.99","6.66","1.50","0","0","0","0","0","-5.75","0","-6.66","-12.11","-5.68","0","0","62.95","Released","Jan 27, 2026 10:21:08 AM PST"
"Jan 19, 2026 11:40:11 AM PST","25495925401","Order","113-4992925-4753043","Ether-01","Gear Doctors® Ether 17.5oz Ultralight Camping Sleeping Pad - Backpacking Air Mattress - Camping Mattress Pad - Compact Inflatable Sleeping Mat for Ba","2","amazon.com","Standard Orders","Amazon","HOUSTON","TX","77062","MarketplaceFacilitator","67.98","5.60","1.99","0","0","0","0","0","-1.99","0","-5.60","-10.20","-10.84","0","0","46.94","Released","Jan 27, 2026 6:18:59 AM PST"
"Jan 19, 2026 11:44:53 AM PST","25495925401","Order","111-6610963-0509023","GDClassic01","Gear Doctors Oxylus 4.3R-Value Insulated Foam Self Inflating Sleeping Pad Camping-Sleeping Pad Backpacking Air Mattress-Camping Mattress Self Inflatin","1","amazon.com","Standard Orders","Amazon","CHARLESTON","SC","29403","MarketplaceFacilitator","37.49","3.37","0","0","0","0","0","0","0","0","-3.37","-5.62","-7.61","0","0","24.26","Released","Jan 28, 2026 5:39:33 AM PST"
"Jan 19, 2026 11:58:07 AM PST","25392467641","Refund","113-5038637-0107425","GDApolloAir01","Gear Doctors ApolloAir 5.2 R-Value [17oz] Ultralight Insulated Inflatable Camping Sleeping Pad - Backpacking Sleeping Pad - Camping Mattress Compact L","1","amazon.com","Standard Orders","Amazon","HOUSTON","TX","77094","MarketplaceFacilitator","-76.50","-6.31","-1.50","0","0","0","0","0","1.50","0","6.31","9.18","0","0","0","-67.32","Released","Jan 22, 2026 6:51:34 AM PST"
"Jan 19, 2026 11:59:49 AM PST","25495925401","Order","113-7306023-8190648","GDClassic01","Gear Doctors Oxylus 4.3R-Value Insulated Foam Self Inflating Sleeping Pad Camping-Sleeping Pad Backpacking Air Mattress-Camping Mattress Self Inflatin","2","amazon.com","Standard Orders","Amazon","ORLAND","CA","95963","MarketplaceFacilitator","74.98","5.44","0","0","0","0","0","0","0","0","-5.44","-11.24","-15.22","0","0","48.52","Released","Jan 28, 2026 1:41:01 AM PST"
"Jan 19, 2026 12:13:00 PM PST","25495925401","Order","114-6536147-8925867","GDApolloAir-02","Gear Doctors ApolloAir 5.2 R-Value [25oz] Ultralight Insulated Inflatable Camping Sleeping Pad - Backpacking Sleeping Pad - Camping Mattress Compact L","1","amazon.com","Standard Orders","Amazon","GREENVILLE","SC","29611","MarketplaceFacilitator","89.99","5.40","0","0","0","0","0","0","0","0","-5.40","-13.50","-6.08","0","0","70.41","Released","Jan 27, 2026 11:40:29 AM PST"
"Jan 19, 2026 12:29:35 PM PST","25392467641","Refund","111-9003274-2633023","Ether-01","Gear Doctors® Ether 17.5oz Ultralight Camping Sleeping Pad - Backpacking Air Mattress - Camping Mattress Pad - Compact Inflatable Sleeping Mat for Ba","1","amazon.com","Standard Orders","Amazon","SUGAR LAND","TX","77498","MarketplaceFacilitator","-33.99","-2.80","0","0","0","0","0","0","0","0","2.80","4.08","0","0","0","-29.91","Released","Jan 23, 2026 4:09:59 AM PST"
"Jan 19, 2026 12:30:22 PM PST","25495925401","Order","114-2892942-6458660","Ether-01","Gear Doctors® Ether 17.5oz Ultralight Camping Sleeping Pad - Backpacking Air Mattress - Camping Mattress Pad - Compact Inflatable Sleeping Mat for Ba","1","amazon.com","Standard Orders","Amazon","Bloomington","MN","55431","MarketplaceFacilitator","33.99","3.07","2.99","0","0","0","0","0","-2.99","0","-3.07","-5.10","-5.42","0","0","23.47","Released","Jan 27, 2026 5:30:25 AM PST"
"Jan 19, 2026 12:52:24 PM PST","25495925401","Order","112-6426247-4594617","GDApolloAir01","Gear Doctors ApolloAir 5.2 R-Value [17oz] Ultralight Insulated Inflatable Camping Sleeping Pad - Backpacking Sleeping Pad - Camping Mattress Compact L","1","amazon.com","Standard Orders","Amazon","Durham","NC","27708","MarketplaceFacilitator","84.99","6.06","0","0","0","0","0","0","-4.25","0","-6.06","-12.11","-5.68","0","0","62.95","Released","Jan 28, 2026 1:48:45 AM PST"
"Jan 19, 2026 1:28:55 PM PST","25495925401","Order","113-0537044-6693841","GDClassic01","Gear Doctors Oxylus 4.3R-Value Insulated Foam Self Inflating Sleeping Pad Camping-Sleeping Pad Backpacking Air Mattress-Camping Mattress Self Inflatin","1","amazon.com","Standard Orders","Amazon","BRISTOL","IN","46507","MarketplaceFacilitator","37.49","0","0","0","0","0","0","0","0","0","0","-5.62","-7.61","0","0","24.26","Released","Feb 5, 2026 6:05:24 AM PST"
"Jan 19, 2026 1:39:18 PM PST","25495925401","Order","114-5042406-9847411","GDCampingPillowOrange","Gear Doctors 3.5oz Compact Ultralight Inflatable Camping Pillow-Inflatable Camp Pillow-Backpacking Pillows Ultralight-Camping Pillows for Sleeping, Hi","1","amazon.com","Standard Orders","Amazon","SHERMAN","TX","75092","MarketplaceFacilitator","14.99","1.24","0","0","0","0","0","0","0","0","-1.24","-2.25","-3.95","0","0","8.79","Released","Jan 28, 2026 4:09:40 AM PST"
"Jan 19, 2026 1:40:43 PM PST","25495925401","Order","114-2589636-7622630","Ether-01","Gear Doctors® Ether 17.5oz Ultralight Camping Sleeping Pad - Backpacking Air Mattress - Camping Mattress Pad - Compact Inflatable Sleeping Mat for Ba","1","amazon.com","Standard Orders","Amazon","WOODLAWN","TN","37191","MarketplaceFacilitator","33.99","3.23","0","0","0","0","0","0","0","0","-3.23","-5.10","-5.42","0","0","23.47","Released","Jan 28, 2026 10:43:28 AM PST"
"Jan 19, 2026 1:41:02 PM PST","25495925401","Order","112-4653440-2905045","Ether-01","Gear Doctors® Ether 17.5oz Ultralight Camping Sleeping Pad - Backpacking Air Mattress - Camping Mattress Pad - Compact Inflatable Sleeping Mat for Ba","1","amazon.com","Standard Orders","Amazon","WARNER ROBINS","GA","31088","MarketplaceFacilitator","33.99","2.38","0","0","0","0","0","0","0","0","-2.38","-5.10","-5.42","0","0","23.47","Released","Jan 28, 2026 6:52:29 AM PST"
"Jan 19, 2026 1:45:32 PM PST","25392467641","Refund","111-0324897-9769067","GDApolloAir01","Gear Doctors ApolloAir 5.2 R-Value [17oz] Ultralight Insulated Inflatable Camping Sleeping Pad - Backpacking Sleeping Pad - Camping Mattress Compact L","1","amazon.com","Standard Orders","Amazon","NEW YORK","NY","10013","MarketplaceFacilitator","-76.50","-6.11","0","0","0","0","0","0","7.65","0","6.11","8.26","0","0","0","-60.59","Released","Jan 19, 2026 1:45:35 PM PST"
"Jan 19, 2026 2:19:23 PM PST","25495925401","Order","111-8538674-7789052","Ether-01","Gear Doctors® Ether 17.5oz Ultralight Camping Sleeping Pad - Backpacking Air Mattress - Camping Mattress Pad - Compact Inflatable Sleeping Mat for Ba","1","amazon.com","Standard Orders","Amazon","IRVINE","CA","92618","MarketplaceFacilitator","33.99","2.63","2.99","0","0","0","0","0","-2.99","0","-2.63","-5.10","-5.42","0","0","23.47","Released","Jan 27, 2026 10:53:35 AM PST"
"Jan 19, 2026 3:03:35 PM PST","25495925401","Order","114-2858079-7435464","Ether-01","Gear Doctors® Ether 17.5oz Ultralight Camping Sleeping Pad - Backpacking Air Mattress - Camping Mattress Pad - Compact Inflatable Sleeping Mat for Ba","1","amazon.com","Standard Orders","Amazon","COLONIAL BEACH","VA","22443","MarketplaceFacilitator","33.99","1.80","2.60","0","0","0","0","0","-2.60","0","-1.80","-5.10","-5.42","0","0","23.47","Released","Jan 28, 2026 2:13:28 AM PST"
"Jan 19, 2026 3:05:19 PM PST","25495925401","Order","113-4621598-5152211","GDCampingPillowOrange","Gear Doctors 3.5oz Compact Ultralight Inflatable Camping Pillow-Inflatable Camp Pillow-Backpacking Pillows Ultralight-Camping Pillows for Sleeping, Hi","1","amazon.com","Standard Orders","Amazon","SCITUATE","RI","02857","MarketplaceFacilitator","14.99","1.05","0","0","0","0","0","0","0","0","-1.05","-2.25","-3.95","0","0","8.79","Released","Jan 29, 2026 6:13:10 AM PST"
"Jan 19, 2026 3:55:25 PM PST","25392467641","Refund","114-0301340-8442630","GDApolloAir01","Gear Doctors ApolloAir 5.2 R-Value [17oz] Ultralight Insulated Inflatable Camping Sleeping Pad - Backpacking Sleeping Pad - Camping Mattress Compact L","1","amazon.com","Standard Orders","Amazon","BRUSH PRAIRIE","WA","98606","MarketplaceFacilitator","-76.50","-5.97","-2.99","0","0","0","0","0","2.99","0","5.97","9.18","0","0","0","-67.32","Released","Jan 21, 2026 5:59:36 AM PST"
"Jan 19, 2026 4:51:42 PM PST","25495925401","Order","112-5576819-7224238","Ether-01","Gear Doctors® Ether 17.5oz Ultralight Camping Sleeping Pad - Backpacking Air Mattress - Camping Mattress Pad - Compact Inflatable Sleeping Mat for Ba","1","amazon.com","Standard Orders","Amazon","PHOENIX","AZ","85050","MarketplaceFacilitator","33.99","3.09","2.99","0","0","0","0","0","-2.99","0","-3.09","-5.10","-5.42","0","0","23.47","Released","Jan 27, 2026 6:55:13 AM PST"
"Jan 19, 2026 6:12:01 PM PST","25495925401","Order","112-3808385-2351417","GDClassic01","Gear Doctors Oxylus 4.3R-Value Insulated Foam Self Inflating Sleeping Pad Camping-Sleeping Pad Backpacking Air Mattress-Camping Mattress Self Inflatin","1","amazon.com","Standard Orders","Amazon","SAN JOSE","CA","95128","MarketplaceFacilitator","37.49","3.42","0","0","0","0","0","0","0","0","-3.42","-5.62","-7.61","0","0","24.26","Released","Jan 28, 2026 4:48:32 AM PST"
"Jan 19, 2026 8:18:29 PM PST","25495925401","Order","114-7615473-0347446","Ether-01","Gear Doctors® Ether 17.5oz Ultralight Camping Sleeping Pad - Backpacking Air Mattress - Camping Mattress Pad - Compact Inflatable Sleeping Mat for Ba","1","amazon.com","Standard Orders","Amazon","GOODLETTSVILLE","TN","37072","MarketplaceFacilitator","33.99","3.14","0","0","0","0","0","0","0","0","-3.14","-5.10","-5.42","0","0","23.47","Released","Jan 29, 2026 2:14:09 AM PST"
"Jan 19, 2026 8:32:11 PM PST","25495925401","Order","111-7018238-8609859","GDClassic01","Gear Doctors Oxylus 4.3R-Value Insulated Foam Self Inflating Sleeping Pad Camping-Sleeping Pad Backpacking Air Mattress-Camping Mattress Self Inflatin","1","amazon.com","Standard Orders","Amazon","VACAVILLE","CA","95688","MarketplaceFacilitator","37.49","3.05","0","0","0","0","0","0","0","0","-3.05","-5.62","-7.61","0","0","24.26","Released","Jan 28, 2026 7:49:18 AM PST"
"Jan 19, 2026 8:43:33 PM PST","25495925401","Order","112-5090623-4221840","Ether-01","Gear Doctors® Ether 17.5oz Ultralight Camping Sleeping Pad - Backpacking Air Mattress - Camping Mattress Pad - Compact Inflatable Sleeping Mat for Ba","1","amazon.com","Standard Orders","Amazon","IMPERIAL BEACH","CA","91932","MarketplaceFacilitator","33.99","2.97","6.99","0.61","0","0","0","0","0","0","-3.58","-5.10","-12.41","0","0","23.47","Released","Jan 29, 2026 6:16:35 AM PST"
"Jan 19, 2026 8:51:36 PM PST","25495925401","Order","111-2303706-0484232","Ether-01","Gear Doctors® Ether 17.5oz Ultralight Camping Sleeping Pad - Backpacking Air Mattress - Camping Mattress Pad - Compact Inflatable Sleeping Mat for Ba","1","amazon.com","Standard Orders","Amazon","FAIRHAVEN","MA","02719","MarketplaceFacilitator","33.99","2.12","0","0","0","0","0","0","0","0","-2.12","-5.10","-5.42","0","0","23.47","Released","Jan 28, 2026 6:19:23 AM PST"
"Jan 19, 2026 9:00:30 PM PST","25495925401","Order","114-3282525-8878616","Ether-01","Gear Doctors® Ether 17.5oz Ultralight Camping Sleeping Pad - Backpacking Air Mattress - Camping Mattress Pad - Compact Inflatable Sleeping Mat for Ba","1","amazon.com","Standard Orders","Amazon","Washington Township","NJ","07676","MarketplaceFacilitator","33.99","2.25","1.49","0","0","0","0","0","-1.49","0","-2.25","-5.10","-5.42","0","0","23.47","Released","Jan 27, 2026 7:05:35 AM PST"
"Jan 19, 2026 9:10:36 PM PST","25495925401","Order","112-9063283-5481014","GDClassic01","Gear Doctors Oxylus 4.3R-Value Insulated Foam Self Inflating Sleeping Pad Camping-Sleeping Pad Backpacking Air Mattress-Camping Mattress Self Inflatin","1","amazon.com","Standard Orders","Amazon","BOONVILLE","NY","13309","MarketplaceFacilitator","37.49","3.28","0","0","0","0","0","0","0","0","-3.28","-5.62","-7.61","0","0","24.26","Released","Jan 28, 2026 7:36:13 AM PST"
"Jan 19, 2026 9:12:01 PM PST","25495925401","Order","111-2866954-8705028","Ether-01","Gear Doctors® Ether 17.5oz Ultralight Camping Sleeping Pad - Backpacking Air Mattress - Camping Mattress Pad - Compact Inflatable Sleeping Mat for Ba","1","amazon.com","Standard Orders","Amazon","NEW ORLEANS","LA","70125","MarketplaceFacilitator","33.99","3.40","0","0","0","0","0","0","0","0","-3.40","-5.10","-5.42","0","0","23.47","Released","Jan 28, 2026 9:29:27 PM PST"
"Jan 19, 2026 9:40:19 PM PST","25495925401","Order","113-7914830-0204224","Ether-01","Gear Doctors® Ether 17.5oz Ultralight Camping Sleeping Pad - Backpacking Air Mattress - Camping Mattress Pad - Compact Inflatable Sleeping Mat for Ba","1","amazon.com","Standard Orders","Amazon","TAYLORS","SC","29687","MarketplaceFacilitator","33.99","2.04","0","0","0","0","0","0","0","0","-2.04","-5.10","-5.42","0","0","23.47","Released","Jan 28, 2026 6:52:19 AM PST"
"Jan 19, 2026 9:42:45 PM PST","25495925401","Order","114-4914320-1743449","GDCampingPillowOrange","Gear Doctors 3.5oz Compact Ultralight Inflatable Camping Pillow-Inflatable Camp Pillow-Backpacking Pillows Ultralight-Camping Pillows for Sleeping, Hi","1","amazon.com","Standard Orders","Amazon","STEVENSON","MD","21153","MarketplaceFacilitator","14.99","0.90","0.60","0","0","0","0","0","-0.60","0","-0.90","-2.25","-3.95","0","0","8.79","Released","Jan 27, 2026 4:08:31 AM PST"
"Jan 19, 2026 10:05:56 PM PST","25495925401","Order","111-5409838-8569836","GDClassic01","Gear Doctors Oxylus 4.3R-Value Insulated Foam Self Inflating Sleeping Pad Camping-Sleeping Pad Backpacking Air Mattress-Camping Mattress Self Inflatin","1","amazon.com","Standard Orders","Amazon","SAINT CHARLES","MO","63301","MarketplaceFacilitator","37.49","2.98","2.99","0","0","0","0","0","-2.99","0","-2.98","-5.62","-7.61","0","0","24.26","Released","Jan 27, 2026 3:53:45 AM PST"
"Jan 19, 2026 10:06:44 PM PST","25495925401","Order","113-7767898-9285017","Ether-01","Gear Doctors® Ether 17.5oz Ultralight Camping Sleeping Pad - Backpacking Air Mattress - Camping Mattress Pad - Compact Inflatable Sleeping Mat for Ba","2","amazon.com","Standard Orders","Amazon","DESOTO","TX","75115","MarketplaceFacilitator","67.98","5.60","2.99","0","0","0","0","0","-2.99","0","-5.60","-10.20","-10.84","0","0","46.94","Released","Jan 27, 2026 5:23:52 AM PST"
"Jan 19, 2026 10:11:10 PM PST","25495925401","Order","114-4944637-8096232","Ether-01","Gear Doctors® Ether 17.5oz Ultralight Camping Sleeping Pad - Backpacking Air Mattress - Camping Mattress Pad - Compact Inflatable Sleeping Mat for Ba","1","amazon.com","Standard Orders","Amazon","AUSTIN","TX","78702","MarketplaceFacilitator","33.99","2.80","0.59","0","0","0","0","0","-0.59","0","-2.80","-5.10","-5.42","0","0","23.47","Released","Jan 27, 2026 4:45:35 AM PST"
"Jan 19, 2026 10:29:45 PM PST","25495925401","Order","111-9599667-8203452","Ether-01","Gear Doctors® Ether 17.5oz Ultralight Camping Sleeping Pad - Backpacking Air Mattress - Camping Mattress Pad - Compact Inflatable Sleeping Mat for Ba","1","amazon.com","Standard Orders","Amazon","FORT LIBERTY","NC","28307","MarketplaceFacilitator","33.99","2.38","0","0","0","0","0","0","0","0","-2.38","-5.10","-5.42","0","0","23.47","Released","Jan 27, 2026 10:31:00 PM PST"
"Jan 19, 2026 11:07:11 PM PST","25495925401","Order","113-9958594-5969816","GDApolloAir01","Gear Doctors ApolloAir 5.2 R-Value [17oz] Ultralight Insulated Inflatable Camping Sleeping Pad - Backpacking Sleeping Pad - Camping Mattress Compact L","1","amazon.com","Standard Orders","Amazon","KEIZER","OR","97303","","84.99","0","2.99","0","0","0","0","0","-2.99","0","0","-12.75","-5.68","0","0","66.56","Released","Jan 27, 2026 5:18:33 AM PST"
"Jan 19, 2026 11:12:40 PM PST","25495925401","Order","112-3932915-0787444","GDClassic01","Gear Doctors Oxylus 4.3R-Value Insulated Foam Self Inflating Sleeping Pad Camping-Sleeping Pad Backpacking Air Mattress-Camping Mattress Self Inflatin","1","amazon.com","Standard Orders","Amazon","FALLBROOK","CA","92028","MarketplaceFacilitator","37.49","2.91","0","0","0","0","0","0","0","0","-2.91","-5.62","-7.61","0","0","24.26","Released","Jan 28, 2026 6:56:07 AM PST"
"Jan 19, 2026 11:13:52 PM PST","25495925401","Order","112-9342434-1560200","GDClassic01","Gear Doctors Oxylus 4.3R-Value Insulated Foam Self Inflating Sleeping Pad Camping-Sleeping Pad Backpacking Air Mattress-Camping Mattress Self Inflatin","1","amazon.com","Standard Orders","Amazon","SURPRISE","AZ","85379","MarketplaceFacilitator","37.49","3.41","0.75","0","0","0","0","0","-0.75","0","-3.41","-5.62","-7.61","0","0","24.26","Released","Jan 27, 2026 8:19:55 AM PST"
"Jan 19, 2026 11:14:03 PM PST","25495925401","Order","112-9342434-1560200","GDClassic01","Gear Doctors Oxylus 4.3R-Value Insulated Foam Self Inflating Sleeping Pad Camping-Sleeping Pad Backpacking Air Mattress-Camping Mattress Self Inflatin","3","amazon.com","Standard Orders","Amazon","SURPRISE","AZ","85379","MarketplaceFacilitator","112.47","10.23","2.24","0","0","0","0","0","-2.24","0","-10.23","-16.86","-22.83","0","0","72.78","Released","Jan 27, 2026 8:06:23 AM PST"
"Jan 19, 2026 11:19:59 PM PST","25495925401","Order","113-5142922-1782611","Ether-01","Gear Doctors® Ether 17.5oz Ultralight Camping Sleeping Pad - Backpacking Air Mattress - Camping Mattress Pad - Compact Inflatable Sleeping Mat for Ba","1","amazon.com","Standard Orders","Amazon","FOSTER CITY","CA","94404","MarketplaceFacilitator","33.99","3.19","0","0","0","0","0","0","0","0","-3.19","-5.10","-5.42","0","0","23.47","Released","Jan 28, 2026 3:11:13 AM PST"
"Jan 19, 2026 11:42:35 PM PST","25392467641","Service Fee","","","Cost of Advertising","","","Standard Orders","","","","","","0","0","0","0","0","0","0","0","0","0","0","0","0","-501.54","0","-501.54","Released","Jan 19, 2026 11:42:35 PM PST"
"Jan 19, 2026 11:50:37 PM PST","25495925401","Order","112-3028008-8177816","Ether-01","Gear Doctors® Ether 17.5oz Ultralight Camping Sleeping Pad - Backpacking Air Mattress - Camping Mattress Pad - Compact Inflatable Sleeping Mat for Ba","1","amazon.com","Standard Orders","Amazon","SAN DIEGO","CA","92108","MarketplaceFacilitator","33.99","2.63","2.99","0","0","0","0","0","-2.99","0","-2.63","-5.10","-5.42","0","0","23.47","Released","Jan 27, 2026 5:50:49 AM PST"
"Jan 20, 2026 12:13:23 AM PST","25495925401","Order","112-1586015-4654629","GDClassic01","Gear Doctors Oxylus 4.3R-Value Insulated Foam Self Inflating Sleeping Pad Camping-Sleeping Pad Backpacking Air Mattress-Camping Mattress Self Inflatin","1","amazon.com","Standard Orders","Amazon","CLARKSVILLE","IN","47129","MarketplaceFacilitator","37.49","2.62","0","0","0","0","0","0","0","0","-2.62","-5.62","-7.61","0","0","24.26","Released","Jan 29, 2026 6:26:39 AM PST"
"Jan 20, 2026 12:19:43 AM PST","25495925401","Order","113-6047171-5220257","Ether-01","Gear Doctors® Ether 17.5oz Ultralight Camping Sleeping Pad - Backpacking Air Mattress - Camping Mattress Pad - Compact Inflatable Sleeping Mat for Ba","1","amazon.com","Standard Orders","Amazon","JACKSONVILLE","FL","32205","MarketplaceFacilitator","33.99","2.55","0","0","0","0","0","0","0","0","-5.10","-10.20","-5.42","0","0","15.82","Released","Jan 31, 2026 3:32:33 AM PST"
"Jan 20, 2026 12:19:43 AM PST","25495925401","Order","113-6047171-5220257","Ether-01","Gear Doctors® Ether 17.5oz Ultralight Camping Sleeping Pad - Backpacking Air Mattress - Camping Mattress Pad - Compact Inflatable Sleeping Mat for Ba","1","amazon.com","Standard Orders","Amazon","JACKSONVILLE","FL","32205","","33.99","2.55","0","0","0","0","0","0","0","0","0","0","-5.42","0","0","31.12","Released","Jan 31, 2026 3:32:33 AM PST"
"Jan 20, 2026 12:20:21 AM PST","25495925401","Order","112-5893217-4005029","GDClassic01","Gear Doctors Oxylus 4.3R-Value Insulated Foam Self Inflating Sleeping Pad Camping-Sleeping Pad Backpacking Air Mattress-Camping Mattress Self Inflatin","1","amazon.com","Standard Orders","Amazon","SAINT LOUIS","MO","63129","MarketplaceFacilitator","37.49","1.58","0","0","0","0","0","0","0","0","-1.58","-5.62","-7.61","0","0","24.26","Released","Jan 29, 2026 3:08:16 AM PST"
"Jan 20, 2026 12:24:12 AM PST","25495925401","Order","114-5701184-1720215","Ether-01","Gear Doctors® Ether 17.5oz Ultralight Camping Sleeping Pad - Backpacking Air Mattress - Camping Mattress Pad - Compact Inflatable Sleeping Mat for Ba","3","amazon.com","Standard Orders","Amazon","LOS ANGELES","CA","90025","MarketplaceFacilitator","101.97","9.93","0","0","0","0","0","0","0","0","-9.93","-15.30","-16.26","0","0","70.41","Released","Jan 27, 2026 11:12:57 PM PST"
"Jan 20, 2026 12:31:14 AM PST","25495925401","Order","113-3244630-9589818","Ether-01","Gear Doctors® Ether 17.5oz Ultralight Camping Sleeping Pad - Backpacking Air Mattress - Camping Mattress Pad - Compact Inflatable Sleeping Mat for Ba","1","amazon.com","Standard Orders","Amazon","BOILING SPRINGS","SC","29316","MarketplaceFacilitator","33.99","2.38","0","0","0","0","0","0","0","0","-2.38","-5.10","-5.42","0","0","23.47","Released","Jan 28, 2026 4:29:57 AM PST"
"Jan 20, 2026 12:34:20 AM PST","25495925401","Order","114-4458661-1545848","Ether-01","Gear Doctors® Ether 17.5oz Ultralight Camping Sleeping Pad - Backpacking Air Mattress - Camping Mattress Pad - Compact Inflatable Sleeping Mat for Ba","1","amazon.com","Standard Orders","Amazon","Miami Shores","Florida","33150","MarketplaceFacilitator","33.99","2.38","0","0","0","0","0","0","0","0","-4.76","-10.20","-5.42","0","0","15.99","Released","Jan 30, 2026 1:18:31 AM PST"
"Jan 20, 2026 12:34:20 AM PST","25495925401","Order","114-4458661-1545848","Ether-01","Gear Doctors® Ether 17.5oz Ultralight Camping Sleeping Pad - Backpacking Air Mattress - Camping Mattress Pad - Compact Inflatable Sleeping Mat for Ba","1","amazon.com","Standard Orders","Amazon","Miami Shores","Florida","33150","","33.99","2.38","0","0","0","0","0","0","0","0","0","0","-5.42","0","0","30.95","Released","Jan 30, 2026 1:18:31 AM PST"
"Jan 20, 2026 12:37:29 AM PST","25495925401","Order","113-3796478-1089840","Ether-01","Gear Doctors® Ether 17.5oz Ultralight Camping Sleeping Pad - Backpacking Air Mattress - Camping Mattress Pad - Compact Inflatable Sleeping Mat for Ba","1","amazon.com","Standard Orders","Amazon","DURHAM","NC","27704","MarketplaceFacilitator","33.99","2.55","0","0","0","0","0","0","0","0","-2.55","-5.10","-5.42","0","0","23.47","Released","Jan 27, 2026 7:07:28 PM PST"
"Jan 20, 2026 12:54:57 AM PST","25495925401","Order","113-0669720-2063417","Ether-01","Gear Doctors® Ether 17.5oz Ultralight Camping Sleeping Pad - Backpacking Air Mattress - Camping Mattress Pad - Compact Inflatable Sleeping Mat for Ba","1","amazon.com","Standard Orders","Amazon","LOS ANGELES","CA","90049","MarketplaceFacilitator","33.99","3.31","0","0","0","0","0","0","0","0","-3.31","-5.10","-5.42","0","0","23.47","Released","Jan 27, 2026 10:39:56 PM PST"
"Jan 20, 2026 1:09:38 AM PST","25495925401","Order","114-9737242-8053851","Ether-01","Gear Doctors® Ether 17.5oz Ultralight Camping Sleeping Pad - Backpacking Air Mattress - Camping Mattress Pad - Compact Inflatable Sleeping Mat for Ba","1","amazon.com","Standard Orders","Amazon","GULF SHORES","AL","36542","MarketplaceFacilitator","33.99","2.72","0","0","0","0","0","0","0","0","-2.72","-5.10","-5.42","0","0","23.47","Released","Jan 30, 2026 7:14:48 AM PST"
"Jan 20, 2026 1:18:56 AM PST","25495925401","Order","113-1593376-3141063","Ether-01","Gear Doctors® Ether 17.5oz Ultralight Camping Sleeping Pad - Backpacking Air Mattress - Camping Mattress Pad - Compact Inflatable Sleeping Mat for Ba","1","amazon.com","Standard Orders","Amazon","TUCKER","GA","30084","MarketplaceFacilitator","33.99","2.72","0","0","0","0","0","0","0","0","-2.72","-5.10","-5.42","0","0","23.47","Released","Jan 27, 2026 11:39:28 PM PST"
"Jan 20, 2026 1:40:21 AM PST","25495925401","Order","114-2691967-4574644","Ether-01","Gear Doctors® Ether 17.5oz Ultralight Camping Sleeping Pad - Backpacking Air Mattress - Camping Mattress Pad - Compact Inflatable Sleeping Mat for Ba","1","amazon.com","Standard Orders","Amazon","MANHEIM","PA","17545","MarketplaceFacilitator","33.99","2.04","2.99","0","0","0","0","0","-2.99","0","-2.04","-5.10","-5.42","0","0","23.47","Released","Jan 27, 2026 10:40:51 PM PST"
"Jan 20, 2026 1:40:58 AM PST","25495925401","Order","114-4602101-3356227","GDClassic01","Gear Doctors Oxylus 4.3R-Value Insulated Foam Self Inflating Sleeping Pad Camping-Sleeping Pad Backpacking Air Mattress-Camping Mattress Self Inflatin","1","amazon.com","Standard Orders","Amazon","Mission Viejo","ca","92691","MarketplaceFacilitator","37.49","2.91","1.00","0","0","0","0","0","-1.00","0","-2.91","-5.62","-7.61","0","0","24.26","Released","Jan 27, 2026 5:07:03 PM PST"
"Jan 20, 2026 1:57:14 AM PST","25495925401","Order","112-8638700-2553837","Ether-01","Gear Doctors® Ether 17.5oz Ultralight Camping Sleeping Pad - Backpacking Air Mattress - Camping Mattress Pad - Compact Inflatable Sleeping Mat for Ba","1","amazon.com","Standard Orders","Amazon","EVERETT","WA","98208","MarketplaceFacilitator","33.99","3.57","1.00","0","0","0","0","0","-1.00","0","-3.57","-5.10","-5.42","0","0","23.47","Released","Jan 28, 2026 12:49:22 AM PST"
"Jan 20, 2026 3:18:56 AM PST","25495925401","Order","112-1487557-1589053","Ether-01","Gear Doctors® Ether 17.5oz Ultralight Camping Sleeping Pad - Backpacking Air Mattress - Camping Mattress Pad - Compact Inflatable Sleeping Mat for Ba","1","amazon.com","Standard Orders","Amazon","OLD GREENWICH","CT","06870","MarketplaceFacilitator","33.99","2.16","0","0","0","0","0","0","0","0","-2.16","-5.10","-5.42","0","0","23.47","Released","Jan 29, 2026 2:18:59 AM PST"
"Jan 20, 2026 3:31:09 AM PST","25495925401","Order","113-5030192-8958615","Ether-01","Gear Doctors® Ether 17.5oz Ultralight Camping Sleeping Pad - Backpacking Air Mattress - Camping Mattress Pad - Compact Inflatable Sleeping Mat for Ba","1","amazon.com","Standard Orders","Amazon","SAINT PETERS","MO","63376","MarketplaceFacilitator","33.99","2.70","0.60","0","0","0","0","0","-0.60","0","-5.40","-10.20","-5.42","0","0","15.67","Released","Jan 28, 2026 2:54:20 AM PST"
"Jan 20, 2026 3:31:09 AM PST","25495925401","Order","113-5030192-8958615","Ether-01","Gear Doctors® Ether 17.5oz Ultralight Camping Sleeping Pad - Backpacking Air Mattress - Camping Mattress Pad - Compact Inflatable Sleeping Mat for Ba","1","amazon.com","Standard Orders","Amazon","SAINT PETERS","MO","63376","","33.99","2.70","0.60","0","0","0","0","0","-0.60","0","0","0","-5.42","0","0","31.27","Released","Jan 28, 2026 2:54:20 AM PST"
"Jan 20, 2026 3:44:35 AM PST","25495925401","Order","114-7712589-8747469","GDClassic01","Gear Doctors Oxylus 4.3R-Value Insulated Foam Self Inflating Sleeping Pad Camping-Sleeping Pad Backpacking Air Mattress-Camping Mattress Self Inflatin","1","amazon.com","Standard Orders","Amazon","KERRVILLE","TX","78028","MarketplaceFacilitator","37.49","2.53","0","0","0","0","0","0","0","0","-2.53","-5.62","-7.61","0","0","24.26","Released","Jan 29, 2026 2:29:41 AM PST"
"Jan 20, 2026 3:59:52 AM PST","25495925401","Order","113-2436718-8287449","Ether-01","Gear Doctors® Ether 17.5oz Ultralight Camping Sleeping Pad - Backpacking Air Mattress - Camping Mattress Pad - Compact Inflatable Sleeping Mat for Ba","1","amazon.com","Standard Orders","Amazon","SANTA BARBARA","CA","93108","MarketplaceFacilitator","33.99","2.63","2.99","0","0","0","0","0","-2.99","0","-2.63","-5.10","-5.42","0","0","23.47","Released","Jan 27, 2026 7:33:32 AM PST"
"Jan 20, 2026 4:18:22 AM PST","25495925401","Order","114-3675256-6957043","Ether-01","Gear Doctors® Ether 17.5oz Ultralight Camping Sleeping Pad - Backpacking Air Mattress - Camping Mattress Pad - Compact Inflatable Sleeping Mat for Ba","1","amazon.com","Standard Orders","Amazon","Kennesaw","GA","30144","MarketplaceFacilitator","33.99","2.04","0","0","0","0","0","0","0","0","-2.04","-5.10","-5.42","0","0","23.47","Released","Jan 28, 2026 6:32:49 AM PST"
"Jan 20, 2026 5:23:10 AM PST","25495925401","Order","113-6477279-9595437","Ether-01","Gear Doctors® Ether 17.5oz Ultralight Camping Sleeping Pad - Backpacking Air Mattress - Camping Mattress Pad - Compact Inflatable Sleeping Mat for Ba","1","amazon.com","Standard Orders","Amazon","Novato","CA","94945","MarketplaceFacilitator","33.99","3.14","0","0","0","0","0","0","0","0","-3.14","-5.10","-5.42","0","0","23.47","Released","Jan 28, 2026 2:11:58 AM PST"
"Jan 20, 2026 6:40:27 AM PST","25495925401","Order","114-8281364-6853015","Ether-01","Gear Doctors® Ether 17.5oz Ultralight Camping Sleeping Pad - Backpacking Air Mattress - Camping Mattress Pad - Compact Inflatable Sleeping Mat for Ba","1","amazon.com","Standard Orders","Amazon","LAWTON","OK","73501","MarketplaceFacilitator","33.99","3.06","0","0","0","0","0","0","0","0","-3.06","-5.10","-5.42","0","0","23.47","Released","Jan 29, 2026 5:17:01 AM PST"
"Jan 20, 2026 7:02:46 AM PST","25495925401","Order","113-4560620-9891419","Ether-01","Gear Doctors® Ether 17.5oz Ultralight Camping Sleeping Pad - Backpacking Air Mattress - Camping Mattress Pad - Compact Inflatable Sleeping Mat for Ba","1","amazon.com","Standard Orders","Amazon","LAS VEGAS","NV","89119","MarketplaceFacilitator","33.99","2.85","1.50","0","0","0","0","0","-1.50","0","-2.85","-5.10","-5.42","0","0","23.47","Released","Jan 27, 2026 3:45:05 PM PST"
"Jan 20, 2026 7:14:17 AM PST","25495925401","Order","114-8266911-3771407","Ether-01","Gear Doctors® Ether 17.5oz Ultralight Camping Sleeping Pad - Backpacking Air Mattress - Camping Mattress Pad - Compact Inflatable Sleeping Mat for Ba","1","amazon.com","Standard Orders","Amazon","FAIRVIEW","TN","37062","MarketplaceFacilitator","33.99","3.31","0","0","0","0","0","0","0","0","-3.31","-5.10","-5.42","0","0","23.47","Released","Jan 28, 2026 5:06:08 PM PST"
"Jan 20, 2026 8:17:31 AM PST","25495925401","Order","111-6952873-3487448","GDCampingPillowBlue","Gear Doctors 3.5oz Compact Ultralight Inflatable Camping Pillow -Inflatable Camp Pillow -Backpacking Pillows Ultralight-Camping Pillows for Sleeping,","1","amazon.com","Standard Orders","Amazon","FRESNO","CA","93722","MarketplaceFacilitator","14.99","1.19","1.14","0","0","0","0","0","-1.89","0","-1.19","-2.14","-3.95","0","0","8.15","Released","Jan 31, 2026 2:01:31 AM PST"
"Jan 20, 2026 8:29:13 AM PST","25495925401","Order","114-8979349-5750649","Ether-01","Gear Doctors® Ether 17.5oz Ultralight Camping Sleeping Pad - Backpacking Air Mattress - Camping Mattress Pad - Compact Inflatable Sleeping Mat for Ba","1","amazon.com","Standard Orders","Amazon","EULESS","TX","76039","MarketplaceFacilitator","33.99","2.80","2.99","0","0","0","0","0","-2.99","0","-2.80","-5.10","-5.42","0","0","23.47","Released","Jan 27, 2026 10:50:25 PM PST"
"Jan 20, 2026 8:51:58 AM PST","25495925401","Order","113-6477279-9595437","GDCampingPillowBlue","Gear Doctors 3.5oz Compact Ultralight Inflatable Camping Pillow -Inflatable Camp Pillow -Backpacking Pillows Ultralight-Camping Pillows for Sleeping,","1","amazon.com","Standard Orders","Amazon","Novato","CA","94945","MarketplaceFacilitator","14.99","1.39","0","0","0","0","0","0","0","0","-1.39","-2.25","-3.95","0","0","8.79","Released","Jan 31, 2026 11:35:21 PM PST"
"Jan 20, 2026 8:53:38 AM PST","25495925401","Order","114-0805445-3819441","Ether-01","Gear Doctors® Ether 17.5oz Ultralight Camping Sleeping Pad - Backpacking Air Mattress - Camping Mattress Pad - Compact Inflatable Sleeping Mat for Ba","1","amazon.com","Standard Orders","Amazon","WARREN","TX","77664","MarketplaceFacilitator","33.99","2.80","0","0","0","0","0","0","0","0","-2.80","-5.10","-5.42","0","0","23.47","Released","Jan 28, 2026 9:14:05 PM PST"
"Jan 20, 2026 8:58:28 AM PST","25495925401","Order","112-1487557-1589053","Ether-01","Gear Doctors® Ether 17.5oz Ultralight Camping Sleeping Pad - Backpacking Air Mattress - Camping Mattress Pad - Compact Inflatable Sleeping Mat for Ba","1","amazon.com","Standard Orders","Amazon","OLD GREENWICH","CT","06870","MarketplaceFacilitator","33.99","2.16","0","0","0","0","0","0","0","0","-2.16","-5.10","-5.42","0","0","23.47","Released","Jan 29, 2026 6:00:18 AM PST"
"Jan 20, 2026 9:04:20 AM PST","25392467641","Order","S01-5257407-8602016","GDApolloAir01","Gear Doctors ApolloAir 5.2 R-Value [17oz] Ultralight Insulated Inflatable Camping Sleeping Pad — Backpacking Sleeping Pad — Camping Mattress Compact Lightweight for Hiking—Air Mattress for Backpacking","1","sim1.stores.amazon.com","Standard Orders","Amazon","Orlando","FL","32824","","0","0","0","0","0","0","0","0","0","0","0","0","-10.64","0","0","-10.64","Released","Jan 20, 2026 9:04:20 AM PST"
"Jan 20, 2026 9:12:23 AM PST","25495925401","Order","112-0011839-0920264","Ether-01","Gear Doctors® Ether 17.5oz Ultralight Camping Sleeping Pad - Backpacking Air Mattress - Camping Mattress Pad - Compact Inflatable Sleeping Mat for Ba","1","amazon.com","Standard Orders","Amazon","LAVONIA","GA","30553","MarketplaceFacilitator","33.99","2.38","0","0","0","0","0","0","0","0","-2.38","-5.10","-5.42","0","0","23.47","Released","Jan 30, 2026 3:46:37 AM PST"
"Jan 20, 2026 9:16:56 AM PST","25495925401","Order","111-9143951-2550629","GDCampingPillowOrange","Gear Doctors 3.5oz Compact Ultralight Inflatable Camping Pillow-Inflatable Camp Pillow-Backpacking Pillows Ultralight-Camping Pillows for Sleeping, Hi","1","amazon.com","Standard Orders","Amazon","SAN ANTONIO","TX","78249","MarketplaceFacilitator","14.99","1.24","0","0","0","0","0","0","0","0","-1.24","-2.25","-3.95","0","0","8.79","Released","Jan 30, 2026 10:32:19 PM PST"
"Jan 20, 2026 9:53:28 AM PST","25495925401","Order","112-7388887-0256257","Ether-01","Gear Doctors® Ether 17.5oz Ultralight Camping Sleeping Pad - Backpacking Air Mattress - Camping Mattress Pad - Compact Inflatable Sleeping Mat for Ba","1","amazon.com","Standard Orders","Amazon","LEHI","UT","84043","MarketplaceFacilitator","33.99","2.53","2.99","0","0","0","0","0","-2.99","0","-2.53","-5.10","-5.42","0","0","23.47","Released","Jan 28, 2026 4:31:39 AM PST"
"Jan 20, 2026 10:01:10 AM PST","25495925401","Order","114-9733012-0517843","Ether-01","Gear Doctors® Ether 17.5oz Ultralight Camping Sleeping Pad - Backpacking Air Mattress - Camping Mattress Pad - Compact Inflatable Sleeping Mat for Ba","1","amazon.com","Standard Orders","Amazon","Meridian","ID","83646","MarketplaceFacilitator","33.99","2.04","0","0","0","0","0","0","0","0","-2.04","-5.10","-5.42","0","0","23.47","Released","Jan 29, 2026 3:59:13 AM PST"
"Jan 20, 2026 10:37:48 AM PST","25495925401","Order","114-1979557-3828236","GDCampingPillowBlue","Gear Doctors 3.5oz Compact Ultralight Inflatable Camping Pillow -Inflatable Camp Pillow -Backpacking Pillows Ultralight-Camping Pillows for Sleeping,","1","amazon.com","Standard Orders","Amazon","New Rochelle","NY","10804","MarketplaceFacilitator","14.99","1.26","0","0","0","0","0","0","0","0","-1.26","-2.25","-3.95","0","0","8.79","Released","Jan 29, 2026 2:52:56 AM PST"
"Jan 20, 2026 10:46:16 AM PST","25495925401","Order","113-4667790-3042628","Ether-01","Gear Doctors® Ether 17.5oz Ultralight Camping Sleeping Pad - Backpacking Air Mattress - Camping Mattress Pad - Compact Inflatable Sleeping Mat for Ba","1","amazon.com","Standard Orders","Amazon","MARSHALL","VA","20115","MarketplaceFacilitator","33.99","1.80","0","0","0","0","0","0","0","0","-1.80","-5.10","-5.42","0","0","23.47","Released","Jan 28, 2026 11:08:13 PM PST"
"Jan 20, 2026 11:10:38 AM PST","25495925401","Order","113-5415960-0397006","GDClassic01","Gear Doctors Oxylus 4.3R-Value Insulated Foam Self Inflating Sleeping Pad Camping-Sleeping Pad Backpacking Air Mattress-Camping Mattress Self Inflatin","1","amazon.com","Standard Orders","Amazon","DECORAH","IA","52101","MarketplaceFacilitator","37.49","2.62","0","0","0","0","0","0","0","0","-2.62","-5.62","-7.61","0","0","24.26","Released","Jan 31, 2026 4:16:26 AM PST"
"Jan 20, 2026 11:11:36 AM PST","25495925401","Order","113-0102635-3170648","Ether-01","Gear Doctors® Ether 17.5oz Ultralight Camping Sleeping Pad - Backpacking Air Mattress - Camping Mattress Pad - Compact Inflatable Sleeping Mat for Ba","1","amazon.com","Standard Orders","Amazon","JACKSONVILLE","FL","32205","MarketplaceFacilitator","33.99","2.55","1.50","0","0","0","0","0","-1.50","0","-2.55","-5.10","-5.42","0","0","23.47","Released","Jan 27, 2026 5:24:10 PM PST"
"Jan 20, 2026 11:12:27 AM PST","25495925401","Order","112-1392466-2837017","GDApolloAir01","Gear Doctors ApolloAir 5.2 R-Value [17oz] Ultralight Insulated Inflatable Camping Sleeping Pad - Backpacking Sleeping Pad - Camping Mattress Compact L","1","amazon.com","Standard Orders","Amazon","TUCSON","AZ","85750","MarketplaceFacilitator","84.99","5.18","2.99","0","0","0","0","0","-2.99","0","-5.18","-12.75","-5.68","0","0","66.56","Released","Jan 28, 2026 2:04:04 AM PST"
"Jan 20, 2026 11:18:56 AM PST","25495925401","Order","114-5718644-4209847","GDApolloAir-02","Gear Doctors ApolloAir 5.2 R-Value [25oz] Ultralight Insulated Inflatable Camping Sleeping Pad - Backpacking Sleeping Pad - Camping Mattress Compact L","1","amazon.com","Standard Orders","Amazon","SAN LORENZO","PR","00754","MarketplaceFacilitator","89.99","10.35","0","0","0","0","0","0","0","0","-10.35","-13.50","-6.08","0","0","70.41","Released","Jan 30, 2026 12:46:57 AM PST"
"Jan 20, 2026 11:41:06 AM PST","25495925401","Order","113-6751383-4889061","Ether-01","Gear Doctors® Ether 17.5oz Ultralight Camping Sleeping Pad - Backpacking Air Mattress - Camping Mattress Pad - Compact Inflatable Sleeping Mat for Ba","1","amazon.com","Standard Orders","Amazon","MEDIA","PA","19063","MarketplaceFacilitator","33.99","2.04","2.99","0","0","0","0","0","-2.99","0","-2.04","-5.10","-5.42","0","0","23.47","Released","Jan 27, 2026 11:02:14 PM PST"
"Jan 20, 2026 11:41:58 AM PST","25495925401","Order","114-7453278-2192235","Ether-01","Gear Doctors® Ether 17.5oz Ultralight Camping Sleeping Pad - Backpacking Air Mattress - Camping Mattress Pad - Compact Inflatable Sleeping Mat for Ba","1","amazon.com","Standard Orders","Amazon","SPOKANE","WA","99212","MarketplaceFacilitator","33.99","3.03","2.99","0","0","0","0","0","-2.99","0","-3.03","-5.10","-5.42","0","0","23.47","Released","Jan 27, 2026 11:30:15 PM PST"
"Jan 20, 2026 12:17:01 PM PST","25495925401","Order","112-0187995-4677044","Ether-01","Gear Doctors® Ether 17.5oz Ultralight Camping Sleeping Pad - Backpacking Air Mattress - Camping Mattress Pad - Compact Inflatable Sleeping Mat for Ba","1","amazon.com","Standard Orders","Amazon","HELENA","MT","59601","","33.99","0","0","0","0","0","0","0","0","0","0","-5.10","-5.42","0","0","23.47","Released","Jan 30, 2026 5:49:29 AM PST"
"Jan 20, 2026 12:40:56 PM PST","25392467641","Refund","112-8674225-8580258","GDCampingPillowTeal","Gear Doctors 3.5oz Compact Ultralight Inflatable Camping Pillow - Inflatable Camp Pillow - Backpacking Pillows Ultralight- Camping Pillows for Sleepin","1","amazon.com","Standard Orders","Amazon","ANAHEIM","CA","92804","MarketplaceFacilitator","-14.99","-1.16","0","0","0","0","0","0","0","0","1.16","1.80","0","0","0","-13.19","Released","Jan 20, 2026 12:40:56 PM PST"
"Jan 20, 2026 1:21:50 PM PST","25495925401","Order","112-4196124-7942654","GDClassic01","Gear Doctors Oxylus 4.3R-Value Insulated Foam Self Inflating Sleeping Pad Camping-Sleeping Pad Backpacking Air Mattress-Camping Mattress Self Inflatin","1","amazon.com","Standard Orders","Amazon","FENTON","MI","48430","MarketplaceFacilitator","37.49","2.25","0.99","0","0","0","0","0","-0.99","0","-2.25","-5.62","-7.61","0","0","24.26","Released","Jan 28, 2026 3:30:18 AM PST"
"Jan 20, 2026 2:24:43 PM PST","25495925401","Order","113-9352470-3000214","GDApolloAir01","Gear Doctors ApolloAir 5.2 R-Value [17oz] Ultralight Insulated Inflatable Camping Sleeping Pad - Backpacking Sleeping Pad - Camping Mattress Compact L","1","amazon.com","Standard Orders","Amazon","Tyrone","Pennsylvania","16686","MarketplaceFacilitator","84.99","4.84","0","0","0","0","0","0","-4.25","0","-4.84","-12.11","-5.68","0","0","62.95","Released","Jan 28, 2026 11:53:26 PM PST"
"Jan 20, 2026 2:24:50 PM PST","25495925401","Order","113-8345007-3486653","GDApolloAir-02","Gear Doctors ApolloAir 5.2 R-Value [25oz] Ultralight Insulated Inflatable Camping Sleeping Pad - Backpacking Sleeping Pad - Camping Mattress Compact L","1","amazon.com","Standard Orders","Amazon","Tyrone","Pennsylvania","16686","MarketplaceFacilitator","89.99","5.40","0","0","0","0","0","0","0","0","-5.40","-13.50","-6.08","0","0","70.41","Released","Jan 29, 2026 1:32:35 AM PST"
"Jan 20, 2026 2:28:08 PM PST","25495925401","Order","111-4608248-7204267","GDClassic01","Gear Doctors Oxylus 4.3R-Value Insulated Foam Self Inflating Sleeping Pad Camping-Sleeping Pad Backpacking Air Mattress-Camping Mattress Self Inflatin","1","amazon.com","Standard Orders","Amazon","NORTH BERGEN","NJ","07047","MarketplaceFacilitator","37.49","0","0","0","0","0","0","0","0","0","0","-5.62","-7.61","0","0","24.26","Released","Jan 28, 2026 7:08:45 AM PST"
"Jan 20, 2026 2:32:22 PM PST","25495925401","Order","111-0262172-7417026","GDApolloAir01","Gear Doctors ApolloAir 5.2 R-Value [17oz] Ultralight Insulated Inflatable Camping Sleeping Pad - Backpacking Sleeping Pad - Camping Mattress Compact L","1","amazon.com","Standard Orders","Amazon","ROCKFORD","MI","49341","MarketplaceFacilitator","84.99","5.10","0","0","0","0","0","0","0","0","-5.10","-12.75","-5.68","0","0","66.56","Released","Jan 29, 2026 2:42:07 AM PST"
"Jan 20, 2026 2:53:28 PM PST","25495925401","Order","113-7656002-8069061","GDClassic01","Gear Doctors Oxylus 4.3R-Value Insulated Foam Self Inflating Sleeping Pad Camping-Sleeping Pad Backpacking Air Mattress-Camping Mattress Self Inflatin","1","amazon.com","Standard Orders","Amazon","NORTHVILLE","MI","48168","MarketplaceFacilitator","37.49","2.25","2.99","0","0","0","0","0","-2.99","0","-2.25","-5.62","-7.61","0","0","24.26","Released","Jan 28, 2026 6:00:59 PM PST"
"Jan 20, 2026 2:57:42 PM PST","25392467641","Refund","112-9396659-6667450","GDClassic01","Gear Doctors Self Inflating Camping Sleeping Pad for Camping 4.3 R Insulated Camping mats-1.5 in Must Haves Inflatable Foam air Sleep mat Self Inflati","1","amazon.com","Standard Orders","Amazon","EDGEWOOD","TX","75117","MarketplaceFacilitator","-29.99","-1.69","0","0","0","0","0","0","3.00","0","1.69","3.24","0","0","0","-23.75","Released","Jan 20, 2026 2:57:42 PM PST"
"Jan 20, 2026 3:16:17 PM PST","25495925401","Order","113-8573715-5894629","Ether-01","Gear Doctors® Ether 17.5oz Ultralight Camping Sleeping Pad - Backpacking Air Mattress - Camping Mattress Pad - Compact Inflatable Sleeping Mat for Ba","1","amazon.com","Standard Orders","Amazon","STEPHENS CITY","VA","22655","MarketplaceFacilitator","33.99","1.80","0","0","0","0","0","0","0","0","-1.80","-5.10","-5.42","0","0","23.47","Released","Jan 29, 2026 8:12:07 AM PST"
"Jan 20, 2026 3:16:54 PM PST","25495925401","Order","113-3367226-2915416","Ether-01","Gear Doctors® Ether 17.5oz Ultralight Camping Sleeping Pad - Backpacking Air Mattress - Camping Mattress Pad - Compact Inflatable Sleeping Mat for Ba","1","amazon.com","Standard Orders","Amazon","STEPHENS CITY","VA","22655","MarketplaceFacilitator","33.99","1.80","0","0","0","0","0","0","0","0","-1.80","-5.10","-5.42","0","0","23.47","Released","Jan 29, 2026 12:18:14 AM PST"
"Jan 20, 2026 3:21:11 PM PST","25495925401","Refund","111-0412081-2773843","Ether-01","Gear Doctors® Ether 17.5oz Ultralight Camping Sleeping Pad - Backpacking Air Mattress - Camping Mattress Pad - Compact Inflatable Sleeping Mat for Ba","1","amazon.com","Standard Orders","Amazon","FAYETTEVILLE","NC","28306","MarketplaceFacilitator","-33.99","-2.38","0","0","0","0","0","0","0","0","2.38","4.08","0","0","0","-29.91","Released","Jan 26, 2026 11:04:42 PM PST"
"Jan 20, 2026 3:49:18 PM PST","25495925401","Order","112-9699990-0909800","Ether-01","Gear Doctors® Ether 17.5oz Ultralight Camping Sleeping Pad - Backpacking Air Mattress - Camping Mattress Pad - Compact Inflatable Sleeping Mat for Ba","1","amazon.com","Standard Orders","Amazon","Honokaa","HI","96727","MarketplaceFacilitator","33.99","1.60","0","0","0","0","0","0","0","0","-1.60","-5.10","-5.42","0","0","23.47","Released","Jan 31, 2026 2:54:26 PM PST"
"Jan 20, 2026 4:06:57 PM PST","25495925401","Order","111-7021470-2009069","Ether-01","Gear Doctors® Ether 17.5oz Ultralight Camping Sleeping Pad - Backpacking Air Mattress - Camping Mattress Pad - Compact Inflatable Sleeping Mat for Ba","2","amazon.com","Standard Orders","Amazon","MOUNTAIN VIEW","CA","94040","MarketplaceFacilitator","67.98","6.20","0","0","0","0","0","0","0","0","-6.20","-10.20","-10.84","0","0","46.94","Released","Jan 29, 2026 7:08:23 AM PST"
"Jan 20, 2026 4:18:29 PM PST","25392467641","Refund","114-9842057-3721063","Ether-01","Gear Doctors® Ether 17.5oz Ultralight Camping Sleeping Pad - Backpacking Air Mattress - Camping Mattress Pad - Compact Inflatable Sleeping Mat for Ba","1","amazon.com","Standard Orders","Amazon","PORT SAINT LUCIE","FL","34983","MarketplaceFacilitator","-25.49","-1.61","0","0","0","0","0","0","2.55","0","1.61","2.75","0","0","0","-20.19","Released","Jan 20, 2026 4:18:29 PM PST"
"Jan 20, 2026 4:21:26 PM PST","25495925401","Refund","112-2285758-1869819","Ether-01","Gear Doctors® Ether 17.5oz Ultralight Camping Sleeping Pad - Backpacking Air Mattress - Camping Mattress Pad - Compact Inflatable Sleeping Mat for Ba","1","amazon.com","Standard Orders","Amazon","FALLBROOK","CA","92028","MarketplaceFacilitator","-33.99","-2.63","0","0","0","0","0","0","0","0","2.63","4.08","0","0","0","-29.91","Released","Jan 24, 2026 1:28:10 AM PST"
"Jan 20, 2026 4:47:03 PM PST","25495925401","Order","112-2846289-2806607","GDClassic01","Gear Doctors Oxylus 4.3R-Value Insulated Foam Self Inflating Sleeping Pad Camping-Sleeping Pad Backpacking Air Mattress-Camping Mattress Self Inflatin","1","amazon.com","Standard Orders","Amazon","BOAZ","AL","35956","MarketplaceFacilitator","37.49","3.00","0","0","0","0","0","0","0","0","-3.00","-5.62","-7.61","0","0","24.26","Released","Jan 30, 2026 9:08:05 AM PST"
"Jan 20, 2026 5:23:00 PM PST","25495925401","Order","112-6695146-5178616","GDClassic01","Gear Doctors Oxylus 4.3R-Value Insulated Foam Self Inflating Sleeping Pad Camping-Sleeping Pad Backpacking Air Mattress-Camping Mattress Self Inflatin","1","amazon.com","Standard Orders","Amazon","Brooklyn","NY","11224","MarketplaceFacilitator","37.49","3.33","0","0","0","0","0","0","0","0","-3.33","-5.62","-7.61","0","0","24.26","Released","Jan 29, 2026 6:41:04 AM PST"
"Jan 20, 2026 5:38:36 PM PST","25495925401","Order","113-8242115-0039402","Ether-01","Gear Doctors® Ether 17.5oz Ultralight Camping Sleeping Pad - Backpacking Air Mattress - Camping Mattress Pad - Compact Inflatable Sleeping Mat for Ba","1","amazon.com","Standard Orders","Amazon","OLYMPIA","WA","98506","MarketplaceFacilitator","33.99","3.33","0.26","0","0","0","0","0","-0.26","0","-6.66","-10.20","-5.42","0","0","15.04","Released","Jan 31, 2026 2:59:23 PM PST"
"Jan 20, 2026 5:38:36 PM PST","25495925401","Order","113-8242115-0039402","Ether-01","Gear Doctors® Ether 17.5oz Ultralight Camping Sleeping Pad - Backpacking Air Mattress - Camping Mattress Pad - Compact Inflatable Sleeping Mat for Ba","1","amazon.com","Standard Orders","Amazon","OLYMPIA","WA","98506","","33.99","3.33","0.27","0","0","0","0","0","-0.27","0","0","0","-5.42","0","0","31.90","Released","Jan 31, 2026 2:59:23 PM PST"
"Jan 20, 2026 6:09:25 PM PST","25495925401","Order","111-2568856-9869058","Ether-01","Gear Doctors® Ether 17.5oz Ultralight Camping Sleeping Pad - Backpacking Air Mattress - Camping Mattress Pad - Compact Inflatable Sleeping Mat for Ba","1","amazon.com","Standard Orders","Amazon","ERIE","PA","16506","MarketplaceFacilitator","33.99","2.04","0","0","0","0","0","0","0","0","-2.04","-5.10","-5.42","0","0","23.47","Released","Jan 30, 2026 12:33:40 AM PST"
"Jan 20, 2026 6:19:04 PM PST","25495925401","Order","114-2474259-5402667","GDCampingPillowOrange","Gear Doctors 3.5oz Compact Ultralight Inflatable Camping Pillow-Inflatable Camp Pillow-Backpacking Pillows Ultralight-Camping Pillows for Sleeping, Hi","1","amazon.com","Standard Orders","Amazon","MANDEVILLE","LA","70471","MarketplaceFacilitator","14.99","1.39","0","0","0","0","0","0","0","0","-1.39","-2.25","-3.95","0","0","8.79","Released","Jan 29, 2026 10:45:14 PM PST"
"Jan 20, 2026 6:28:57 PM PST","25495925401","Order","111-8761367-9325049","Ether-01","Gear Doctors® Ether 17.5oz Ultralight Camping Sleeping Pad - Backpacking Air Mattress - Camping Mattress Pad - Compact Inflatable Sleeping Mat for Ba","1","amazon.com","Standard Orders","Amazon","RIVIERA BEACH","FL","33418","MarketplaceFacilitator","33.99","2.21","0","0","0","0","0","0","0","0","-2.21","-5.10","-5.42","0","0","23.47","Released","Jan 30, 2026 6:50:11 PM PST"
"Jan 20, 2026 6:39:52 PM PST","25495925401","Order","112-2666721-3313829","GDClassic01","Gear Doctors Oxylus 4.3R-Value Insulated Foam Self Inflating Sleeping Pad Camping-Sleeping Pad Backpacking Air Mattress-Camping Mattress Self Inflatin","2","amazon.com","Standard Orders","Amazon","HAMPTON","VA","23664","MarketplaceFacilitator","74.98","4.50","0","0","0","0","0","0","0","0","-4.50","-11.24","-15.22","0","0","48.52","Released","Jan 28, 2026 10:43:29 PM PST"
"Jan 20, 2026 6:59:50 PM PST","25495925401","Order","114-1548082-5538623","Ether-01","Gear Doctors® Ether 17.5oz Ultralight Camping Sleeping Pad - Backpacking Air Mattress - Camping Mattress Pad - Compact Inflatable Sleeping Mat for Ba","1","amazon.com","Standard Orders","Amazon","Scottsdale","Arizona","85259","MarketplaceFacilitator","33.99","2.72","1.50","0","0","0","0","0","-1.50","0","-2.72","-5.10","-5.42","0","0","23.47","Released","Jan 28, 2026 6:07:27 AM PST"
"Jan 20, 2026 7:10:53 PM PST","25495925401","Order","114-5781667-6338665","Ether-01","Gear Doctors® Ether 17.5oz Ultralight Camping Sleeping Pad - Backpacking Air Mattress - Camping Mattress Pad - Compact Inflatable Sleeping Mat for Ba","1","amazon.com","Standard Orders","Amazon","BILOXI","MS","39532","MarketplaceFacilitator","33.99","2.38","0","0","0","0","0","0","0","0","-2.38","-5.10","-5.42","0","0","23.47","Released","Jan 31, 2026 6:52:49 AM PST"
"Jan 20, 2026 7:15:49 PM PST","25495925401","Order","114-6160946-8151466","Ether-01","Gear Doctors® Ether 17.5oz Ultralight Camping Sleeping Pad - Backpacking Air Mattress - Camping Mattress Pad - Compact Inflatable Sleeping Mat for Ba","1","amazon.com","Standard Orders","Amazon","KINGSTON","MA","02364","MarketplaceFacilitator","33.99","2.12","0","0","0","0","0","0","0","0","-2.12","-5.10","-5.42","0","0","23.47","Released","Jan 29, 2026 4:19:57 AM PST"
"Jan 20, 2026 7:17:17 PM PST","25495925401","Order","114-2146678-0539445","GDApolloAir-02","Gear Doctors ApolloAir 5.2 R-Value [25oz] Ultralight Insulated Inflatable Camping Sleeping Pad - Backpacking Sleeping Pad - Camping Mattress Compact L","2","amazon.com","Standard Orders","Amazon","SAN ANTONIO","TX","78229","MarketplaceFacilitator","179.98","14.84","0","0","0","0","0","0","0","0","-14.84","-27.00","-12.16","0","0","140.82","Released","Jan 29, 2026 12:23:13 PM PST"
"Jan 20, 2026 7:18:50 PM PST","25495925401","Order","114-2353759-6438601","Ether-01","Gear Doctors® Ether 17.5oz Ultralight Camping Sleeping Pad - Backpacking Air Mattress - Camping Mattress Pad - Compact Inflatable Sleeping Mat for Ba","1","amazon.com","Standard Orders","Amazon","ALEXANDRIA","VA","22303","MarketplaceFacilitator","33.99","2.04","1.50","0","0","0","0","0","-1.50","0","-2.04","-5.10","-5.42","0","0","23.47","Released","Jan 28, 2026 3:01:28 AM PST"
"Jan 20, 2026 7:25:25 PM PST","25392467641","Refund","114-2125271-0449059","GDApolloAir01","Gear Doctors ApolloAir 5.2 R-Value [17oz] Ultralight Insulated Inflatable Camping Sleeping Pad - Backpacking Sleeping Pad - Camping Mattress Compact L","1","amazon.com","Standard Orders","Amazon","PALM COAST","FL","32164","MarketplaceFacilitator","-67.99","-4.28","0","0","0","0","0","0","6.80","0","4.28","7.34","0","0","-4.28","-58.13","Released","Jan 20, 2026 7:25:25 PM PST"
"Jan 20, 2026 7:46:59 PM PST","25495925401","Order","113-7996856-1777836","Ether-01","Gear Doctors® Ether 17.5oz Ultralight Camping Sleeping Pad - Backpacking Air Mattress - Camping Mattress Pad - Compact Inflatable Sleeping Mat for Ba","1","amazon.com","Standard Orders","Amazon","WOONSOCKET","RI","02895","MarketplaceFacilitator","33.99","2.38","0","0","0","0","0","0","0","0","-2.38","-5.10","-5.42","0","0","23.47","Released","Jan 29, 2026 6:11:44 PM PST"
"Jan 20, 2026 8:59:01 PM PST","25495925401","Order","113-9790862-4609022","Ether-01","Gear Doctors® Ether 17.5oz Ultralight Camping Sleeping Pad - Backpacking Air Mattress - Camping Mattress Pad - Compact Inflatable Sleeping Mat for Ba","1","amazon.com","Standard Orders","Amazon","NEWARK","DE","19713","","33.99","0","2.99","0","0","0","0","0","-2.99","0","0","-5.10","-5.42","0","0","23.47","Released","Jan 28, 2026 5:45:47 AM PST"
"Jan 20, 2026 9:24:32 PM PST","25495925401","Order","112-1602154-3501011","Ether-01","Gear Doctors® Ether 17.5oz Ultralight Camping Sleeping Pad - Backpacking Air Mattress - Camping Mattress Pad - Compact Inflatable Sleeping Mat for Ba","1","amazon.com","Standard Orders","Amazon","South Berwick","ME","03908","MarketplaceFacilitator","33.99","1.87","0","0","0","0","0","0","0","0","-1.87","-5.10","-5.42","0","0","23.47","Released","Jan 29, 2026 12:44:47 AM PST"
"Jan 20, 2026 9:56:36 PM PST","25495925401","Order","112-5106692-7298658","GDApolloAir01","Gear Doctors ApolloAir 5.2 R-Value [17oz] Ultralight Insulated Inflatable Camping Sleeping Pad - Backpacking Sleeping Pad - Camping Mattress Compact L","1","amazon.com","Standard Orders","Amazon","SANDY","UT","84093","MarketplaceFacilitator","84.99","6.02","0","0","0","0","0","0","-4.25","0","-6.02","-12.11","-5.68","0","0","62.95","Released","Jan 28, 2026 11:20:41 PM PST"
"Jan 20, 2026 10:07:06 PM PST","25392467641","Refund","111-3621472-9509835","GDClassic01","Gear Doctors Oxylus 4.3R-Value Insulated Foam Self Inflating Sleeping Pad Camping-Sleeping Pad Backpacking Air Mattress-Camping Mattress Self Inflatin","1","amazon.com","Standard Orders","Amazon","Salinas","CA","93901","MarketplaceFacilitator","-37.49","-3.47","0","0","0","0","0","0","0","0","3.47","4.50","0","0","0","-32.99","Released","Jan 20, 2026 10:07:13 PM PST"
"Jan 20, 2026 10:07:07 PM PST","25495925401","Order","111-6994489-6431415","Ether-01","Gear Doctors® Ether 17.5oz Ultralight Camping Sleeping Pad - Backpacking Air Mattress - Camping Mattress Pad - Compact Inflatable Sleeping Mat for Ba","1","amazon.com","Standard Orders","Amazon","VANCOUVER","WA","98662","MarketplaceFacilitator","33.99","2.99","1.50","0","0","0","0","0","-1.50","0","-2.99","-5.10","-5.42","0","0","23.47","Released","Jan 28, 2026 5:34:46 AM PST"
"Jan 20, 2026 10:23:18 PM PST","25495925401","Order","114-6914024-1508221","Ether-01","Gear Doctors® Ether 17.5oz Ultralight Camping Sleeping Pad - Backpacking Air Mattress - Camping Mattress Pad - Compact Inflatable Sleeping Mat for Ba","1","amazon.com","Standard Orders","Amazon","Jacksonville","FL","32233","MarketplaceFacilitator","33.99","2.55","0","0","0","0","0","0","0","0","-2.55","-5.10","-5.42","0","0","23.47","Released","Jan 29, 2026 3:46:41 PM PST"
"Jan 20, 2026 10:27:19 PM PST","25495925401","Order","112-2092702-8471443","Ether-01","Gear Doctors® Ether 17.5oz Ultralight Camping Sleeping Pad - Backpacking Air Mattress - Camping Mattress Pad - Compact Inflatable Sleeping Mat for Ba","1","amazon.com","Standard Orders","Amazon","EVANSVILLE","IN","47712","MarketplaceFacilitator","33.99","0","0","0","0","0","0","0","0","0","0","-20.40","-5.42","0","0","8.17","Released","Jan 30, 2026 12:27:01 AM PST"
"Jan 20, 2026 10:27:19 PM PST","25495925401","Order","112-2092702-8471443","Ether-01","Gear Doctors® Ether 17.5oz Ultralight Camping Sleeping Pad - Backpacking Air Mattress - Camping Mattress Pad - Compact Inflatable Sleeping Mat for Ba","2","amazon.com","Standard Orders","Amazon","EVANSVILLE","IN","47712","","67.98","0","0","0","0","0","0","0","0","0","0","0","-10.84","0","0","57.14","Released","Jan 30, 2026 12:27:01 AM PST"
"Jan 20, 2026 10:27:19 PM PST","25495925401","Order","112-2092702-8471443","Ether-01","Gear Doctors® Ether 17.5oz Ultralight Camping Sleeping Pad - Backpacking Air Mattress - Camping Mattress Pad - Compact Inflatable Sleeping Mat for Ba","1","amazon.com","Standard Orders","Amazon","EVANSVILLE","IN","47712","","33.99","0","0","0","0","0","0","0","0","0","0","0","-5.42","0","0","28.57","Released","Jan 30, 2026 12:27:01 AM PST"
"Jan 20, 2026 10:31:55 PM PST","25495925401","Order","112-0808913-7913018","Ether-01","Gear Doctors® Ether 17.5oz Ultralight Camping Sleeping Pad - Backpacking Air Mattress - Camping Mattress Pad - Compact Inflatable Sleeping Mat for Ba","1","amazon.com","Standard Orders","Amazon","MIAMI","FL","33122","","33.99","0","0","0","0","0","0","0","0","0","0","-5.10","-5.42","0","0","23.47","Released","Jan 29, 2026 2:11:12 AM PST"
"Jan 20, 2026 10:58:41 PM PST","25495925401","Order","113-7504248-4227421","GDClassic01","Gear Doctors Oxylus 4.3R-Value Insulated Foam Self Inflating Sleeping Pad Camping-Sleeping Pad Backpacking Air Mattress-Camping Mattress Self Inflatin","1","amazon.com","Standard Orders","Amazon","SARATOGA SPRINGS","UT","84045","MarketplaceFacilitator","37.49","2.51","2.99","0","0","0","0","0","-6.74","0","-2.51","-5.06","-7.61","0","0","21.07","Released","Jan 28, 2026 5:00:04 AM PST"
"Jan 20, 2026 10:59:33 PM PST","25495925401","Order","113-2155901-2025036","Ether-01","Gear Doctors® Ether 17.5oz Ultralight Camping Sleeping Pad - Backpacking Air Mattress - Camping Mattress Pad - Compact Inflatable Sleeping Mat for Ba","1","amazon.com","Standard Orders","Amazon","SAN DIEGO","CA","92115","MarketplaceFacilitator","33.99","2.63","0.99","0","0","0","0","0","-0.99","0","-2.63","-5.10","-5.42","0","0","23.47","Released","Jan 28, 2026 6:02:48 AM PST"
"Jan 20, 2026 11:12:54 PM PST","25495925401","Order","114-4045258-5852238","GDClassic01","Gear Doctors Oxylus 4.3R-Value Insulated Foam Self Inflating Sleeping Pad Camping-Sleeping Pad Backpacking Air Mattress-Camping Mattress Self Inflatin","1","amazon.com","Standard Orders","Amazon","COON RAPIDS","MN","55433","MarketplaceFacilitator","37.49","3.05","1.50","0","0","0","0","0","-1.50","0","-3.05","-5.62","-7.61","0","0","24.26","Released","Jan 28, 2026 5:22:50 AM PST"
"Jan 20, 2026 11:21:18 PM PST","25495925401","Order","111-7077183-1866664","GDClassic01","Gear Doctors Oxylus 4.3R-Value Insulated Foam Self Inflating Sleeping Pad Camping-Sleeping Pad Backpacking Air Mattress-Camping Mattress Self Inflatin","1","amazon.com","Standard Orders","Amazon","SANTA BARBARA","CA","93101","MarketplaceFacilitator","37.49","3.47","0.99","0","0","0","0","0","-0.99","0","-3.47","-5.62","-7.61","0","0","24.26","Released","Jan 29, 2026 7:48:25 AM PST"
"Jan 20, 2026 11:30:36 PM PST","25495925401","Order","112-4799743-1849867","Ether-01","Gear Doctors® Ether 17.5oz Ultralight Camping Sleeping Pad - Backpacking Air Mattress - Camping Mattress Pad - Compact Inflatable Sleeping Mat for Ba","1","amazon.com","Standard Orders","Amazon","WINDER","GA","30680","MarketplaceFacilitator","33.99","2.45","0","0","0","0","0","0","-3.40","0","-2.45","-4.59","-5.42","0","0","20.58","Released","Jan 29, 2026 11:56:05 PM PST"
"Jan 20, 2026 11:39:41 PM PST","25495925401","Order","113-6288882-0331436","Ether-01","Gear Doctors® Ether 17.5oz Ultralight Camping Sleeping Pad - Backpacking Air Mattress - Camping Mattress Pad - Compact Inflatable Sleeping Mat for Ba","1","amazon.com","Standard Orders","Amazon","FAIRFAX","VA","22032","MarketplaceFacilitator","33.99","2.04","1.50","0","0","0","0","0","-1.50","0","-2.04","-5.10","-5.42","0","0","23.47","Released","Jan 28, 2026 5:22:24 AM PST"
"Jan 20, 2026 11:42:09 PM PST","25392467641","Service Fee","","","Cost of Advertising","","","Standard Orders","","","","","","0","0","0","0","0","0","0","0","0","0","0","0","0","-508.12","0","-508.12","Released","Jan 20, 2026 11:42:09 PM PST"
"Jan 21, 2026 12:21:16 AM PST","25495925401","Order","114-4045993-0202626","Ether-01","Gear Doctors® Ether 17.5oz Ultralight Camping Sleeping Pad - Backpacking Air Mattress - Camping Mattress Pad - Compact Inflatable Sleeping Mat for Ba","1","amazon.com","Standard Orders","Amazon","Coral Springs","Florida","33076","MarketplaceFacilitator","33.99","2.38","0","0","0","0","0","0","0","0","-2.38","-5.10","-5.42","0","0","23.47","Released","Jan 31, 2026 5:01:57 AM PST"
"Jan 21, 2026 1:01:42 AM PST","25495925401","Order","111-3086437-1621039","GDClassic01","Gear Doctors Oxylus 4.3R-Value Insulated Foam Self Inflating Sleeping Pad Camping-Sleeping Pad Backpacking Air Mattress-Camping Mattress Self Inflatin","1","amazon.com","Standard Orders","Amazon","TUCSON","AZ","85711","MarketplaceFacilitator","37.49","3.26","0","0","0","0","0","0","0","0","-3.26","-5.62","-7.61","0","0","24.26","Released","Jan 29, 2026 3:54:55 AM PST"
"Jan 21, 2026 1:03:27 AM PST","25495925401","Order","113-7480493-0505062","Ether-01","Gear Doctors® Ether 17.5oz Ultralight Camping Sleeping Pad - Backpacking Air Mattress - Camping Mattress Pad - Compact Inflatable Sleeping Mat for Ba","1","amazon.com","Standard Orders","Amazon","GAINESVILLE","FL","32653","MarketplaceFacilitator","33.99","2.55","0","0","0","0","0","0","0","0","-2.55","-5.10","-5.42","0","0","23.47","Released","Jan 29, 2026 1:19:56 AM PST"
"Jan 21, 2026 1:04:02 AM PST","25495925401","Order","114-0713938-4749023","GDClassic01","Gear Doctors Oxylus 4.3R-Value Insulated Foam Self Inflating Sleeping Pad Camping-Sleeping Pad Backpacking Air Mattress-Camping Mattress Self Inflatin","1","amazon.com","Standard Orders","Amazon","WENATCHEE","WA","98801","MarketplaceFacilitator","37.49","3.15","0","0","0","0","0","0","0","0","-3.15","-5.62","-7.61","0","0","24.26","Released","Jan 30, 2026 3:51:50 AM PST"
"Jan 21, 2026 1:34:27 AM PST","25495925401","Order","111-7086089-3205061","GDClassic01","Gear Doctors Oxylus 4.3R-Value Insulated Foam Self Inflating Sleeping Pad Camping-Sleeping Pad Backpacking Air Mattress-Camping Mattress Self Inflatin","1","amazon.com","Standard Orders","Amazon","LENOIR CITY","TN","37772","MarketplaceFacilitator","37.49","3.37","0.75","0","0","0","0","0","-0.75","0","-3.37","-5.62","-7.61","0","0","24.26","Released","Jan 28, 2026 6:37:04 AM PST"
"Jan 21, 2026 1:44:41 AM PST","25495925401","Order","112-9329960-3688228","Ether-01","Gear Doctors® Ether 17.5oz Ultralight Camping Sleeping Pad - Backpacking Air Mattress - Camping Mattress Pad - Compact Inflatable Sleeping Mat for Ba","1","amazon.com","Standard Orders","Amazon","TALALA","OK","74080","MarketplaceFacilitator","33.99","2.04","0","0","0","0","0","0","0","0","-2.04","-5.10","-5.42","0","0","23.47","Released","Jan 28, 2026 10:25:42 PM PST"
"Jan 21, 2026 1:52:36 AM PST","25495925401","Order","111-5760925-5736250","Ether-01","Gear Doctors® Ether 17.5oz Ultralight Camping Sleeping Pad - Backpacking Air Mattress - Camping Mattress Pad - Compact Inflatable Sleeping Mat for Ba","1","amazon.com","Standard Orders","Amazon","STOCKTON","CA","95209","MarketplaceFacilitator","33.99","3.06","0","0","0","0","0","0","0","0","-3.06","-5.10","-5.42","0","0","23.47","Released","Jan 28, 2026 10:48:36 PM PST"
"Jan 21, 2026 1:56:03 AM PST","25495925401","Order","112-0256224-6464201","Ether-01","Gear Doctors® Ether 17.5oz Ultralight Camping Sleeping Pad - Backpacking Air Mattress - Camping Mattress Pad - Compact Inflatable Sleeping Mat for Ba","1","amazon.com","Standard Orders","Amazon","WALNUT","CA","91789","MarketplaceFacilitator","33.99","3.31","2.99","0","0","0","0","0","-2.99","0","-3.31","-5.10","-5.42","0","0","23.47","Released","Jan 28, 2026 6:42:03 PM PST"
"Jan 21, 2026 2:12:25 AM PST","25495925401","Refund","112-3033364-8805835","GDApolloAir01","Gear Doctors ApolloAir 5.2 R-Value [17oz] Ultralight Insulated Inflatable Camping Sleeping Pad - Backpacking Sleeping Pad - Camping Mattress Compact L","1","amazon.com","Standard Orders","Amazon","Hong Kong","Hong Kong","","","-84.99","0","0","0","0","0","0","0","0","0","0","10.20","0","0","0","-74.79","Released","Feb 1, 2026 4:38:29 AM PST"
"Jan 21, 2026 2:13:20 AM PST","25495925401","Order","112-8901550-0146607","Ether-01","Gear Doctors® Ether 17.5oz Ultralight Camping Sleeping Pad - Backpacking Air Mattress - Camping Mattress Pad - Compact Inflatable Sleeping Mat for Ba","1","amazon.com","Standard Orders","Amazon","OMAHA","NE","68136","MarketplaceFacilitator","33.99","1.87","0","0","0","0","0","0","0","0","-3.74","-10.20","-5.42","0","0","16.50","Released","Jan 29, 2026 5:45:20 AM PST"
"Jan 21, 2026 2:13:20 AM PST","25495925401","Order","112-8901550-0146607","Ether-01","Gear Doctors® Ether 17.5oz Ultralight Camping Sleeping Pad - Backpacking Air Mattress - Camping Mattress Pad - Compact Inflatable Sleeping Mat for Ba","1","amazon.com","Standard Orders","Amazon","OMAHA","NE","68136","","33.99","1.87","0","0","0","0","0","0","0","0","0","0","-5.42","0","0","30.44","Released","Jan 29, 2026 5:45:20 AM PST"
"Jan 21, 2026 2:19:23 AM PST","25495925401","Order","111-4396999-7378645","Ether-01","Gear Doctors® Ether 17.5oz Ultralight Camping Sleeping Pad - Backpacking Air Mattress - Camping Mattress Pad - Compact Inflatable Sleeping Mat for Ba","1","amazon.com","Standard Orders","Amazon","PORTLAND","OR","97230","","33.99","0","0","0","0","0","0","0","0","0","0","-5.10","-5.42","0","0","23.47","Released","Jan 29, 2026 7:12:38 AM PST"
"Jan 21, 2026 2:27:19 AM PST","25495925401","Order","113-7114902-8397855","Ether-01","Gear Doctors® Ether 17.5oz Ultralight Camping Sleeping Pad - Backpacking Air Mattress - Camping Mattress Pad - Compact Inflatable Sleeping Mat for Ba","1","amazon.com","Standard Orders","Amazon","SAINT PAUL","MN","55127","MarketplaceFacilitator","33.99","2.85","2.99","0","0","0","0","0","-2.99","0","-2.85","-5.10","-5.42","0","0","23.47","Released","Jan 28, 2026 4:11:09 AM PST"
"Jan 21, 2026 3:15:06 AM PST","25495925401","Order","113-6295956-0029848","GDClassic01","Gear Doctors Oxylus 4.3R-Value Insulated Foam Self Inflating Sleeping Pad Camping-Sleeping Pad Backpacking Air Mattress-Camping Mattress Self Inflatin","1","amazon.com","Standard Orders","Amazon","Greensburg","IN","47240","MarketplaceFacilitator","37.49","2.62","0","0","0","0","0","0","0","0","-2.62","-5.62","-7.61","0","0","24.26","Released","Jan 31, 2026 12:19:54 AM PST"
"Jan 21, 2026 3:52:29 AM PST","25392467641","Refund","113-7820380-0788228","GDCampingPillowOrange","Gear Doctors 3.5oz Compact Ultralight Inflatable Camping Pillow- Inflatable Camp Pillow- Backpacking Pillows Ultralight- Camping Pillows for Sleeping,","1","amazon.com","Standard Orders","Amazon","COPPELL","TX","75019","MarketplaceFacilitator","-14.99","-1.24","0","0","0","0","0","0","0","0","1.24","1.80","0","0","0","-13.19","Released","Jan 21, 2026 3:52:29 AM PST"
"Jan 21, 2026 4:06:12 AM PST","25495925401","Order","114-5288567-7569017","GDClassic01","Gear Doctors Oxylus 4.3R-Value Insulated Foam Self Inflating Sleeping Pad Camping-Sleeping Pad Backpacking Air Mattress-Camping Mattress Self Inflatin","1","amazon.com","Standard Orders","Amazon","La Jolla","CA","92093","MarketplaceFacilitator","37.49","2.91","0","0","0","0","0","0","0","0","-2.91","-5.62","-7.61","0","0","24.26","Released","Jan 29, 2026 3:41:15 AM PST"
"Jan 21, 2026 4:36:13 AM PST","25495925401","Order","111-9057934-7940205","Ether-01","Gear Doctors® Ether 17.5oz Ultralight Camping Sleeping Pad - Backpacking Air Mattress - Camping Mattress Pad - Compact Inflatable Sleeping Mat for Ba","1","amazon.com","Standard Orders","Amazon","TACOMA","WA","98433","MarketplaceFacilitator","33.99","3.23","0","0","0","0","0","0","0","0","-3.23","-5.10","-5.42","0","0","23.47","Released","Jan 29, 2026 4:19:32 AM PST"
"Jan 21, 2026 4:37:11 AM PST","25495925401","Order","111-8567757-1433064","Ether-01","Gear Doctors® Ether 17.5oz Ultralight Camping Sleeping Pad - Backpacking Air Mattress - Camping Mattress Pad - Compact Inflatable Sleeping Mat for Ba","1","amazon.com","Standard Orders","Amazon","BETHESDA","MD","20817","MarketplaceFacilitator","33.99","2.04","2.99","0","0","0","0","0","-2.99","0","-2.04","-5.10","-5.42","0","0","23.47","Released","Jan 28, 2026 7:28:10 AM PST"
"Jan 21, 2026 7:02:16 AM PST","25495925401","Refund","111-0175791-3252244","Ether-01","Gear Doctors® Ether 17.5oz Ultralight Camping Sleeping Pad - Backpacking Air Mattress - Camping Mattress Pad - Compact Inflatable Sleeping Mat for Ba","1","amazon.com","Standard Orders","Amazon","SAN DIEGO","CA","92129","MarketplaceFacilitator","-33.99","-2.63","-2.99","0","0","0","0","0","2.99","0","2.63","4.08","0","0","0","-29.91","Released","Jan 26, 2026 2:34:53 AM PST"
"Jan 21, 2026 7:34:01 AM PST","25495925401","Order","111-4249283-7297020","GDClassic01","Gear Doctors Oxylus 4.3R-Value Insulated Foam Self Inflating Sleeping Pad Camping-Sleeping Pad Backpacking Air Mattress-Camping Mattress Self Inflatin","1","amazon.com","Standard Orders","Amazon","VANCOUVER","WA","98665","MarketplaceFacilitator","37.49","3.19","2.99","0","0","0","0","0","-2.99","0","-3.19","-5.62","-7.61","0","0","24.26","Released","Jan 29, 2026 3:33:03 AM PST"
"Jan 21, 2026 7:55:02 AM PST","25495925401","Order","114-4897173-2261067","GDCampingPillowBlue","Gear Doctors 3.5oz Compact Ultralight Inflatable Camping Pillow -Inflatable Camp Pillow -Backpacking Pillows Ultralight-Camping Pillows for Sleeping,","1","amazon.com","Standard Orders","Amazon","PORTLAND","OR","97225","","14.99","0","0","0","0","0","0","0","0","0","0","-2.25","-3.95","0","0","8.79","Released","Jan 29, 2026 8:35:54 PM PST"
"Jan 21, 2026 8:04:19 AM PST","25495925401","Order","113-1784323-1511467","Ether-01","Gear Doctors® Ether 17.5oz Ultralight Camping Sleeping Pad - Backpacking Air Mattress - Camping Mattress Pad - Compact Inflatable Sleeping Mat for Ba","1","amazon.com","Standard Orders","Amazon","CARLSBAD","CA","92008","MarketplaceFacilitator","33.99","2.63","2.99","0","0","0","0","0","-2.99","0","-2.63","-5.10","-5.42","0","0","23.47","Released","Jan 29, 2026 3:59:18 AM PST"
"Jan 21, 2026 8:35:55 AM PST","25495925401","Order","111-5895070-3296224","GDApolloAir01","Gear Doctors ApolloAir 5.2 R-Value [17oz] Ultralight Insulated Inflatable Camping Sleeping Pad - Backpacking Sleeping Pad - Camping Mattress Compact L","1","amazon.com","Standard Orders","Amazon","PHILADELPHIA","PA","19102","MarketplaceFacilitator","84.99","5.10","0","0","0","0","0","0","0","0","-5.10","-12.75","-5.68","0","0","66.56","Released","Jan 29, 2026 2:14:44 PM PST"
"Jan 21, 2026 8:44:42 AM PST","25495925401","Order","112-3609935-0663446","Ether-01","Gear Doctors® Ether 17.5oz Ultralight Camping Sleeping Pad - Backpacking Air Mattress - Camping Mattress Pad - Compact Inflatable Sleeping Mat for Ba","1","amazon.com","Standard Orders","Amazon","MOSCOW","ID","83844","MarketplaceFacilitator","33.99","2.04","0","0","0","0","0","0","0","0","-2.04","-5.10","-5.42","0","0","23.47","Released","Jan 31, 2026 1:47:03 AM PST"
"Jan 21, 2026 9:49:59 AM PST","25495925401","Order","111-8507718-5509825","GDApolloAir-02","Gear Doctors ApolloAir 5.2 R-Value [25oz] Ultralight Insulated Inflatable Camping Sleeping Pad - Backpacking Sleeping Pad - Camping Mattress Compact L","1","amazon.com","Standard Orders","Amazon","JERSEY CITY","NJ","07302","MarketplaceFacilitator","89.99","5.96","0","0","0","0","0","0","0","0","-11.92","-27.00","-6.08","0","0","50.95","Released","Jan 30, 2026 7:20:45 AM PST"
"Jan 21, 2026 9:49:59 AM PST","25495925401","Order","111-8507718-5509825","GDApolloAir-02","Gear Doctors ApolloAir 5.2 R-Value [25oz] Ultralight Insulated Inflatable Camping Sleeping Pad - Backpacking Sleeping Pad - Camping Mattress Compact L","1","amazon.com","Standard Orders","Amazon","JERSEY CITY","NJ","07302","","89.99","5.96","0","0","0","0","0","0","0","0","0","0","-6.08","0","0","89.87","Released","Jan 30, 2026 7:20:45 AM PST"
"Jan 21, 2026 10:10:12 AM PST","25495925401","Order","112-3701292-4548235","Ether-01","Gear Doctors® Ether 17.5oz Ultralight Camping Sleeping Pad - Backpacking Air Mattress - Camping Mattress Pad - Compact Inflatable Sleeping Mat for Ba","1","amazon.com","Standard Orders","Amazon","LEES SUMMIT","MO","64086","MarketplaceFacilitator","33.99","2.37","1.50","0","0","0","0","0","-1.50","0","-2.37","-5.10","-5.42","0","0","23.47","Released","Jan 29, 2026 2:39:04 AM PST"
"Jan 21, 2026 11:02:34 AM PST","25495925401","Order","114-7784314-3238638","GDArtemis01","Gear Doctors Artemis 8.3 R-Value Self Inflating Sleeping Pad Camping-Air Mattress Camping-Mattress Pad 4 Season 3D Air Foam 4"" Thick Insulated Inflata","1","amazon.com","Standard Orders","Amazon","HALESITE","NY","11743","MarketplaceFacilitator","104.99","8.27","0","0","0","0","0","0","-10.50","0","-8.27","-14.17","-12.11","0","0","68.21","Released","Feb 1, 2026 2:38:12 AM PST"
"Jan 21, 2026 11:15:59 AM PST","25392467641","Service Fee","FBA192NSZS1Z","","FBA Inbound Placement Service Fee","","Amazon.com","Standard Orders","","","","","","0","0","0","0","0","0","0","0","0","0","0","0","0","0","0","0","Released","Jan 21, 2026 11:15:59 AM PST"
"Jan 21, 2026 11:25:48 AM PST","25495925401","Order","114-8479587-0117848","GDCampingPillowOrange","Gear Doctors 3.5oz Compact Ultralight Inflatable Camping Pillow-Inflatable Camp Pillow-Backpacking Pillows Ultralight-Camping Pillows for Sleeping, Hi","1","amazon.com","Standard Orders","Amazon","ROCHESTER","MN","55904","MarketplaceFacilitator","14.99","1.11","0","0","0","0","0","0","0","0","-1.11","-2.25","-3.95","0","0","8.79","Released","Jan 30, 2026 4:36:16 AM PST"
"Jan 21, 2026 11:30:52 AM PST","25495925401","Order","112-8324143-4311417","GDClassic01","Gear Doctors Oxylus 4.3R-Value Insulated Foam Self Inflating Sleeping Pad Camping-Sleeping Pad Backpacking Air Mattress-Camping Mattress Self Inflatin","1","amazon.com","Standard Orders","Amazon","ROCKVILLE","MD","20850","MarketplaceFacilitator","37.49","2.25","1.49","0","0","0","0","0","-1.49","0","-4.50","-11.24","-7.61","0","0","16.39","Released","Jan 29, 2026 3:56:39 AM PST"
"Jan 21, 2026 11:30:52 AM PST","25495925401","Order","112-8324143-4311417","GDClassic01","Gear Doctors Oxylus 4.3R-Value Insulated Foam Self Inflating Sleeping Pad Camping-Sleeping Pad Backpacking Air Mattress-Camping Mattress Self Inflatin","1","amazon.com","Standard Orders","Amazon","ROCKVILLE","MD","20850","","37.49","2.25","1.50","0","0","0","0","0","-1.50","0","0","0","-7.61","0","0","32.13","Released","Jan 29, 2026 3:56:39 AM PST"
"Jan 21, 2026 12:11:25 PM PST","25495925401","Order","111-7323315-5297869","Ether-01","Gear Doctors® Ether 17.5oz Ultralight Camping Sleeping Pad - Backpacking Air Mattress - Camping Mattress Pad - Compact Inflatable Sleeping Mat for Ba","1","amazon.com","Standard Orders","Amazon","EVERGREEN PARK","IL","60805","MarketplaceFacilitator","33.99","3.40","2.99","0","0","0","0","0","-2.99","0","-3.40","-5.10","-5.42","0","0","23.47","Released","Jan 28, 2026 11:40:44 PM PST"
"Jan 21, 2026 12:18:51 PM PST","25495925401","Order","114-8389162-8045030","Ether-01","Gear Doctors® Ether 17.5oz Ultralight Camping Sleeping Pad - Backpacking Air Mattress - Camping Mattress Pad - Compact Inflatable Sleeping Mat for Ba","1","amazon.com","Standard Orders","Amazon","GULF BREEZE","FL","32563","MarketplaceFacilitator","33.99","2.38","0","0","0","0","0","0","0","0","-2.38","-5.10","-5.42","0","0","23.47","Released","Jan 31, 2026 2:52:23 AM PST"
"Jan 21, 2026 12:19:01 PM PST","25495925401","Order","114-4639956-4097036","Ether-01","Gear Doctors® Ether 17.5oz Ultralight Camping Sleeping Pad - Backpacking Air Mattress - Camping Mattress Pad - Compact Inflatable Sleeping Mat for Ba","1","amazon.com","Standard Orders","Amazon","JACKSONVILLE","TX","75766","MarketplaceFacilitator","33.99","2.80","1.86","0","0","0","0","0","-1.86","0","-2.80","-5.10","-5.42","0","0","23.47","Released","Feb 6, 2026 6:18:33 AM PST"
"Jan 21, 2026 1:15:13 PM PST","25495925401","Order","114-9423178-1437807","GDCampingPillowBlue","Gear Doctors 3.5oz Compact Ultralight Inflatable Camping Pillow -Inflatable Camp Pillow -Backpacking Pillows Ultralight-Camping Pillows for Sleeping,","1","amazon.com","Standard Orders","Amazon","SUN CITY CENTER","FL","33573","MarketplaceFacilitator","14.99","1.12","0","0","0","0","0","0","0","0","-1.12","-2.25","-3.95","0","0","8.79","Released","Jan 30, 2026 4:52:18 AM PST"
"Jan 21, 2026 1:54:28 PM PST","25392467641","Refund","114-3959018-4192208","GDClassic01","Gear Doctors Oxylus 4.3R-Value Insulated Foam Self Inflating Sleeping Pad Camping-Sleeping Pad Backpacking Air Mattress-Camping Mattress Self Inflatin","1","amazon.com","Standard Orders","Amazon","CLOVIS","CA","93611","MarketplaceFacilitator","-37.49","-3.36","-1.50","0","0","0","0","0","1.50","0","3.36","4.50","0","0","0","-32.99","Released","Jan 21, 2026 1:54:28 PM PST"
"Jan 21, 2026 2:24:43 PM PST","25495925401","Order","114-1203904-2015467","GDApolloAir-02","Gear Doctors ApolloAir 5.2 R-Value [25oz] Ultralight Insulated Inflatable Camping Sleeping Pad - Backpacking Sleeping Pad - Camping Mattress Compact L","2","amazon.com","Standard Orders","Amazon","HOLLIS","NH","03049","","179.98","0","0","0","0","0","0","0","0","0","0","-27.00","-12.16","0","0","140.82","Released","Jan 30, 2026 5:45:27 AM PST"
"Jan 21, 2026 3:27:00 PM PST","25495925401","Order","111-4698380-8236241","GDClassic01","Gear Doctors Oxylus 4.3R-Value Insulated Foam Self Inflating Sleeping Pad Camping-Sleeping Pad Backpacking Air Mattress-Camping Mattress Self Inflatin","1","amazon.com","Standard Orders","Amazon","MILL CREEK","WA","98012","MarketplaceFacilitator","37.49","3.97","2.99","0","0","0","0","0","-2.99","0","-3.97","-5.62","-7.61","0","0","24.26","Released","Jan 29, 2026 4:13:02 AM PST"
"Jan 21, 2026 3:35:05 PM PST","25392467641","Refund","113-2333835-6665051","Ether-01","Gear Doctors® Ether 17.5oz Ultralight Camping Sleeping Pad - Backpacking Air Mattress - Camping Mattress Pad - Compact Inflatable Sleeping Mat for Ba","3","amazon.com","Standard Orders","Amazon","NEWNAN","GA","30265","MarketplaceFacilitator","-101.97","-8.16","0","0","0","0","0","0","0","0","10.88","16.32","0","0","0","-82.93","Released","Jan 23, 2026 6:38:53 AM PST"
"Jan 21, 2026 3:35:05 PM PST","25392467641","Refund","113-2333835-6665051","Ether-01","Gear Doctors® Ether 17.5oz Ultralight Camping Sleeping Pad - Backpacking Air Mattress - Camping Mattress Pad - Compact Inflatable Sleeping Mat for Ba","1","amazon.com","Standard Orders","Amazon","NEWNAN","GA","30265","","-33.99","-2.72","0","0","0","0","0","0","0","0","0","0","0","0","0","-36.71","Released","Jan 23, 2026 6:38:53 AM PST"
"Jan 21, 2026 3:57:39 PM PST","25495925401","Order","113-4620793-9488243","GDClassic01","Gear Doctors Oxylus 4.3R-Value Insulated Foam Self Inflating Sleeping Pad Camping-Sleeping Pad Backpacking Air Mattress-Camping Mattress Self Inflatin","1","amazon.com","Standard Orders","Amazon","HOMESTEAD","FL","33034","MarketplaceFacilitator","37.49","2.62","0","0","0","0","0","0","0","0","-2.62","-5.62","-7.61","0","0","24.26","Released","Jan 30, 2026 7:37:11 AM PST"
"Jan 21, 2026 4:57:11 PM PST","25392467641","Refund","114-2213962-3997018","GDClassic01","Gear Doctors Self Inflating Camping Sleeping Pad for Camping 4.3 R Insulated Camping mats-1.5 in Must Haves Inflatable Foam air Sleep mat Self Inflati","1","amazon.com","Standard Orders","Amazon","EVERGREEN","CO","80439","MarketplaceFacilitator","-37.49","-1.52","0","0","0","0","0","0","3.75","0","1.52","4.05","0","0","0","-29.69","Released","Jan 21, 2026 4:57:11 PM PST"
"Jan 21, 2026 5:03:32 PM PST","25495925401","Refund","114-4501320-5240239","Ether-01","Gear Doctors® Ether 17.5oz Ultralight Camping Sleeping Pad - Backpacking Air Mattress - Camping Mattress Pad - Compact Inflatable Sleeping Mat for Ba","3","amazon.com","Standard Orders","Amazon","STEVENSON","MD","21153","MarketplaceFacilitator","-101.97","-6.12","-2.24","0","0","0","0","0","2.24","0","6.12","12.24","0","0","0","-89.73","Released","Jan 27, 2026 1:35:20 AM PST"
"Jan 21, 2026 5:34:54 PM PST","25392467641","Refund","114-9006155-1731424","GDClassic01","Gear Doctors Oxylus 4.3R-Value Insulated Foam Self Inflating Sleeping Pad Camping-Sleeping Pad Backpacking Air Mattress-Camping Mattress Self Inflatin","1","amazon.com","Standard Orders","Amazon","VIRGINIA BEACH","VA","23452","MarketplaceFacilitator","-37.49","-2.25","-1.50","0","0","0","0","0","1.50","0","2.25","4.50","0","0","0","-32.99","Released","Jan 23, 2026 2:59:50 AM PST"
"Jan 21, 2026 6:01:34 PM PST","25495925401","Order","113-0562616-7489047","GDCampingPillowBlue","Gear Doctors 3.5oz Compact Ultralight Inflatable Camping Pillow -Inflatable Camp Pillow -Backpacking Pillows Ultralight-Camping Pillows for Sleeping,","1","amazon.com","Standard Orders","Amazon","HOUSTON","TX","77081","MarketplaceFacilitator","14.99","1.24","0","0","0","0","0","0","0","0","-1.24","-2.25","-3.95","0","0","8.79","Released","Jan 29, 2026 11:03:53 PM PST"
"Jan 21, 2026 6:04:16 PM PST","25495925401","Order","112-8508137-1217063","Ether-01","Gear Doctors® Ether 17.5oz Ultralight Camping Sleeping Pad - Backpacking Air Mattress - Camping Mattress Pad - Compact Inflatable Sleeping Mat for Ba","2","amazon.com","Standard Orders","Amazon","NORTH PROVIDENCE","RI","02911","MarketplaceFacilitator","67.98","4.76","0","0","0","0","0","0","0","0","-4.76","-10.20","-10.84","0","0","46.94","Released","Jan 29, 2026 10:54:09 PM PST"
"Jan 21, 2026 6:09:48 PM PST","25495925401","Order","114-0764134-9837015","Ether-01","Gear Doctors® Ether 17.5oz Ultralight Camping Sleeping Pad - Backpacking Air Mattress - Camping Mattress Pad - Compact Inflatable Sleeping Mat for Ba","1","amazon.com","Standard Orders","Amazon","CREEDMOOR","NC","27522","MarketplaceFacilitator","33.99","2.46","0","0","0","0","0","0","0","0","-2.46","-5.10","-5.42","0","0","23.47","Released","Jan 30, 2026 10:35:59 PM PST"
"Jan 21, 2026 6:28:34 PM PST","25392467641","Refund","114-8316681-5413802","Ether-01","Gear Doctors® Ether 17.5oz Ultralight Camping Sleeping Pad - Backpacking Air Mattress - Camping Mattress Pad - Compact Inflatable Sleeping Mat for Ba","1","amazon.com","Standard Orders","Amazon","OLYMPIA","WA","98516","MarketplaceFacilitator","-33.99","-2.82","0","0","0","0","0","0","0","0","2.82","4.08","0","0","0","-29.91","Released","Jan 21, 2026 6:28:34 PM PST"
"Jan 21, 2026 6:52:21 PM PST","25495925401","Refund","112-3028008-8177816","Ether-01","Gear Doctors® Ether 17.5oz Ultralight Camping Sleeping Pad - Backpacking Air Mattress - Camping Mattress Pad - Compact Inflatable Sleeping Mat for Ba","1","amazon.com","Standard Orders","Amazon","SAN DIEGO","CA","92108","MarketplaceFacilitator","-33.99","-2.63","-2.99","0","0","0","0","0","2.99","0","2.63","4.08","0","0","0","-29.91","Released","Jan 27, 2026 6:00:50 AM PST"
"Jan 21, 2026 7:22:59 PM PST","25495925401","Order","114-6051417-1065063","GDApolloAir01","Gear Doctors ApolloAir 5.2 R-Value [17oz] Ultralight Insulated Inflatable Camping Sleeping Pad - Backpacking Sleeping Pad - Camping Mattress Compact L","1","amazon.com","Standard Orders","Amazon","WATERVLIET","MI","49098","MarketplaceFacilitator","84.99","5.10","0","0","0","0","0","0","0","0","-5.10","-12.75","-5.68","0","0","66.56","Released","Jan 30, 2026 11:38:15 AM PST"
"Jan 21, 2026 7:24:54 PM PST","25495925401","Order","112-9913645-5883424","GDCampingPillowOrange","Gear Doctors 3.5oz Compact Ultralight Inflatable Camping Pillow-Inflatable Camp Pillow-Backpacking Pillows Ultralight-Camping Pillows for Sleeping, Hi","1","amazon.com","Standard Orders","Amazon","FRAMINGHAM","MA","01701","MarketplaceFacilitator","14.99","0.94","0.55","0","0","0","0","0","-0.55","0","-0.94","-2.25","-3.95","0","0","8.79","Released","Jan 30, 2026 2:48:15 AM PST"
"Jan 21, 2026 7:30:54 PM PST","25495925401","Order","114-5802183-3525050","Ether-01","Gear Doctors® Ether 17.5oz Ultralight Camping Sleeping Pad - Backpacking Air Mattress - Camping Mattress Pad - Compact Inflatable Sleeping Mat for Ba","2","amazon.com","Standard Orders","Amazon","BROOKFIELD","IL","60513","MarketplaceFacilitator","67.98","6.80","0.67","0","0","0","0","0","-0.67","0","-6.80","-10.20","-10.84","0","0","46.94","Released","Jan 29, 2026 3:19:02 AM PST"
"Jan 21, 2026 7:33:14 PM PST","25495925401","Order","111-9381328-5304241","Ether-01","Gear Doctors® Ether 17.5oz Ultralight Camping Sleeping Pad - Backpacking Air Mattress - Camping Mattress Pad - Compact Inflatable Sleeping Mat for Ba","2","amazon.com","Standard Orders","Amazon","SAINT ALBANS","NY","11412","MarketplaceFacilitator","67.98","6.04","1.99","0","0","0","0","0","-1.99","0","-6.04","-10.20","-10.84","0","0","46.94","Released","Jan 29, 2026 6:46:34 AM PST"
"Jan 21, 2026 7:35:51 PM PST","25495925401","Order","113-2273466-5567409","Ether-01","Gear Doctors® Ether 17.5oz Ultralight Camping Sleeping Pad - Backpacking Air Mattress - Camping Mattress Pad - Compact Inflatable Sleeping Mat for Ba","1","amazon.com","Standard Orders","Amazon","CARLSBAD","CA","92011","MarketplaceFacilitator","33.99","2.63","2.99","0","0","0","0","0","-2.99","0","-2.63","-5.10","-5.42","0","0","23.47","Released","Jan 29, 2026 5:25:47 AM PST"
"Jan 21, 2026 7:41:45 PM PST","25495925401","Order","113-0031541-5060232","Ether-01","Gear Doctors® Ether 17.5oz Ultralight Camping Sleeping Pad - Backpacking Air Mattress - Camping Mattress Pad - Compact Inflatable Sleeping Mat for Ba","1","amazon.com","Standard Orders","Amazon","TALLAHASSEE","FL","32317","MarketplaceFacilitator","33.99","2.55","0","0","0","0","0","0","0","0","-2.55","-5.10","-5.42","0","0","23.47","Released","Jan 30, 2026 3:49:04 AM PST"
"Jan 21, 2026 7:55:04 PM PST","25495925401","Order","114-4483055-9499424","Ether-01","Gear Doctors® Ether 17.5oz Ultralight Camping Sleeping Pad - Backpacking Air Mattress - Camping Mattress Pad - Compact Inflatable Sleeping Mat for Ba","1","amazon.com","Standard Orders","Amazon","BOLIVAR","MO","65613","MarketplaceFacilitator","33.99","1.44","0","0","0","0","0","0","0","0","-1.44","-5.10","-5.42","0","0","23.47","Released","Jan 30, 2026 2:04:37 AM PST"
"Jan 21, 2026 7:55:37 PM PST","25495925401","Order","112-0253146-4769854","Ether-01","Gear Doctors® Ether 17.5oz Ultralight Camping Sleeping Pad - Backpacking Air Mattress - Camping Mattress Pad - Compact Inflatable Sleeping Mat for Ba","1","amazon.com","Standard Orders","Amazon","GRAHAM","NC","27253","MarketplaceFacilitator","33.99","2.29","0","0","0","0","0","0","0","0","-2.29","-5.10","-5.42","0","0","23.47","Released","Jan 30, 2026 1:59:24 PM PST"
"Jan 21, 2026 8:09:36 PM PST","25495925401","Order","111-3376645-1012226","Ether-01","Gear Doctors® Ether 17.5oz Ultralight Camping Sleeping Pad - Backpacking Air Mattress - Camping Mattress Pad - Compact Inflatable Sleeping Mat for Ba","1","amazon.com","Standard Orders","Amazon","FOND DU LAC","WI","54935","MarketplaceFacilitator","33.99","1.87","0","0","0","0","0","0","0","0","-1.87","-5.10","-5.42","0","0","23.47","Released","Jan 30, 2026 1:30:53 AM PST"
"Jan 21, 2026 8:32:26 PM PST","25495925401","Order","111-9949172-6645055","GDClassic01","Gear Doctors Oxylus 4.3R-Value Insulated Foam Self Inflating Sleeping Pad Camping-Sleeping Pad Backpacking Air Mattress-Camping Mattress Self Inflatin","1","amazon.com","Standard Orders","Amazon","RAMSEY","NJ","07446","MarketplaceFacilitator","37.49","2.48","2.99","0","0","0","0","0","-2.99","0","-2.48","-5.62","-7.61","0","0","24.26","Released","Jan 29, 2026 3:01:35 AM PST"
"Jan 21, 2026 8:48:52 PM PST","25495925401","Order","112-5956768-7245803","Ether-01","Gear Doctors® Ether 17.5oz Ultralight Camping Sleeping Pad - Backpacking Air Mattress - Camping Mattress Pad - Compact Inflatable Sleeping Mat for Ba","1","amazon.com","Standard Orders","Amazon","AUSTIN","TX","78739","MarketplaceFacilitator","33.99","2.80","2.99","0","0","0","0","0","-2.99","0","-2.80","-5.10","-5.42","0","0","23.47","Released","Jan 29, 2026 4:32:44 AM PST"
"Jan 21, 2026 9:25:00 PM PST","25495925401","Order","114-6418117-9019421","Ether-01","Gear Doctors® Ether 17.5oz Ultralight Camping Sleeping Pad - Backpacking Air Mattress - Camping Mattress Pad - Compact Inflatable Sleeping Mat for Ba","1","amazon.com","Standard Orders","Amazon","CORONA","CA","92883","MarketplaceFacilitator","33.99","2.97","0.75","0","0","0","0","0","-0.75","0","-2.97","-5.10","-5.42","0","0","23.47","Released","Jan 29, 2026 5:13:00 AM PST"
"Jan 21, 2026 9:26:41 PM PST","25495925401","Order","112-2096118-2948256","GDClassic01","Gear Doctors Oxylus 4.3R-Value Insulated Foam Self Inflating Sleeping Pad Camping-Sleeping Pad Backpacking Air Mattress-Camping Mattress Self Inflatin","1","amazon.com","Standard Orders","Amazon","ROCKVILLE","MD","20850","MarketplaceFacilitator","37.49","2.25","2.99","0","0","0","0","0","-2.99","0","-2.25","-5.62","-7.61","0","0","24.26","Released","Jan 29, 2026 6:40:02 AM PST"
"Jan 21, 2026 9:29:06 PM PST","25495925401","Order","113-6168644-1903468","GDApolloAir01","Gear Doctors ApolloAir 5.2 R-Value [17oz] Ultralight Insulated Inflatable Camping Sleeping Pad - Backpacking Sleeping Pad - Camping Mattress Compact L","1","amazon.com","Standard Orders","Amazon","FAYETTEVILLE","NC","28314","MarketplaceFacilitator","84.99","5.95","0","0","0","0","0","0","0","0","-5.95","-12.75","-5.68","0","0","66.56","Released","Jan 29, 2026 12:58:00 PM PST"
"Jan 21, 2026 9:39:54 PM PST","25495925401","Refund","113-8601833-9702627","GDApolloAir-02","Gear Doctors ApolloAir 5.2 R-Value [25oz] Ultralight Insulated Inflatable Camping Sleeping Pad - Backpacking Sleeping Pad - Camping Mattress Compact L","1","amazon.com","Standard Orders","Amazon","VANCOUVER","WA","98685","MarketplaceFacilitator","-89.99","-7.65","-2.99","0","0","0","0","0","2.99","0","7.65","10.80","0","0","0","-79.19","Released","Jan 25, 2026 7:01:20 AM PST"
"Jan 21, 2026 9:45:23 PM PST","25495925401","Order","113-6483899-4570641","Ether-01","Gear Doctors® Ether 17.5oz Ultralight Camping Sleeping Pad - Backpacking Air Mattress - Camping Mattress Pad - Compact Inflatable Sleeping Mat for Ba","1","amazon.com","Standard Orders","Amazon","BRENTWOOD","CA","94513","MarketplaceFacilitator","33.99","2.97","0","0","0","0","0","0","0","0","-2.97","-5.10","-5.42","0","0","23.47","Released","Jan 30, 2026 4:45:32 AM PST"
"Jan 21, 2026 9:46:22 PM PST","25495925401","Order","112-3266207-9044228","Ether-01","Gear Doctors® Ether 17.5oz Ultralight Camping Sleeping Pad - Backpacking Air Mattress - Camping Mattress Pad - Compact Inflatable Sleeping Mat for Ba","1","amazon.com","Standard Orders","Amazon","FORT STEWART","GA","31315","MarketplaceFacilitator","33.99","2.45","0","0","0","0","0","0","-3.40","0","-2.45","-4.59","-5.42","0","0","20.58","Released","Jan 30, 2026 11:14:42 PM PST"
"Jan 21, 2026 9:53:50 PM PST","25495925401","Order","114-8121846-4464257","GDClassic01","Gear Doctors Oxylus 4.3R-Value Insulated Foam Self Inflating Sleeping Pad Camping-Sleeping Pad Backpacking Air Mattress-Camping Mattress Self Inflatin","1","amazon.com","Standard Orders","Amazon","COLUMBUS","OH","43201","MarketplaceFacilitator","37.49","3.00","0","0","0","0","0","0","0","0","-3.00","-5.62","-7.61","0","0","24.26","Released","Jan 30, 2026 3:49:01 AM PST"
"Jan 21, 2026 9:59:46 PM PST","25495925401","Order","113-2815024-5525846","GDApolloAir01","Gear Doctors ApolloAir 5.2 R-Value [17oz] Ultralight Insulated Inflatable Camping Sleeping Pad - Backpacking Sleeping Pad - Camping Mattress Compact L","1","amazon.com","Standard Orders","Amazon","SUGAR LAND","TX","77498","MarketplaceFacilitator","84.99","7.01","0.60","0","0","0","0","0","-0.60","0","-14.02","-25.50","-5.68","0","0","46.80","Released","Jan 29, 2026 3:54:17 AM PST"
"Jan 21, 2026 9:59:46 PM PST","25495925401","Order","113-2815024-5525846","GDApolloAir01","Gear Doctors ApolloAir 5.2 R-Value [17oz] Ultralight Insulated Inflatable Camping Sleeping Pad - Backpacking Sleeping Pad - Camping Mattress Compact L","1","amazon.com","Standard Orders","Amazon","SUGAR LAND","TX","77498","","84.99","7.01","0.60","0","0","0","0","0","-0.60","0","0","0","-5.68","0","0","86.32","Released","Jan 29, 2026 3:54:17 AM PST"
"Jan 21, 2026 10:01:42 PM PST","25495925401","Order","112-1794863-8853827","GDCampingPillowOrange","Gear Doctors 3.5oz Compact Ultralight Inflatable Camping Pillow-Inflatable Camp Pillow-Backpacking Pillows Ultralight-Camping Pillows for Sleeping, Hi","1","amazon.com","Standard Orders","Amazon","LAKE CHARLES","LA","70611","MarketplaceFacilitator","14.99","1.39","0","0","0","0","0","0","0","0","-1.39","-2.25","-3.95","0","0","8.79","Released","Feb 1, 2026 5:06:55 AM PST"
"Jan 21, 2026 10:02:08 PM PST","25495925401","Order","113-9478334-1473829","GDApolloAir-02","Gear Doctors ApolloAir 5.2 R-Value [25oz] Ultralight Insulated Inflatable Camping Sleeping Pad - Backpacking Sleeping Pad - Camping Mattress Compact L","1","amazon.com","Standard Orders","Amazon","KOKOMO","IN","46902","MarketplaceFacilitator","89.99","6.30","0","0","0","0","0","0","0","0","-6.30","-13.50","-6.08","0","0","70.41","Released","Jan 30, 2026 7:49:52 PM PST"
"Jan 21, 2026 10:19:20 PM PST","25495925401","Order","113-5178303-7703436","GDApolloAir01","Gear Doctors ApolloAir 5.2 R-Value [17oz] Ultralight Insulated Inflatable Camping Sleeping Pad - Backpacking Sleeping Pad - Camping Mattress Compact L","1","amazon.com","Standard Orders","Amazon","MAKAWAO","HI","96768","MarketplaceFacilitator","84.99","3.80","0","0","0","0","0","0","-4.25","0","-3.80","-12.11","-5.68","0","0","62.95","Released","Feb 4, 2026 11:06:05 PM PST"
"Jan 21, 2026 10:19:20 PM PST","25495925401","Order","113-5178303-7703436","GDApolloAir-02","Gear Doctors ApolloAir 5.2 R-Value [25oz] Ultralight Insulated Inflatable Camping Sleeping Pad - Backpacking Sleeping Pad - Camping Mattress Compact L","1","amazon.com","Standard Orders","Amazon","MAKAWAO","HI","96768","MarketplaceFacilitator","89.99","4.24","0","0","0","0","0","0","0","0","-4.24","-13.50","-6.08","0","0","70.41","Released","Feb 4, 2026 11:06:05 PM PST"
"Jan 21, 2026 10:19:36 PM PST","25495925401","Order","114-1710800-0213063","GDClassic01","Gear Doctors Oxylus 4.3R-Value Insulated Foam Self Inflating Sleeping Pad Camping-Sleeping Pad Backpacking Air Mattress-Camping Mattress Self Inflatin","1","amazon.com","Standard Orders","Amazon","Miami","Florida","33184","MarketplaceFacilitator","37.49","2.62","0","0","0","0","0","0","0","0","-2.62","-5.62","-7.61","0","0","24.26","Released","Jan 29, 2026 11:34:00 PM PST"
"Jan 21, 2026 10:28:13 PM PST","25495925401","Order","112-7224326-5045058","GDClassic01","Gear Doctors Oxylus 4.3R-Value Insulated Foam Self Inflating Sleeping Pad Camping-Sleeping Pad Backpacking Air Mattress-Camping Mattress Self Inflatin","1","amazon.com","Standard Orders","Amazon","ALBUQUERQUE","NM","87112","MarketplaceFacilitator","37.49","2.86","0","0","0","0","0","0","0","0","-2.86","-5.62","-7.61","0","0","24.26","Released","Jan 30, 2026 8:18:07 AM PST"
"Jan 21, 2026 10:35:59 PM PST","25495925401","Order","112-6987617-8826608","Ether-01","Gear Doctors® Ether 17.5oz Ultralight Camping Sleeping Pad - Backpacking Air Mattress - Camping Mattress Pad - Compact Inflatable Sleeping Mat for Ba","1","amazon.com","Standard Orders","Amazon","Arden","NC","28704","MarketplaceFacilitator","33.99","2.38","1.00","0","0","0","0","0","-1.00","0","-2.38","-5.10","-5.42","0","0","23.47","Released","Jan 29, 2026 5:31:57 AM PST"
"Jan 21, 2026 10:42:12 PM PST","25495925401","Order","111-1158996-6372210","Ether-01","Gear Doctors® Ether 17.5oz Ultralight Camping Sleeping Pad - Backpacking Air Mattress - Camping Mattress Pad - Compact Inflatable Sleeping Mat for Ba","1","amazon.com","Standard Orders","Amazon","MESA","AZ","85205","MarketplaceFacilitator","33.99","2.82","0.42","0","0","0","0","0","-0.42","0","-2.82","-5.10","-5.42","0","0","23.47","Released","Jan 29, 2026 4:40:18 AM PST"
"Jan 21, 2026 11:08:19 PM PST","25495925401","Order","112-9911100-6766640","Ether-01","Gear Doctors® Ether 17.5oz Ultralight Camping Sleeping Pad - Backpacking Air Mattress - Camping Mattress Pad - Compact Inflatable Sleeping Mat for Ba","1","amazon.com","Standard Orders","Amazon","TROY","MI","48098","MarketplaceFacilitator","33.99","2.04","1.49","0","0","0","0","0","-1.49","0","-2.04","-5.10","-5.42","0","0","23.47","Released","Jan 29, 2026 7:07:07 AM PST"
"Jan 21, 2026 11:26:45 PM PST","25495925401","Order","114-8312804-1582603","GDApolloAir01","Gear Doctors ApolloAir 5.2 R-Value [17oz] Ultralight Insulated Inflatable Camping Sleeping Pad - Backpacking Sleeping Pad - Camping Mattress Compact L","1","amazon.com","Standard Orders","Amazon","Palm Desert","Ca","92260","MarketplaceFacilitator","84.99","7.06","0","0","0","0","0","0","-4.25","0","-7.06","-12.11","-5.68","0","0","62.95","Released","Jan 30, 2026 6:35:11 AM PST"
"Jan 21, 2026 11:40:21 PM PST","25495925401","Order","112-3174821-7631448","Ether-01","Gear Doctors® Ether 17.5oz Ultralight Camping Sleeping Pad - Backpacking Air Mattress - Camping Mattress Pad - Compact Inflatable Sleeping Mat for Ba","2","amazon.com","Standard Orders","Amazon","LA JOLLA","CA","92037","MarketplaceFacilitator","67.98","5.26","2.99","0","0","0","0","0","-2.99","0","-5.26","-10.20","-10.84","0","0","46.94","Released","Jan 29, 2026 6:08:16 AM PST"
"Jan 22, 2026 12:04:14 AM PST","25495925401","Order","111-8845103-5821817","Ether-01","Gear Doctors® Ether 17.5oz Ultralight Camping Sleeping Pad - Backpacking Air Mattress - Camping Mattress Pad - Compact Inflatable Sleeping Mat for Ba","1","amazon.com","Standard Orders","Amazon","LIBERTY","IN","47353","MarketplaceFacilitator","33.99","2.38","0","0","0","0","0","0","0","0","-4.76","-10.20","-5.42","0","0","15.99","Released","Jan 30, 2026 11:41:50 AM PST"
"Jan 22, 2026 12:04:14 AM PST","25495925401","Order","111-8845103-5821817","Ether-01","Gear Doctors® Ether 17.5oz Ultralight Camping Sleeping Pad - Backpacking Air Mattress - Camping Mattress Pad - Compact Inflatable Sleeping Mat for Ba","1","amazon.com","Standard Orders","Amazon","LIBERTY","IN","47353","","33.99","2.38","0","0","0","0","0","0","0","0","0","0","-5.42","0","0","30.95","Released","Jan 30, 2026 11:41:50 AM PST"
"Jan 22, 2026 12:06:21 AM PST","25495925401","Order","113-9264157-2454650","GDClassic01","Gear Doctors Oxylus 4.3R-Value Insulated Foam Self Inflating Sleeping Pad Camping-Sleeping Pad Backpacking Air Mattress-Camping Mattress Self Inflatin","2","amazon.com","Standard Orders","Amazon","SAN CLEMENTE","CA","92673","MarketplaceFacilitator","74.98","5.82","1.00","0","0","0","0","0","-1.00","0","-5.82","-11.24","-15.22","0","0","48.52","Released","Jan 30, 2026 6:00:12 AM PST"
"Jan 22, 2026 12:12:03 AM PST","25495925401","Order","111-7125849-5718657","GDClassic01","Gear Doctors Oxylus 4.3R-Value Insulated Foam Self Inflating Sleeping Pad Camping-Sleeping Pad Backpacking Air Mattress-Camping Mattress Self Inflatin","1","amazon.com","Standard Orders","Amazon","ELMHURST","IL","60126","MarketplaceFacilitator","37.49","3.19","0","0","0","0","0","0","0","0","-3.19","-5.62","-7.61","0","0","24.26","Released","Jan 30, 2026 7:18:55 AM PST"
"Jan 22, 2026 12:16:26 AM PST","25495925401","Order","111-1059254-9665054","GDClassic01","Gear Doctors Oxylus 4.3R-Value Insulated Foam Self Inflating Sleeping Pad Camping-Sleeping Pad Backpacking Air Mattress-Camping Mattress Self Inflatin","1","amazon.com","Standard Orders","Amazon","LEANDER","TX","78641","MarketplaceFacilitator","37.49","3.09","0","0","0","0","0","0","0","0","-3.09","-5.62","-7.61","0","0","24.26","Released","Jan 30, 2026 4:14:44 AM PST"
"Jan 22, 2026 12:22:06 AM PST","25495925401","Order","112-8468316-7237800","Ether-01","Gear Doctors® Ether 17.5oz Ultralight Camping Sleeping Pad - Backpacking Air Mattress - Camping Mattress Pad - Compact Inflatable Sleeping Mat for Ba","1","amazon.com","Standard Orders","Amazon","Williamsburg","VA","23188","MarketplaceFacilitator","33.99","2.38","0","0","0","0","0","0","0","0","-2.38","-5.10","-5.42","0","0","23.47","Released","Jan 31, 2026 1:06:34 AM PST"
"Jan 22, 2026 1:16:35 AM PST","25495925401","Order","112-0994936-9309858","GDCampingPillowBlue","Gear Doctors 3.5oz Compact Ultralight Inflatable Camping Pillow -Inflatable Camp Pillow -Backpacking Pillows Ultralight-Camping Pillows for Sleeping,","1","amazon.com","Standard Orders","Amazon","UTICA","NY","13502","MarketplaceFacilitator","14.99","1.31","0","0","0","0","0","0","0","0","-1.31","-2.25","-3.95","0","0","8.79","Released","Feb 6, 2026 12:28:37 AM PST"
"Jan 22, 2026 1:16:35 AM PST","25495925401","Order","112-0994936-9309858","GDClassic01","Gear Doctors Oxylus 4.3R-Value Insulated Foam Self Inflating Sleeping Pad Camping-Sleeping Pad Backpacking Air Mattress-Camping Mattress Self Inflatin","1","amazon.com","Standard Orders","Amazon","UTICA","NY","13502","MarketplaceFacilitator","37.49","3.28","0","0","0","0","0","0","0","0","-3.28","-5.62","-7.61","0","0","24.26","Released","Feb 6, 2026 12:28:37 AM PST"
"Jan 22, 2026 2:14:38 AM PST","25495925401","Order","114-5532074-9051425","Ether-01","Gear Doctors® Ether 17.5oz Ultralight Camping Sleeping Pad - Backpacking Air Mattress - Camping Mattress Pad - Compact Inflatable Sleeping Mat for Ba","1","amazon.com","Standard Orders","Amazon","ROSELLE","NJ","07203","MarketplaceFacilitator","33.99","2.25","0","0","0","0","0","0","0","0","-2.25","-5.10","-5.42","0","0","23.47","Released","Jan 30, 2026 3:59:32 AM PST"
"Jan 22, 2026 2:23:17 AM PST","25495925401","Order","111-0415611-3883435","Ether-01","Gear Doctors® Ether 17.5oz Ultralight Camping Sleeping Pad - Backpacking Air Mattress - Camping Mattress Pad - Compact Inflatable Sleeping Mat for Ba","1","amazon.com","Standard Orders","Amazon","LA PORTE","TX","77571","MarketplaceFacilitator","33.99","2.80","1.49","0","0","0","0","0","-1.49","0","-2.80","-5.10","-5.42","0","0","23.47","Released","Jan 29, 2026 6:16:30 AM PST"
"Jan 22, 2026 2:52:30 AM PST","25495925401","Order","112-6377004-6886632","GDApolloAir01","Gear Doctors ApolloAir 5.2 R-Value [17oz] Ultralight Insulated Inflatable Camping Sleeping Pad - Backpacking Sleeping Pad - Camping Mattress Compact L","1","amazon.com","Standard Orders","Amazon","LAS VEGAS","NV","89120","MarketplaceFacilitator","84.99","0","0.43","0","0","0","0","0","-0.43","0","0","-12.75","-5.68","0","0","66.56","Released","Jan 29, 2026 10:28:47 PM PST"
"Jan 22, 2026 2:53:43 AM PST","25495925401","Order","112-6185659-5999410","GDApolloAir01","Gear Doctors ApolloAir 5.2 R-Value [17oz] Ultralight Insulated Inflatable Camping Sleeping Pad - Backpacking Sleeping Pad - Camping Mattress Compact L","1","amazon.com","Standard Orders","Amazon","LAS VEGAS","NV","89120","MarketplaceFacilitator","84.99","0","2.99","0","0","0","0","0","-2.99","0","0","-12.75","-5.68","0","0","66.56","Released","Jan 30, 2026 7:49:06 AM PST"
"Jan 22, 2026 3:15:16 AM PST","25495925401","Order","112-9722561-0930663","Ether-01","Gear Doctors® Ether 17.5oz Ultralight Camping Sleeping Pad - Backpacking Air Mattress - Camping Mattress Pad - Compact Inflatable Sleeping Mat for Ba","1","amazon.com","Standard Orders","Amazon","Colorado Springs","CO","80917","MarketplaceFacilitator","33.99","2.79","0","0","0","0","0","0","0","0","-2.79","-5.10","-5.42","0","0","23.47","Released","Jan 30, 2026 12:15:43 AM PST"
"Jan 22, 2026 3:28:12 AM PST","25495925401","Refund","113-7767898-9285017","Ether-01","Gear Doctors® Ether 17.5oz Ultralight Camping Sleeping Pad - Backpacking Air Mattress - Camping Mattress Pad - Compact Inflatable Sleeping Mat for Ba","2","amazon.com","Standard Orders","Amazon","DESOTO","TX","75115","MarketplaceFacilitator","-67.98","-5.60","-2.99","0","0","0","0","0","2.99","0","5.60","8.16","0","0","0","-59.82","Released","Jan 27, 2026 5:24:50 AM PST"
"Jan 22, 2026 3:46:09 AM PST","25495925401","Order","112-3929834-8598658","Ether-01","Gear Doctors® Ether 17.5oz Ultralight Camping Sleeping Pad - Backpacking Air Mattress - Camping Mattress Pad - Compact Inflatable Sleeping Mat for Ba","1","amazon.com","Standard Orders","Amazon","IMLER","PA","16655","MarketplaceFacilitator","33.99","2.04","0","0","0","0","0","0","0","0","-2.04","-5.10","-5.42","0","0","23.47","Released","Feb 2, 2026 6:24:08 AM PST"
"Jan 22, 2026 5:15:20 AM PST","25495925401","Order","113-8543806-7637854","Ether-01","Gear Doctors® Ether 17.5oz Ultralight Camping Sleeping Pad - Backpacking Air Mattress - Camping Mattress Pad - Compact Inflatable Sleeping Mat for Ba","1","amazon.com","Standard Orders","Amazon","Snohomish","WA","98290","MarketplaceFacilitator","33.99","2.69","0","0","0","0","0","0","0","0","-2.69","-5.10","-5.42","0","0","23.47","Released","Jan 30, 2026 2:22:38 AM PST"
"Jan 22, 2026 5:38:56 AM PST","25495925401","Order","114-7070230-1798621","GDClassic01","Gear Doctors Oxylus 4.3R-Value Insulated Foam Self Inflating Sleeping Pad Camping-Sleeping Pad Backpacking Air Mattress-Camping Mattress Self Inflatin","1","amazon.com","Standard Orders","Amazon","LANCASTER","VA","22503","MarketplaceFacilitator","37.49","1.99","0","0","0","0","0","0","0","0","-1.99","-5.62","-7.61","0","0","24.26","Released","Jan 31, 2026 7:46:05 AM PST"
"Jan 22, 2026 5:40:35 AM PST","25495925401","Order","113-1307802-2419463","GDClassic01","Gear Doctors Oxylus 4.3R-Value Insulated Foam Self Inflating Sleeping Pad Camping-Sleeping Pad Backpacking Air Mattress-Camping Mattress Self Inflatin","1","amazon.com","Standard Orders","Amazon","VERONA","VA","24482","MarketplaceFacilitator","37.49","1.99","0","0","0","0","0","0","0","0","-1.99","-5.62","-7.61","0","0","24.26","Released","Jan 30, 2026 11:04:49 PM PST"
"Jan 22, 2026 7:34:43 AM PST","25495925401","Order","113-5798792-0160207","Ether-01","Gear Doctors® Ether 17.5oz Ultralight Camping Sleeping Pad - Backpacking Air Mattress - Camping Mattress Pad - Compact Inflatable Sleeping Mat for Ba","1","amazon.com","Standard Orders","Amazon","HARRISON","OH","45030","MarketplaceFacilitator","33.99","2.65","1.50","0","0","0","0","0","-1.50","0","-2.65","-5.10","-5.42","0","0","23.47","Released","Jan 30, 2026 1:03:43 AM PST"
"Jan 22, 2026 7:54:43 AM PST","25392467641","Refund","111-1144597-0750638","Ether-01","Gear Doctors® Ether 17.5oz Ultralight Camping Sleeping Pad - Backpacking Air Mattress - Camping Mattress Pad - Compact Inflatable Sleeping Mat for Ba","1","amazon.com","Standard Orders","Amazon","PEORIA","AZ","85383","MarketplaceFacilitator","-33.99","-2.75","-1.00","0","0","0","0","0","1.00","0","2.75","4.08","0","0","0","-29.91","Released","Jan 23, 2026 7:12:34 AM PST"
"Jan 22, 2026 8:23:13 AM PST","25392467641","Refund","113-3117979-8870619","Ether-01","Gear Doctors® Ether 17.5oz Ultralight Camping Sleeping Pad - Backpacking Air Mattress - Camping Mattress Pad - Compact Inflatable Sleeping Mat for Ba","1","amazon.com","Standard Orders","Amazon","Roanoke","VA","24014","MarketplaceFacilitator","-25.49","-1.35","0","0","0","0","0","0","0","0","1.35","3.06","0","0","0","-22.43","Released","Jan 22, 2026 8:23:13 AM PST"
"Jan 22, 2026 8:37:47 AM PST","25495925401","Order","112-9175581-9151464","Ether-01","Gear Doctors® Ether 17.5oz Ultralight Camping Sleeping Pad - Backpacking Air Mattress - Camping Mattress Pad - Compact Inflatable Sleeping Mat for Ba","1","amazon.com","Standard Orders","Amazon","Oakland","CA","94609","MarketplaceFacilitator","33.99","3.65","0","0","0","0","0","0","0","0","-3.65","-5.10","-5.42","0","0","23.47","Released","Jan 30, 2026 10:11:21 AM PST"
"Jan 22, 2026 8:47:05 AM PST","25495925401","Order","112-2545581-4684263","Ether-01","Gear Doctors® Ether 17.5oz Ultralight Camping Sleeping Pad - Backpacking Air Mattress - Camping Mattress Pad - Compact Inflatable Sleeping Mat for Ba","1","amazon.com","Standard Orders","Amazon","BRENHAM","TX","77833","MarketplaceFacilitator","33.99","2.29","0","0","0","0","0","0","0","0","-2.29","-5.10","-5.42","0","0","23.47","Released","Jan 31, 2026 5:37:06 AM PST"
"Jan 22, 2026 9:05:12 AM PST","25495925401","Order","112-5857873-3728206","GDApolloAir-02","Gear Doctors ApolloAir 5.2 R-Value [25oz] Ultralight Insulated Inflatable Camping Sleeping Pad - Backpacking Sleeping Pad - Camping Mattress Compact L","1","amazon.com","Standard Orders","Amazon","BOZEMAN","MT","59718","","89.99","0","0","0","0","0","0","0","0","0","0","-13.50","-6.08","0","0","70.41","Released","Jan 30, 2026 5:40:07 PM PST"
"Jan 22, 2026 9:07:00 AM PST","25495925401","Order","112-6585652-1506633","Ether-01","Gear Doctors® Ether 17.5oz Ultralight Camping Sleeping Pad - Backpacking Air Mattress - Camping Mattress Pad - Compact Inflatable Sleeping Mat for Ba","1","amazon.com","Standard Orders","Amazon","TUCSON","AZ","85745","MarketplaceFacilitator","33.99","2.96","0","0","0","0","0","0","0","0","-2.96","-5.10","-5.42","0","0","23.47","Released","Jan 31, 2026 5:53:08 AM PST"
"Jan 22, 2026 9:59:58 AM PST","25495925401","Order","113-0684460-5271401","Ether-01","Gear Doctors® Ether 17.5oz Ultralight Camping Sleeping Pad - Backpacking Air Mattress - Camping Mattress Pad - Compact Inflatable Sleeping Mat for Ba","1","amazon.com","Standard Orders","Amazon","BRANDON","SD","57005","MarketplaceFacilitator","33.99","2.11","0","0","0","0","0","0","0","0","-2.11","-5.10","-5.42","0","0","23.47","Released","Jan 31, 2026 2:53:18 AM PST"
"Jan 22, 2026 10:32:05 AM PST","25495925401","Order","112-3786162-4436223","GDClassic01","Gear Doctors Oxylus 4.3R-Value Insulated Foam Self Inflating Sleeping Pad Camping-Sleeping Pad Backpacking Air Mattress-Camping Mattress Self Inflatin","1","amazon.com","Standard Orders","Amazon","EVANS MILLS","NY","13637","MarketplaceFacilitator","37.49","3.00","0","0","0","0","0","0","0","0","-3.00","-5.62","-7.61","0","0","24.26","Released","Feb 1, 2026 12:59:26 AM PST"
"Jan 22, 2026 10:43:36 AM PST","25392467641","Adjustment","112-9659722-9048239","Ether-01","FBA Inventory Reimbursement - Customer Service Issue","1","","Standard Orders","","","","","","0","0","0","0","0","0","0","0","0","0","0","0","0","0","15.99","15.99","Released","Jan 22, 2026 10:43:36 AM PST"
"Jan 22, 2026 10:52:28 AM PST","25392467641","Service Fee","","","Cost of Advertising","","","Standard Orders","","","","","","0","0","0","0","0","0","0","0","0","0","0","0","0","-500.40","0","-500.40","Released","Jan 22, 2026 10:52:28 AM PST"
"Jan 22, 2026 10:53:32 AM PST","25495925401","Order","114-6119040-8811431","GDClassic01","Gear Doctors Oxylus 4.3R-Value Insulated Foam Self Inflating Sleeping Pad Camping-Sleeping Pad Backpacking Air Mattress-Camping Mattress Self Inflatin","2","amazon.com","Standard Orders","Amazon","CITRUS HEIGHTS","CA","95621","MarketplaceFacilitator","74.98","5.82","0","0","0","0","0","0","0","0","-5.82","-11.24","-15.22","0","0","48.52","Released","Feb 1, 2026 3:57:05 AM PST"
"Jan 22, 2026 11:22:43 AM PST","25495925401","Order","113-0457977-6787450","Ether-01","Gear Doctors® Ether 17.5oz Ultralight Camping Sleeping Pad - Backpacking Air Mattress - Camping Mattress Pad - Compact Inflatable Sleeping Mat for Ba","1","amazon.com","Standard Orders","Amazon","Brooklyn Park","MN","55428","MarketplaceFacilitator","33.99","2.90","2.99","0","0","0","0","0","-2.99","0","-2.90","-5.10","-5.42","0","0","23.47","Released","Jan 30, 2026 2:48:38 AM PST"
"Jan 22, 2026 11:26:56 AM PST","25495925401","Order","113-1401305-0005825","Ether-01","Gear Doctors® Ether 17.5oz Ultralight Camping Sleeping Pad - Backpacking Air Mattress - Camping Mattress Pad - Compact Inflatable Sleeping Mat for Ba","1","amazon.com","Standard Orders","Amazon","LILLINGTON","NC","27546","MarketplaceFacilitator","33.99","2.38","0.50","0","0","0","0","0","-0.50","0","-2.38","-5.10","-5.42","0","0","23.47","Released","Jan 30, 2026 7:38:30 AM PST"
"Jan 22, 2026 11:31:24 AM PST","25495925401","Order","113-2294417-7448225","GDApolloAir01","Gear Doctors ApolloAir 5.2 R-Value [17oz] Ultralight Insulated Inflatable Camping Sleeping Pad - Backpacking Sleeping Pad - Camping Mattress Compact L","1","amazon.com","Standard Orders","Amazon","BILLINGS","MT","59101","","84.99","0","0","0","0","0","0","0","0","0","0","-12.75","-5.68","0","0","66.56","Released","Jan 31, 2026 4:12:58 AM PST"
"Jan 22, 2026 11:31:30 AM PST","25495925401","Order","114-3554381-7826644","GDClassic01","Gear Doctors Oxylus 4.3R-Value Insulated Foam Self Inflating Sleeping Pad Camping-Sleeping Pad Backpacking Air Mattress-Camping Mattress Self Inflatin","1","amazon.com","Standard Orders","Amazon","PELHAM","NY","10803","MarketplaceFacilitator","37.49","3.14","2.99","0","0","0","0","0","-2.99","0","-3.14","-5.62","-7.61","0","0","24.26","Released","Jan 30, 2026 6:34:11 AM PST"
"Jan 22, 2026 11:56:55 AM PST","25495925401","Order","112-3751558-2032265","Ether-01","Gear Doctors® Ether 17.5oz Ultralight Camping Sleeping Pad - Backpacking Air Mattress - Camping Mattress Pad - Compact Inflatable Sleeping Mat for Ba","1","amazon.com","Standard Orders","Amazon","EL DORADO HILLS","CA","95762","MarketplaceFacilitator","33.99","2.46","0.99","0","0","0","0","0","-0.99","0","-2.46","-5.10","-5.42","0","0","23.47","Released","Jan 30, 2026 2:23:05 AM PST"
"Jan 22, 2026 12:02:48 PM PST","25495925401","Refund","114-8281364-6853015","Ether-01","Gear Doctors® Ether 17.5oz Ultralight Camping Sleeping Pad - Backpacking Air Mattress - Camping Mattress Pad - Compact Inflatable Sleeping Mat for Ba","1","amazon.com","Standard Orders","Amazon","LAWTON","OK","73501","MarketplaceFacilitator","-33.99","-3.06","0","0","0","0","0","0","0","0","3.06","4.08","0","0","0","-29.91","Released","Jan 28, 2026 10:17:17 PM PST"
"Jan 22, 2026 12:39:28 PM PST","25495925401","Order","111-8732191-5692236","Ether-01","Gear Doctors® Ether 17.5oz Ultralight Camping Sleeping Pad - Backpacking Air Mattress - Camping Mattress Pad - Compact Inflatable Sleeping Mat for Ba","1","amazon.com","Standard Orders","Amazon","Michigan City","IN","46360","MarketplaceFacilitator","33.99","2.38","0","0","0","0","0","0","0","0","-2.38","-5.10","-5.42","0","0","23.47","Released","Feb 4, 2026 1:57:07 AM PST"
"Jan 22, 2026 12:55:25 PM PST","25392467641","Refund","114-8285596-2884224","GDClassic01","Gear Doctors Oxylus 4.3R-Value Insulated Foam Self Inflating Sleeping Pad Camping-Sleeping Pad Backpacking Air Mattress-Camping Mattress Self Inflatin","1","amazon.com","Standard Orders","Amazon","CHULA VISTA","CA","91913","MarketplaceFacilitator","-37.49","-3.28","-1.83","0","0","0","0","0","1.83","0","3.28","4.50","0","0","0","-32.99","Released","Jan 22, 2026 12:55:25 PM PST"
"Jan 22, 2026 1:02:15 PM PST","25495925401","Order","113-9644955-1312237","Ether-01","Gear Doctors® Ether 17.5oz Ultralight Camping Sleeping Pad - Backpacking Air Mattress - Camping Mattress Pad - Compact Inflatable Sleeping Mat for Ba","1","amazon.com","Standard Orders","Amazon","HIGHLANDS RANCH","CO","80129","MarketplaceFacilitator","33.99","1.70","2.99","0","0","0","0","0","-2.99","0","-1.70","-5.10","-5.42","0","0","23.47","Released","Jan 30, 2026 5:54:31 AM PST"
"Jan 22, 2026 1:27:26 PM PST","25495925401","Order","112-0522177-0912214","Ether-01","Gear Doctors® Ether 17.5oz Ultralight Camping Sleeping Pad - Backpacking Air Mattress - Camping Mattress Pad - Compact Inflatable Sleeping Mat for Ba","1","amazon.com","Standard Orders","Amazon","BUDA","TX","78610","MarketplaceFacilitator","33.99","2.80","2.99","0","0","0","0","0","-2.99","0","-2.80","-5.10","-5.42","0","0","23.47","Released","Jan 30, 2026 4:14:39 AM PST"
"Jan 22, 2026 1:42:48 PM PST","25495925401","Order","113-9926339-9256201","GDClassic01","Gear Doctors Oxylus 4.3R-Value Insulated Foam Self Inflating Sleeping Pad Camping-Sleeping Pad Backpacking Air Mattress-Camping Mattress Self Inflatin","1","amazon.com","Standard Orders","Amazon","JACKSON","TN","38305","MarketplaceFacilitator","37.49","3.66","0","0","0","0","0","0","0","0","-3.66","-5.62","-7.61","0","0","24.26","Released","Jan 31, 2026 4:47:43 AM PST"
"Jan 22, 2026 1:42:50 PM PST","25392467641","Refund","114-7086954-7170634","GDClassic01","Gear Doctors Oxylus 4.3R-Value Insulated Foam Self Inflating Sleeping Pad Camping-Sleeping Pad Backpacking Air Mattress-Camping Mattress Self Inflatin","1","amazon.com","Standard Orders","Amazon","JUPITER","FL","33478","MarketplaceFacilitator","-37.49","-2.44","0","0","0","0","0","0","0","0","2.44","4.50","0","0","0","-32.99","Released","Jan 23, 2026 5:36:47 AM PST"
"Jan 22, 2026 1:45:22 PM PST","25392467641","Refund","112-9638535-3825868","GDClassic01","Gear Doctors Oxylus 4.3R-Value Insulated Foam Self Inflating Sleeping Pad Camping-Sleeping Pad Backpacking Air Mattress-Camping Mattress Self Inflatin","1","amazon.com","Standard Orders","Amazon","SUGAR HILL","GA","30518","MarketplaceFacilitator","-37.49","-2.25","0","0","0","0","0","0","0","0","2.25","4.50","0","0","0","-32.99","Released","Jan 22, 2026 1:45:22 PM PST"
"Jan 22, 2026 1:45:47 PM PST","25392467641","Refund","114-7086954-7170634","GDClassic01","Gear Doctors Oxylus 4.3R-Value Insulated Foam Self Inflating Sleeping Pad Camping-Sleeping Pad Backpacking Air Mattress-Camping Mattress Self Inflatin","1","amazon.com","Standard Orders","Amazon","JUPITER","FL","33478","MarketplaceFacilitator","-37.49","-2.44","0","0","0","0","0","0","0","0","2.44","4.50","0","0","0","-32.99","Released","Jan 22, 2026 9:23:52 PM PST"
"Jan 22, 2026 1:46:34 PM PST","25392467641","Refund","114-7086954-7170634","GDClassic01","Gear Doctors Oxylus 4.3R-Value Insulated Foam Self Inflating Sleeping Pad Camping-Sleeping Pad Backpacking Air Mattress-Camping Mattress Self Inflatin","1","amazon.com","Standard Orders","Amazon","JUPITER","FL","33478","MarketplaceFacilitator","-37.49","-2.44","0","0","0","0","0","0","0","0","2.44","4.50","0","0","0","-32.99","Released","Jan 23, 2026 5:08:07 AM PST"
"Jan 22, 2026 2:23:19 PM PST","25495925401","Order","113-5748236-7064203","Ether-01","Gear Doctors® Ether 17.5oz Ultralight Camping Sleeping Pad - Backpacking Air Mattress - Camping Mattress Pad - Compact Inflatable Sleeping Mat for Ba","1","amazon.com","Standard Orders","Amazon","SOMERVILLE","MA","02143","MarketplaceFacilitator","33.99","2.12","3.50","0","0","0","0","0","-3.50","0","-4.24","-10.20","-5.42","0","0","16.25","Released","Jan 30, 2026 7:14:22 AM PST"
"Jan 22, 2026 2:23:19 PM PST","25495925401","Order","113-5748236-7064203","Ether-01","Gear Doctors® Ether 17.5oz Ultralight Camping Sleeping Pad - Backpacking Air Mattress - Camping Mattress Pad - Compact Inflatable Sleeping Mat for Ba","1","amazon.com","Standard Orders","Amazon","SOMERVILLE","MA","02143","","33.99","2.12","3.49","0","0","0","0","0","-3.49","0","0","0","-5.42","0","0","30.69","Released","Jan 30, 2026 7:14:22 AM PST"
"Jan 22, 2026 2:46:28 PM PST","25392467641","Refund","112-9638535-3825868","GDClassic01","Gear Doctors Oxylus 4.3R-Value Insulated Foam Self Inflating Sleeping Pad Camping-Sleeping Pad Backpacking Air Mattress-Camping Mattress Self Inflatin","1","amazon.com","Standard Orders","Amazon","SUGAR HILL","GA","30518","MarketplaceFacilitator","-37.49","-2.25","0","0","0","0","0","0","0","0","2.25","4.50","0","0","0","-32.99","Released","Jan 22, 2026 2:46:28 PM PST"
"Jan 22, 2026 2:54:33 PM PST","25495925401","Order","111-6712400-3676209","GDCampingPillowOrange","Gear Doctors 3.5oz Compact Ultralight Inflatable Camping Pillow-Inflatable Camp Pillow-Backpacking Pillows Ultralight-Camping Pillows for Sleeping, Hi","1","amazon.com","Standard Orders","Amazon","DANBURY","CT","06811","MarketplaceFacilitator","14.99","0.95","0","0","0","0","0","0","0","0","-0.95","-2.25","-3.95","0","0","8.79","Released","Feb 1, 2026 4:29:36 AM PST"
"Jan 22, 2026 3:05:12 PM PST","25392467641","Refund","113-7815551-0361004","GDClassic01","Gear Doctors Oxylus 4.3R-Value Insulated Foam Self Inflating Sleeping Pad Camping-Sleeping Pad Backpacking Air Mattress-Camping Mattress Self Inflatin","1","amazon.com","Standard Orders","Amazon","CHANDLER","AZ","85249","MarketplaceFacilitator","-37.49","-2.92","0","0","0","0","0","0","0","0","2.92","4.50","0","0","0","-32.99","Released","Jan 22, 2026 3:05:12 PM PST"
"Jan 22, 2026 3:06:07 PM PST","25615550821","Order","111-8479316-6889824","Ether-01","Gear Doctors® Ether 17.5oz Ultralight Camping Sleeping Pad - Backpacking Air Mattress - Camping Mattress Pad - Compact Inflatable Sleeping Mat for Ba","1","amazon.com","Standard Orders","Amazon","APO","AE","09008","MarketplaceFacilitator","33.99","0","0","0","0","0","0","0","0","0","0","-5.10","-5.42","0","0","23.47","Released","Feb 18, 2026 6:07:45 AM PST"
"Jan 22, 2026 3:25:30 PM PST","25392467641","Refund","112-4064492-7071425","GDCampingPillowBlue","Gear Doctors 3.5oz Compact Ultralight Inflatable Camping Pillow -Inflatable Camp Pillow -Backpacking Pillows Ultralight-Camping Pillows for Sleeping,","1","amazon.com","Standard Orders","Amazon","CORAL GABLES","FL","33146","MarketplaceFacilitator","-14.99","-1.05","0","0","0","0","0","0","0","0","1.05","1.80","0","0","0","-13.19","Released","Jan 22, 2026 3:25:33 PM PST"
"Jan 22, 2026 3:50:33 PM PST","25495925401","Order","112-1794863-8853827","Ether-01","Gear Doctors® Ether 17.5oz Ultralight Camping Sleeping Pad - Backpacking Air Mattress - Camping Mattress Pad - Compact Inflatable Sleeping Mat for Ba","1","amazon.com","Standard Orders","Amazon","LAKE CHARLES","LA","70611","MarketplaceFacilitator","33.99","3.14","0","0","0","0","0","0","0","0","-3.14","-5.10","-5.42","0","0","23.47","Released","Jan 31, 2026 9:45:27 AM PST"
"Jan 22, 2026 4:18:38 PM PST","25392467641","Adjustment","113-0767153-0626666","GDCampingPillowOrange","FBA Inventory Reimbursement - Customer Return","1","","Standard Orders","","","","","","0","0","0","0","0","0","0","0","0","0","0","0","0","0","7.52","7.52","Released","Jan 22, 2026 4:18:38 PM PST"
"Jan 22, 2026 4:46:17 PM PST","25495925401","Order","114-9594440-7439452","GDClassic01","Gear Doctors Oxylus 4.3R-Value Insulated Foam Self Inflating Sleeping Pad Camping-Sleeping Pad Backpacking Air Mattress-Camping Mattress Self Inflatin","1","amazon.com","Standard Orders","Amazon","PELHAM","NY","10803","MarketplaceFacilitator","37.49","3.14","0","0","0","0","0","0","0","0","-3.14","-5.62","-7.61","0","0","24.26","Released","Jan 31, 2026 6:27:21 AM PST"
"Jan 22, 2026 4:53:22 PM PST","25495925401","Order","113-5649070-0049833","Ether-01","Gear Doctors® Ether 17.5oz Ultralight Camping Sleeping Pad - Backpacking Air Mattress - Camping Mattress Pad - Compact Inflatable Sleeping Mat for Ba","1","amazon.com","Standard Orders","Amazon","SILVERTON","OR","97381","","33.99","0","0","0","0","0","0","0","0","0","0","-5.10","-5.42","0","0","23.47","Released","Jan 30, 2026 9:34:40 PM PST"
"Jan 22, 2026 4:57:08 PM PST","25392467641","Refund","113-4848854-3832234","GDCampingPillowTeal","Gear Doctors 3.5oz Compact Ultralight Inflatable Camping Pillow - Inflatable Camp Pillow - Backpacking Pillows Ultralight- Camping Pillows for Sleepin","1","amazon.com","Standard Orders","Amazon","VERSAILLES","KY","40383","MarketplaceFacilitator","-14.99","-0.90","0","0","0","0","0","0","0","0","0.90","1.80","0","0","0","-13.19","Released","Jan 22, 2026 4:57:08 PM PST"
"Jan 22, 2026 5:35:09 PM PST","25392467641","Refund","113-6675061-4985000","Ether-01","Gear Doctors® Ether 17.5oz Ultralight Camping Sleeping Pad - Backpacking Air Mattress - Camping Mattress Pad - Compact Inflatable Sleeping Mat for Ba","1","amazon.com","Standard Orders","Amazon","RENTON","WA","98055","MarketplaceFacilitator","-33.99","-3.50","-2.99","0","0","0","0","0","2.99","0","3.50","4.08","0","0","0","-29.91","Released","Jan 22, 2026 5:35:09 PM PST"
"Jan 22, 2026 5:35:38 PM PST","25495925401","Order","111-6526026-4507403","GDCampingPillowOrange","Gear Doctors 3.5oz Compact Ultralight Inflatable Camping Pillow-Inflatable Camp Pillow-Backpacking Pillows Ultralight-Camping Pillows for Sleeping, Hi","1","amazon.com","Standard Orders","Amazon","SALT LAKE CITY","UT","84103","MarketplaceFacilitator","14.99","1.27","0","0","0","0","0","0","0","0","-1.27","-2.25","-3.95","0","0","8.79","Released","Jan 31, 2026 6:52:50 AM PST"
"Jan 22, 2026 5:55:36 PM PST","25392467641","Refund","113-9329151-2580234","Ether-01","Gear Doctors® Ether 17.5oz Ultralight Camping Sleeping Pad - Backpacking Air Mattress - Camping Mattress Pad - Compact Inflatable Sleeping Mat for Ba","1","amazon.com","Standard Orders","Amazon","WOODLAWN","TN","37191","MarketplaceFacilitator","-33.99","-3.23","0","0","0","0","0","0","0","0","3.23","4.08","0","0","0","-29.91","Released","Jan 22, 2026 5:55:36 PM PST"
"Jan 22, 2026 5:58:10 PM PST","25495925401","Order","113-2055855-4889817","Ether-01","Gear Doctors® Ether 17.5oz Ultralight Camping Sleeping Pad - Backpacking Air Mattress - Camping Mattress Pad - Compact Inflatable Sleeping Mat for Ba","1","amazon.com","Standard Orders","Amazon","COLLEGEVILLE","PENNSYLVANIA","19426","MarketplaceFacilitator","33.99","2.04","0","0","0","0","0","0","0","0","-2.04","-5.10","-5.42","0","0","23.47","Released","Jan 30, 2026 5:56:20 PM PST"
"Jan 22, 2026 6:04:46 PM PST","25392467641","Refund","113-4848854-3832234","GDCampingPillowBlue","Gear Doctors 3.5oz Compact Ultralight Inflatable Camping Pillow - Inflatable Camp Pillow - Backpacking Pillows Ultralight- Camping Pillows for Sleepin","1","amazon.com","Standard Orders","Amazon","VERSAILLES","KY","40383","MarketplaceFacilitator","-14.99","-0.90","0","0","0","0","0","0","0","0","0.90","1.80","0","0","0","-13.19","Released","Jan 22, 2026 6:04:46 PM PST"
"Jan 22, 2026 6:22:11 PM PST","25495925401","Order","114-6464638-1087425","GDApolloAir01","Gear Doctors ApolloAir 5.2 R-Value [17oz] Ultralight Insulated Inflatable Camping Sleeping Pad - Backpacking Sleeping Pad - Camping Mattress Compact L","1","amazon.com","Standard Orders","Amazon","ESCONDIDO","CA","92026","MarketplaceFacilitator","84.99","7.44","2.99","0","0","0","0","0","-2.99","0","-7.44","-12.75","-5.68","0","0","66.56","Released","Jan 30, 2026 7:02:06 AM PST"
"Jan 22, 2026 6:48:30 PM PST","25495925401","Order","111-5057040-2405855","Ether-01","Gear Doctors® Ether 17.5oz Ultralight Camping Sleeping Pad - Backpacking Air Mattress - Camping Mattress Pad - Compact Inflatable Sleeping Mat for Ba","1","amazon.com","Standard Orders","Amazon","SAGINAW","TX","76179","MarketplaceFacilitator","33.99","2.80","2.99","0","0","0","0","0","-2.99","0","-2.80","-5.10","-5.42","0","0","23.47","Released","Jan 30, 2026 5:15:43 AM PST"
"Jan 22, 2026 7:07:52 PM PST","25495925401","Order","114-0173556-5516204","Ether-01","Gear Doctors® Ether 17.5oz Ultralight Camping Sleeping Pad - Backpacking Air Mattress - Camping Mattress Pad - Compact Inflatable Sleeping Mat for Ba","1","amazon.com","Standard Orders","Amazon","ASHBURN","VA","20148","MarketplaceFacilitator","33.99","2.04","0","0","0","0","0","0","0","0","-2.04","-5.10","-5.42","0","0","23.47","Released","Jan 31, 2026 6:07:13 AM PST"
"Jan 22, 2026 7:07:52 PM PST","25495925401","Order","114-0173556-5516204","GDCampingPillowOrange","Gear Doctors 3.5oz Compact Ultralight Inflatable Camping Pillow-Inflatable Camp Pillow-Backpacking Pillows Ultralight-Camping Pillows for Sleeping, Hi","1","amazon.com","Standard Orders","Amazon","ASHBURN","VA","20148","MarketplaceFacilitator","14.99","0.90","0","0","0","0","0","0","0","0","-0.90","-2.25","-3.95","0","0","8.79","Released","Jan 31, 2026 6:07:13 AM PST"
"Jan 22, 2026 7:09:47 PM PST","25495925401","Order","114-7658774-1469808","Ether-01","Gear Doctors® Ether 17.5oz Ultralight Camping Sleeping Pad - Backpacking Air Mattress - Camping Mattress Pad - Compact Inflatable Sleeping Mat for Ba","1","amazon.com","Standard Orders","Amazon","FAYETTEVILLE","NC","28303","MarketplaceFacilitator","33.99","2.38","0","0","0","0","0","0","0","0","-2.38","-5.10","-5.42","0","0","23.47","Released","Jan 30, 2026 6:37:22 PM PST"
"Jan 22, 2026 7:24:30 PM PST","25495925401","Order","112-8404756-5365863","Ether-01","Gear Doctors® Ether 17.5oz Ultralight Camping Sleeping Pad - Backpacking Air Mattress - Camping Mattress Pad - Compact Inflatable Sleeping Mat for Ba","1","amazon.com","Standard Orders","Amazon","BOSTON","MA","02115","MarketplaceFacilitator","33.99","2.12","0","0","0","0","0","0","0","0","-2.12","-5.10","-5.42","0","0","23.47","Released","Jan 31, 2026 6:59:10 AM PST"
"Jan 22, 2026 7:26:10 PM PST","25495925401","Order","113-0704649-1723431","Ether-01","Gear Doctors® Ether 17.5oz Ultralight Camping Sleeping Pad - Backpacking Air Mattress - Camping Mattress Pad - Compact Inflatable Sleeping Mat for Ba","1","amazon.com","Standard Orders","Amazon","SAN FRANCISCO","CA","94114","MarketplaceFacilitator","33.99","2.93","0","0","0","0","0","0","0","0","-2.93","-5.10","-5.42","0","0","23.47","Released","Jan 31, 2026 1:54:47 AM PST"
"Jan 22, 2026 8:05:12 PM PST","25495925401","Order","112-5799016-5821029","Ether-01","Gear Doctors® Ether 17.5oz Ultralight Camping Sleeping Pad - Backpacking Air Mattress - Camping Mattress Pad - Compact Inflatable Sleeping Mat for Ba","1","amazon.com","Standard Orders","Amazon","SAN ANTONIO","TX","78260","MarketplaceFacilitator","33.99","2.80","2.99","0","0","0","0","0","-2.99","0","-2.80","-5.10","-5.42","0","0","23.47","Released","Jan 30, 2026 3:22:58 AM PST"
"Jan 22, 2026 8:09:54 PM PST","25495925401","Order","113-1702569-6094603","Ether-01","Gear Doctors® Ether 17.5oz Ultralight Camping Sleeping Pad - Backpacking Air Mattress - Camping Mattress Pad - Compact Inflatable Sleeping Mat for Ba","1","amazon.com","Standard Orders","Amazon","LUTHERVILLE TIMONIUM","MD","21093","MarketplaceFacilitator","33.99","2.04","2.99","0","0","0","0","0","-2.99","0","-2.04","-5.10","-5.42","0","0","23.47","Released","Jan 30, 2026 3:00:56 AM PST"
"Jan 22, 2026 8:10:06 PM PST","25495925401","Order","111-0571387-5970631","GDClassic01","Gear Doctors Oxylus 4.3R-Value Insulated Foam Self Inflating Sleeping Pad Camping-Sleeping Pad Backpacking Air Mattress-Camping Mattress Self Inflatin","1","amazon.com","Standard Orders","Amazon","MIAMI","FL","33181","MarketplaceFacilitator","37.49","2.62","0","0","0","0","0","0","0","0","-2.62","-5.62","-7.61","0","0","24.26","Released","Jan 31, 2026 8:26:26 AM PST"
"Jan 22, 2026 8:39:49 PM PST","25495925401","Order","111-6035335-8081804","Ether-01","Gear Doctors® Ether 17.5oz Ultralight Camping Sleeping Pad - Backpacking Air Mattress - Camping Mattress Pad - Compact Inflatable Sleeping Mat for Ba","1","amazon.com","Standard Orders","Amazon","STAFFORD","VA","22554","MarketplaceFacilitator","33.99","1.80","0","0","0","0","0","0","0","0","-1.80","-5.10","-5.42","0","0","23.47","Released","Jan 31, 2026 8:58:48 AM PST"
"Jan 22, 2026 8:49:00 PM PST","25392467641","Refund","112-7370581-2681008","Ether-01","Gear Doctors® Ether 17.5oz Ultralight Camping Sleeping Pad - Backpacking Air Mattress - Camping Mattress Pad - Compact Inflatable Sleeping Mat for Ba","1","amazon.com","Standard Orders","Amazon","CASSELBERRY","FL","32707","MarketplaceFacilitator","-33.99","-2.38","0","0","0","0","0","0","0","0","2.38","4.08","0","0","0","-29.91","Released","Jan 22, 2026 8:49:00 PM PST"
"Jan 22, 2026 9:06:30 PM PST","25495925401","Order","111-8959743-7505007","Ether-01","Gear Doctors® Ether 17.5oz Ultralight Camping Sleeping Pad - Backpacking Air Mattress - Camping Mattress Pad - Compact Inflatable Sleeping Mat for Ba","2","amazon.com","Standard Orders","Amazon","CHARLOTTE","NC","28210","MarketplaceFacilitator","67.98","4.92","0","0","0","0","0","0","0","0","-24.60","-51.00","-10.84","0","0","-13.54","Released","Jan 30, 2026 11:00:26 PM PST"
"Jan 22, 2026 9:06:30 PM PST","25495925401","Order","111-8959743-7505007","Ether-01","Gear Doctors® Ether 17.5oz Ultralight Camping Sleeping Pad - Backpacking Air Mattress - Camping Mattress Pad - Compact Inflatable Sleeping Mat for Ba","1","amazon.com","Standard Orders","Amazon","CHARLOTTE","NC","28210","","33.99","2.46","0","0","0","0","0","0","0","0","0","0","-5.42","0","0","31.03","Released","Jan 30, 2026 11:00:26 PM PST"
"Jan 22, 2026 9:06:30 PM PST","25495925401","Order","111-8959743-7505007","Ether-01","Gear Doctors® Ether 17.5oz Ultralight Camping Sleeping Pad - Backpacking Air Mattress - Camping Mattress Pad - Compact Inflatable Sleeping Mat for Ba","5","amazon.com","Standard Orders","Amazon","CHARLOTTE","NC","28210","","169.95","12.30","0","0","0","0","0","0","0","0","0","0","-27.10","0","0","155.15","Released","Jan 30, 2026 11:00:26 PM PST"
"Jan 22, 2026 9:06:30 PM PST","25495925401","Order","111-8959743-7505007","Ether-01","Gear Doctors® Ether 17.5oz Ultralight Camping Sleeping Pad - Backpacking Air Mattress - Camping Mattress Pad - Compact Inflatable Sleeping Mat for Ba","1","amazon.com","Standard Orders","Amazon","CHARLOTTE","NC","28210","","33.99","2.46","0","0","0","0","0","0","0","0","0","0","-5.42","0","0","31.03","Released","Jan 30, 2026 11:00:26 PM PST"
"Jan 22, 2026 9:06:30 PM PST","25495925401","Order","111-8959743-7505007","Ether-01","Gear Doctors® Ether 17.5oz Ultralight Camping Sleeping Pad - Backpacking Air Mattress - Camping Mattress Pad - Compact Inflatable Sleeping Mat for Ba","1","amazon.com","Standard Orders","Amazon","CHARLOTTE","NC","28210","","33.99","2.46","0","0","0","0","0","0","0","0","0","0","-5.42","0","0","31.03","Released","Jan 30, 2026 11:00:26 PM PST"
"Jan 22, 2026 9:10:58 PM PST","25495925401","Order","112-0162081-0177849","Ether-01","Gear Doctors® Ether 17.5oz Ultralight Camping Sleeping Pad - Backpacking Air Mattress - Camping Mattress Pad - Compact Inflatable Sleeping Mat for Ba","1","amazon.com","Standard Orders","Amazon","SAN DIEGO","CA","92115","MarketplaceFacilitator","33.99","2.63","0","0","0","0","0","0","0","0","-2.63","-5.10","-5.42","0","0","23.47","Released","Jan 31, 2026 1:38:39 AM PST"
"Jan 22, 2026 9:13:07 PM PST","25495925401","Order","113-4891243-1968221","Ether-01","Gear Doctors® Ether 17.5oz Ultralight Camping Sleeping Pad - Backpacking Air Mattress - Camping Mattress Pad - Compact Inflatable Sleeping Mat for Ba","1","amazon.com","Standard Orders","Amazon","WYOMING","PA","18644","MarketplaceFacilitator","33.99","1.84","1.49","0","0","0","0","0","-4.89","0","-1.84","-4.59","-5.42","0","0","20.58","Released","Jan 30, 2026 7:18:03 AM PST"
"Jan 22, 2026 9:28:06 PM PST","25495925401","Order","113-2897565-2559430","Ether-01","Gear Doctors® Ether 17.5oz Ultralight Camping Sleeping Pad - Backpacking Air Mattress - Camping Mattress Pad - Compact Inflatable Sleeping Mat for Ba","1","amazon.com","Standard Orders","Amazon","HOUSTON","TX","77077","MarketplaceFacilitator","33.99","2.80","0","0","0","0","0","0","0","0","-2.80","-5.10","-5.42","0","0","23.47","Released","Jan 31, 2026 3:59:24 AM PST"
"Jan 22, 2026 9:38:49 PM PST","25495925401","Order","114-7734069-6314601","Ether-01","Gear Doctors® Ether 17.5oz Ultralight Camping Sleeping Pad - Backpacking Air Mattress - Camping Mattress Pad - Compact Inflatable Sleeping Mat for Ba","1","amazon.com","Standard Orders","Amazon","LITHIA","FL","33547","MarketplaceFacilitator","33.99","2.42","0","0","0","0","0","0","-1.70","0","-4.84","-9.68","-5.42","0","0","14.77","Released","Jan 31, 2026 7:57:18 AM PST"
"Jan 22, 2026 9:38:49 PM PST","25495925401","Order","114-7734069-6314601","Ether-01","Gear Doctors® Ether 17.5oz Ultralight Camping Sleeping Pad - Backpacking Air Mattress - Camping Mattress Pad - Compact Inflatable Sleeping Mat for Ba","1","amazon.com","Standard Orders","Amazon","LITHIA","FL","33547","","33.99","2.42","0","0","0","0","0","0","-1.70","0","0","0","-5.42","0","0","29.29","Released","Jan 31, 2026 7:57:18 AM PST"
"Jan 22, 2026 9:42:59 PM PST","25495925401","Order","113-3254221-8818608","GDClassic01","Gear Doctors Oxylus 4.3R-Value Insulated Foam Self Inflating Sleeping Pad Camping-Sleeping Pad Backpacking Air Mattress-Camping Mattress Self Inflatin","1","amazon.com","Standard Orders","Amazon","VERONA","WI","53593","MarketplaceFacilitator","37.49","2.06","0","0","0","0","0","0","0","0","-4.12","-11.24","-7.61","0","0","16.58","Released","Feb 2, 2026 2:37:31 AM PST"
"Jan 22, 2026 9:42:59 PM PST","25495925401","Order","113-3254221-8818608","GDClassic01","Gear Doctors Oxylus 4.3R-Value Insulated Foam Self Inflating Sleeping Pad Camping-Sleeping Pad Backpacking Air Mattress-Camping Mattress Self Inflatin","1","amazon.com","Standard Orders","Amazon","VERONA","WI","53593","","37.49","2.06","0","0","0","0","0","0","0","0","0","0","-7.61","0","0","31.94","Released","Feb 2, 2026 2:37:31 AM PST"
"Jan 22, 2026 9:49:42 PM PST","25495925401","Order","112-1972636-2882639","GDCampingPillowBlue","Gear Doctors 3.5oz Compact Ultralight Inflatable Camping Pillow -Inflatable Camp Pillow -Backpacking Pillows Ultralight-Camping Pillows for Sleeping,","1","amazon.com","Standard Orders","Amazon","NECEDAH","WI","54646","MarketplaceFacilitator","14.99","0.82","0","0","0","0","0","0","0","0","-0.82","-2.25","-3.95","0","0","8.79","Released","Feb 2, 2026 3:09:15 AM PST"
"Jan 22, 2026 9:58:39 PM PST","25495925401","Order","112-6924212-6119445","Ether-01","Gear Doctors® Ether 17.5oz Ultralight Camping Sleeping Pad - Backpacking Air Mattress - Camping Mattress Pad - Compact Inflatable Sleeping Mat for Ba","3","amazon.com","Standard Orders","Amazon","CLAYTON","CA","94517","MarketplaceFacilitator","101.97","8.91","2.99","0","0","0","0","0","-2.99","0","-8.91","-15.30","-16.26","0","0","70.41","Released","Jan 30, 2026 6:27:55 AM PST"
"Jan 22, 2026 10:30:57 PM PST","25495925401","Order","112-0359128-4762665","Ether-01","Gear Doctors® Ether 17.5oz Ultralight Camping Sleeping Pad - Backpacking Air Mattress - Camping Mattress Pad - Compact Inflatable Sleeping Mat for Ba","1","amazon.com","Standard Orders","Amazon","WOODBRIDGE","VA","22192","MarketplaceFacilitator","33.99","2.04","0","0","0","0","0","0","0","0","-2.04","-5.10","-5.42","0","0","23.47","Released","Jan 30, 2026 11:32:50 AM PST"
"Jan 22, 2026 11:00:48 PM PST","25495925401","Order","113-1525380-7494645","Ether-01","Gear Doctors® Ether 17.5oz Ultralight Camping Sleeping Pad - Backpacking Air Mattress - Camping Mattress Pad - Compact Inflatable Sleeping Mat for Ba","1","amazon.com","Standard Orders","Amazon","DENVER","CO","80231","MarketplaceFacilitator","33.99","3.11","2.99","0","0","0","0","0","-2.99","0","-3.11","-5.10","-5.42","0","0","23.47","Released","Jan 30, 2026 6:12:36 AM PST"
"Jan 22, 2026 11:21:03 PM PST","25495925401","Order","111-6784454-9631441","Ether-01","Gear Doctors® Ether 17.5oz Ultralight Camping Sleeping Pad - Backpacking Air Mattress - Camping Mattress Pad - Compact Inflatable Sleeping Mat for Ba","1","amazon.com","Standard Orders","Amazon","SAN DIEGO","CA","92111","MarketplaceFacilitator","33.99","2.63","2.99","0","0","0","0","0","-2.99","0","-2.63","-5.10","-5.42","0","0","23.47","Released","Jan 30, 2026 7:21:01 AM PST"
"Jan 22, 2026 11:44:09 PM PST","25495925401","Refund","112-5893217-4005029","GDClassic01","Gear Doctors Oxylus 4.3R-Value Insulated Foam Self Inflating Sleeping Pad Camping-Sleeping Pad Backpacking Air Mattress-Camping Mattress Self Inflatin","1","amazon.com","Standard Orders","Amazon","SAINT LOUIS","MO","63129","MarketplaceFacilitator","-37.49","-1.58","0","0","0","0","0","0","0","0","1.58","4.50","0","0","0","-32.99","Released","Jan 28, 2026 10:16:49 PM PST"
"Jan 22, 2026 11:48:40 PM PST","25495925401","Order","111-4992402-6992253","Ether-01","Gear Doctors® Ether 17.5oz Ultralight Camping Sleeping Pad - Backpacking Air Mattress - Camping Mattress Pad - Compact Inflatable Sleeping Mat for Ba","1","amazon.com","Standard Orders","Amazon","FORT BENNING","GA","31905","MarketplaceFacilitator","33.99","2.72","0","0","0","0","0","0","0","0","-2.72","-5.10","-5.42","0","0","23.47","Released","Jan 31, 2026 7:54:06 AM PST"
"Jan 22, 2026 11:51:31 PM PST","25495925401","Order","112-0221096-0779432","Ether-01","Gear Doctors® Ether 17.5oz Ultralight Camping Sleeping Pad - Backpacking Air Mattress - Camping Mattress Pad - Compact Inflatable Sleeping Mat for Ba","1","amazon.com","Standard Orders","Amazon","DENVER","CO","80204","MarketplaceFacilitator","33.99","3.11","2.99","0","0","0","0","0","-2.99","0","-3.11","-5.10","-5.42","0","0","23.47","Released","Jan 30, 2026 7:58:36 AM PST"
"Jan 23, 2026 12:08:13 AM PST","25495925401","Order","111-7635755-0861856","Ether-01","Gear Doctors® Ether 17.5oz Ultralight Camping Sleeping Pad - Backpacking Air Mattress - Camping Mattress Pad - Compact Inflatable Sleeping Mat for Ba","1","amazon.com","Standard Orders","Amazon","WATERTOWN","WI","53094","MarketplaceFacilitator","33.99","1.87","6.99","0","0","0","0","0","-6.99","0","-1.87","-5.10","-5.42","0","0","23.47","Released","Feb 4, 2026 7:47:57 PM PST"
"Jan 23, 2026 12:09:20 AM PST","25495925401","Order","113-4647156-9207406","Ether-01","Gear Doctors® Ether 17.5oz Ultralight Camping Sleeping Pad - Backpacking Air Mattress - Camping Mattress Pad - Compact Inflatable Sleeping Mat for Ba","1","amazon.com","Standard Orders","Amazon","HOUSTON","TX","77057","MarketplaceFacilitator","33.99","2.80","0.98","0","0","0","0","0","-0.98","0","-2.80","-5.10","-5.42","0","0","23.47","Released","Jan 30, 2026 9:17:27 PM PST"
"Jan 23, 2026 12:10:14 AM PST","25495925401","Order","114-4151947-3029826","GDClassic01","Gear Doctors Oxylus 4.3R-Value Insulated Foam Self Inflating Sleeping Pad Camping-Sleeping Pad Backpacking Air Mattress-Camping Mattress Self Inflatin","1","amazon.com","Standard Orders","Amazon","LUTHERVILLE TIMONIUM","MD","21093","MarketplaceFacilitator","37.49","2.25","0.50","0","0","0","0","0","-0.50","0","-2.25","-5.62","-7.61","0","0","24.26","Released","Jan 30, 2026 3:58:04 AM PST"
"Jan 23, 2026 1:01:04 AM PST","25495925401","Order","114-8105877-7900225","Ether-01","Gear Doctors® Ether 17.5oz Ultralight Camping Sleeping Pad - Backpacking Air Mattress - Camping Mattress Pad - Compact Inflatable Sleeping Mat for Ba","1","amazon.com","Standard Orders","Amazon","OCEANSIDE","CA","92057","MarketplaceFacilitator","33.99","2.80","0","0","0","0","0","0","0","0","-2.80","-5.10","-5.42","0","0","23.47","Released","Jan 31, 2026 5:46:39 AM PST"
"Jan 23, 2026 1:52:23 AM PST","25495925401","Order","113-7950639-5358637","Ether-01","Gear Doctors® Ether 17.5oz Ultralight Camping Sleeping Pad - Backpacking Air Mattress - Camping Mattress Pad - Compact Inflatable Sleeping Mat for Ba","1","amazon.com","Standard Orders","Amazon","HIGHLANDS RANCH","CO","80130","MarketplaceFacilitator","33.99","1.70","2.99","0","0","0","0","0","-2.99","0","-1.70","-5.10","-5.42","0","0","23.47","Released","Jan 30, 2026 7:47:11 AM PST"
"Jan 23, 2026 2:09:29 AM PST","25495925401","Order","112-2529965-7193044","Ether-01","Gear Doctors® Ether 17.5oz Ultralight Camping Sleeping Pad - Backpacking Air Mattress - Camping Mattress Pad - Compact Inflatable Sleeping Mat for Ba","1","amazon.com","Standard Orders","Amazon","BROOKLYN","NY","11218","MarketplaceFacilitator","33.99","3.02","0","0","0","0","0","0","0","0","-3.02","-5.10","-5.42","0","0","23.47","Released","Jan 30, 2026 11:59:50 PM PST"
"Jan 23, 2026 2:24:36 AM PST","25495925401","Order","113-9846168-3953804","GDApolloAir-02","Gear Doctors ApolloAir 5.2 R-Value [25oz] Ultralight Insulated Inflatable Camping Sleeping Pad - Backpacking Sleeping Pad - Camping Mattress Compact L","1","amazon.com","Standard Orders","Amazon","HANFORD","CA","93230","MarketplaceFacilitator","89.99","7.42","2.99","0","0","0","0","0","-2.99","0","-7.42","-13.50","-6.08","0","0","70.41","Released","Jan 30, 2026 8:28:06 AM PST"
"Jan 23, 2026 3:27:04 AM PST","25495925401","Order","113-9325613-4977059","GDClassic01","Gear Doctors Oxylus 4.3R-Value Insulated Foam Self Inflating Sleeping Pad Camping-Sleeping Pad Backpacking Air Mattress-Camping Mattress Self Inflatin","1","amazon.com","Standard Orders","Amazon","NORTH RICHLAND HILLS","TX","76180","MarketplaceFacilitator","37.49","3.09","0","0","0","0","0","0","0","0","-6.18","-11.24","-7.61","0","0","15.55","Released","Jan 31, 2026 2:48:59 AM PST"
"Jan 23, 2026 3:27:04 AM PST","25495925401","Order","113-9325613-4977059","GDClassic01","Gear Doctors Oxylus 4.3R-Value Insulated Foam Self Inflating Sleeping Pad Camping-Sleeping Pad Backpacking Air Mattress-Camping Mattress Self Inflatin","1","amazon.com","Standard Orders","Amazon","NORTH RICHLAND HILLS","TX","76180","","37.49","3.09","0","0","0","0","0","0","0","0","0","0","-7.61","0","0","32.97","Released","Jan 31, 2026 2:48:59 AM PST"
"Jan 23, 2026 3:59:51 AM PST","25495925401","Order","111-9399196-8691457","Ether-01","Gear Doctors® Ether 17.5oz Ultralight Camping Sleeping Pad - Backpacking Air Mattress - Camping Mattress Pad - Compact Inflatable Sleeping Mat for Ba","1","amazon.com","Standard Orders","Amazon","SPRING","TX","77388","MarketplaceFacilitator","33.99","2.80","2.99","0","0","0","0","0","-2.99","0","-2.80","-5.10","-5.42","0","0","23.47","Released","Jan 30, 2026 10:48:49 PM PST"
"Jan 23, 2026 5:17:08 AM PST","25615550821","Order","111-9554029-5864220","Ether-01","Gear Doctors® Ether 17.5oz Ultralight Camping Sleeping Pad - Backpacking Air Mattress - Camping Mattress Pad - Compact Inflatable Sleeping Mat for Ba","1","amazon.com","Standard Orders","Amazon","BETHANY","WV","26032","MarketplaceFacilitator","33.99","2.04","6.99","0","0","0","0","0","-6.99","0","-2.04","-5.10","-5.42","0","0","23.47","Released","Feb 7, 2026 8:10:33 AM PST"
"Jan 23, 2026 6:31:53 AM PST","25495925401","Order","112-4131425-6695448","GDCampingPillowOrange","Gear Doctors 3.5oz Compact Ultralight Inflatable Camping Pillow-Inflatable Camp Pillow-Backpacking Pillows Ultralight-Camping Pillows for Sleeping, Hi","1","amazon.com","Standard Orders","Amazon","FORT MILL","SC","29708","MarketplaceFacilitator","14.99","1.05","0","0","0","0","0","0","0","0","-1.05","-2.25","-3.95","0","0","8.79","Released","Feb 4, 2026 2:59:54 AM PST"
"Jan 23, 2026 7:08:49 AM PST","25495925401","Order","111-5514779-5679418","Ether-01","Gear Doctors® Ether 17.5oz Ultralight Camping Sleeping Pad - Backpacking Air Mattress - Camping Mattress Pad - Compact Inflatable Sleeping Mat for Ba","1","amazon.com","Standard Orders","Amazon","ATLANTA","GA","30338","MarketplaceFacilitator","33.99","2.72","2.99","0","0","0","0","0","-2.99","0","-2.72","-5.10","-5.42","0","0","23.47","Released","Jan 30, 2026 10:30:11 PM PST"
"Jan 23, 2026 7:27:08 AM PST","25495925401","Order","112-0644326-6259455","Ether-01","Gear Doctors® Ether 17.5oz Ultralight Camping Sleeping Pad - Backpacking Air Mattress - Camping Mattress Pad - Compact Inflatable Sleeping Mat for Ba","1","amazon.com","Standard Orders","Amazon","SEATTLE","WA","98125","MarketplaceFacilitator","33.99","3.59","2.99","0","0","0","0","0","-2.99","0","-3.59","-5.10","-5.42","0","0","23.47","Released","Jan 31, 2026 5:10:52 AM PST"
"Jan 23, 2026 7:40:33 AM PST","25495925401","Order","112-9035420-5821056","GDClassic01","Gear Doctors Oxylus 4.3R-Value Insulated Foam Self Inflating Sleeping Pad Camping-Sleeping Pad Backpacking Air Mattress-Camping Mattress Self Inflatin","1","amazon.com","Standard Orders","Amazon","Manson","NC","27553","MarketplaceFacilitator","37.49","2.53","0","0","0","0","0","0","0","0","-2.53","-5.62","-7.61","0","0","24.26","Released","Feb 4, 2026 7:42:50 AM PST"
"Jan 23, 2026 8:03:34 AM PST","25495925401","Order","112-1857912-9245806","Ether-01","Gear Doctors® Ether 17.5oz Ultralight Camping Sleeping Pad - Backpacking Air Mattress - Camping Mattress Pad - Compact Inflatable Sleeping Mat for Ba","1","amazon.com","Standard Orders","Amazon","BAKERSFIELD","CA","93311","MarketplaceFacilitator","33.99","2.80","0.14","0","0","0","0","0","-0.14","0","-5.60","-10.20","-5.42","0","0","15.57","Released","Jan 31, 2026 2:43:11 AM PST"
"Jan 23, 2026 8:03:34 AM PST","25495925401","Order","112-1857912-9245806","Ether-01","Gear Doctors® Ether 17.5oz Ultralight Camping Sleeping Pad - Backpacking Air Mattress - Camping Mattress Pad - Compact Inflatable Sleeping Mat for Ba","1","amazon.com","Standard Orders","Amazon","BAKERSFIELD","CA","93311","","33.99","2.80","0.14","0","0","0","0","0","-0.14","0","0","0","-5.42","0","0","31.37","Released","Jan 31, 2026 2:43:11 AM PST"
"Jan 23, 2026 8:55:09 AM PST","25495925401","Order","111-9971753-8373050","GDApolloAir-02","Gear Doctors ApolloAir 5.2 R-Value [25oz] Ultralight Insulated Inflatable Camping Sleeping Pad - Backpacking Sleeping Pad - Camping Mattress Compact L","1","amazon.com","Standard Orders","Amazon","MANDEVILLE","LA","70471","MarketplaceFacilitator","89.99","7.49","0","0","0","0","0","0","-9.00","0","-7.49","-12.15","-6.08","0","0","62.76","Released","Feb 1, 2026 12:51:18 AM PST"
"Jan 23, 2026 10:02:51 AM PST","25495925401","Order","111-3297776-0915426","GDClassic01","Gear Doctors Oxylus 4.3R-Value Insulated Foam Self Inflating Sleeping Pad Camping-Sleeping Pad Backpacking Air Mattress-Camping Mattress Self Inflatin","1","amazon.com","Standard Orders","Amazon","STRASBURG","VA","22657","MarketplaceFacilitator","37.49","1.99","0","0","0","0","0","0","0","0","-1.99","-5.62","-7.61","0","0","24.26","Released","Feb 1, 2026 2:55:35 AM PST"
"Jan 23, 2026 10:08:28 AM PST","25495925401","Order","111-6582711-8984219","GDClassic01","Gear Doctors Oxylus 4.3R-Value Insulated Foam Self Inflating Sleeping Pad Camping-Sleeping Pad Backpacking Air Mattress-Camping Mattress Self Inflatin","1","amazon.com","Standard Orders","Amazon","BELLMORE","NY","11710","MarketplaceFacilitator","37.49","3.23","4.99","0.43","0","0","0","0","0","0","-3.66","-5.62","-12.60","0","0","24.26","Released","Jan 30, 2026 10:33:35 PM PST"
"Jan 23, 2026 10:36:29 AM PST","25495925401","Order","113-7396032-2213822","GDClassic01","Gear Doctors Oxylus 4.3R-Value Insulated Foam Self Inflating Sleeping Pad Camping-Sleeping Pad Backpacking Air Mattress-Camping Mattress Self Inflatin","1","amazon.com","Standard Orders","Amazon","SAN YSIDRO","CA","92173","MarketplaceFacilitator","37.49","2.91","2.99","0","0","0","0","0","-2.99","0","-2.91","-5.62","-7.61","0","0","24.26","Released","Jan 31, 2026 4:35:37 AM PST"
"Jan 23, 2026 11:25:59 AM PST","25495925401","Order","112-5885278-1849019","GDClassic01","Gear Doctors Oxylus 4.3R-Value Insulated Foam Self Inflating Sleeping Pad Camping-Sleeping Pad Backpacking Air Mattress-Camping Mattress Self Inflatin","1","amazon.com","Standard Orders","Amazon","WESTMINSTER","CO","80020","MarketplaceFacilitator","37.49","2.95","2.99","0","0","0","0","0","-6.74","0","-2.95","-5.06","-7.61","0","0","21.07","Released","Jan 31, 2026 9:24:30 AM PST"
"Jan 23, 2026 11:32:55 AM PST","25495925401","Order","111-8218957-9947466","Ether-01","Gear Doctors® Ether 17.5oz Ultralight Camping Sleeping Pad - Backpacking Air Mattress - Camping Mattress Pad - Compact Inflatable Sleeping Mat for Ba","1","amazon.com","Standard Orders","Amazon","Manvel","Texas","77578","MarketplaceFacilitator","33.99","2.80","2.99","0","0","0","0","0","-2.99","0","-2.80","-5.10","-5.42","0","0","23.47","Released","Jan 31, 2026 5:08:52 AM PST"
"Jan 23, 2026 11:35:49 AM PST","25495925401","Order","113-5164564-2146648","Ether-01","Gear Doctors® Ether 17.5oz Ultralight Camping Sleeping Pad - Backpacking Air Mattress - Camping Mattress Pad - Compact Inflatable Sleeping Mat for Ba","1","amazon.com","Standard Orders","Amazon","Jbsa Ft Sam Houston","TX","78234","MarketplaceFacilitator","33.99","2.80","0","0","0","0","0","0","0","0","-2.80","-5.10","-5.42","0","0","23.47","Released","Feb 3, 2026 8:52:11 AM PST"
"Jan 23, 2026 11:59:03 AM PST","25495925401","Order","111-5934644-5822607","GDCampingPillowOrange","Gear Doctors 3.5oz Compact Ultralight Inflatable Camping Pillow-Inflatable Camp Pillow-Backpacking Pillows Ultralight-Camping Pillows for Sleeping, Hi","1","amazon.com","Standard Orders","Amazon","CHICAGO","IL","60632","MarketplaceFacilitator","14.99","1.54","0","0","0","0","0","0","0","0","-1.54","-2.25","-3.95","0","0","8.79","Released","Feb 1, 2026 6:32:03 AM PST"
"Jan 23, 2026 12:05:33 PM PST","25495925401","Order","111-7598009-1137821","Ether-01","Gear Doctors® Ether 17.5oz Ultralight Camping Sleeping Pad - Backpacking Air Mattress - Camping Mattress Pad - Compact Inflatable Sleeping Mat for Ba","1","amazon.com","Standard Orders","Amazon","FARMINGTON","ME","04938","MarketplaceFacilitator","33.99","1.87","0","0","0","0","0","0","0","0","-1.87","-5.10","-5.42","0","0","23.47","Released","Jan 31, 2026 6:18:04 AM PST"
"Jan 23, 2026 12:37:23 PM PST","25495925401","Order","114-8776906-5276251","GDClassic01","Gear Doctors Oxylus 4.3R-Value Insulated Foam Self Inflating Sleeping Pad Camping-Sleeping Pad Backpacking Air Mattress-Camping Mattress Self Inflatin","1","amazon.com","Standard Orders","Amazon","KEARNEY","NE","68845","MarketplaceFacilitator","37.49","2.62","0","0","0","0","0","0","0","0","-2.62","-5.62","-7.61","0","0","24.26","Released","Feb 4, 2026 9:11:25 PM PST"
"Jan 23, 2026 1:32:04 PM PST","25495925401","Order","111-2698420-4676243","Ether-01","Gear Doctors® Ether 17.5oz Ultralight Camping Sleeping Pad - Backpacking Air Mattress - Camping Mattress Pad - Compact Inflatable Sleeping Mat for Ba","1","amazon.com","Standard Orders","Amazon","WILLOW SPRING","NC","27592","MarketplaceFacilitator","33.99","2.46","1.49","0","0","0","0","0","-1.49","0","-4.92","-10.20","-5.42","0","0","15.91","Released","Jan 31, 2026 6:41:24 AM PST"
"Jan 23, 2026 1:32:04 PM PST","25495925401","Order","111-2698420-4676243","Ether-01","Gear Doctors® Ether 17.5oz Ultralight Camping Sleeping Pad - Backpacking Air Mattress - Camping Mattress Pad - Compact Inflatable Sleeping Mat for Ba","1","amazon.com","Standard Orders","Amazon","WILLOW SPRING","NC","27592","","33.99","2.46","1.50","0","0","0","0","0","-1.50","0","0","0","-5.42","0","0","31.03","Released","Jan 31, 2026 6:41:24 AM PST"
"Jan 23, 2026 1:58:55 PM PST","25392467641","Refund","112-6641718-4287422","GDClassic01","Gear Doctors Oxylus 4.3R-Value Insulated Foam Self Inflating Sleeping Pad Camping-Sleeping Pad Backpacking Air Mattress-Camping Mattress Self Inflatin","1","amazon.com","Standard Orders","Amazon","Dardanelle","AR","72834","MarketplaceFacilitator","-37.49","-2.86","0","0","0","0","0","0","0","0","2.86","4.50","0","0","0","-32.99","Released","Jan 23, 2026 1:58:55 PM PST"
"Jan 23, 2026 1:58:55 PM PST","25495925401","Refund","112-5106692-7298658","GDApolloAir01","Gear Doctors ApolloAir 5.2 R-Value [17oz] Ultralight Insulated Inflatable Camping Sleeping Pad - Backpacking Sleeping Pad - Camping Mattress Compact L","1","amazon.com","Standard Orders","Amazon","SANDY","UT","84093","MarketplaceFacilitator","-84.99","-6.02","0","0","0","0","0","0","4.25","0","6.02","9.69","0","0","0","-71.05","Released","Jan 29, 2026 1:07:26 PM PST"
"Jan 23, 2026 2:08:22 PM PST","25392467641","Refund","111-7604876-3921807","GDApolloAir-02","Gear Doctors ApolloAir 5.2 R-Value [25oz] Ultralight Insulated Inflatable Camping Sleeping Pad - Backpacking Sleeping Pad - Camping Mattress Compact L","1","amazon.com","Standard Orders","Amazon","MONONA","WI","53716","MarketplaceFacilitator","-85.49","-4.70","-2.17","0","0","0","0","0","2.17","0","4.70","10.26","0","0","0","-75.23","Released","Jan 23, 2026 2:08:22 PM PST"
"Jan 23, 2026 2:16:26 PM PST","25495925401","Order","112-7390193-6329019","Ether-01","Gear Doctors® Ether 17.5oz Ultralight Camping Sleeping Pad - Backpacking Air Mattress - Camping Mattress Pad - Compact Inflatable Sleeping Mat for Ba","1","amazon.com","Standard Orders","Amazon","BRONX","NY","10464","MarketplaceFacilitator","33.99","3.02","0","0","0","0","0","0","0","0","-3.02","-5.10","-5.42","0","0","23.47","Released","Feb 1, 2026 8:17:24 AM PST"
"Jan 23, 2026 2:21:13 PM PST","25495925401","Order","114-1258463-4429806","Ether-01","Gear Doctors® Ether 17.5oz Ultralight Camping Sleeping Pad - Backpacking Air Mattress - Camping Mattress Pad - Compact Inflatable Sleeping Mat for Ba","2","amazon.com","Standard Orders","Amazon","SAN JOSE","CA","95126","MarketplaceFacilitator","67.98","6.38","2.99","0","0","0","0","0","-2.99","0","-6.38","-10.20","-10.84","0","0","46.94","Released","Jan 31, 2026 1:41:52 PM PST"
"Jan 23, 2026 3:06:32 PM PST","25495925401","Order","113-4619630-8493839","Ether-01","Gear Doctors® Ether 17.5oz Ultralight Camping Sleeping Pad - Backpacking Air Mattress - Camping Mattress Pad - Compact Inflatable Sleeping Mat for Ba","1","amazon.com","Standard Orders","Amazon","COLUMBIA","SC","29212","MarketplaceFacilitator","33.99","2.38","0","0","0","0","0","0","0","0","-2.38","-5.10","-5.42","0","0","23.47","Released","Feb 1, 2026 6:12:26 AM PST"
"Jan 23, 2026 3:12:28 PM PST","25495925401","Order","113-6216934-1916233","Ether-01","Gear Doctors® Ether 17.5oz Ultralight Camping Sleeping Pad - Backpacking Air Mattress - Camping Mattress Pad - Compact Inflatable Sleeping Mat for Ba","1","amazon.com","Standard Orders","Amazon","HOGANSVILLE","GA","30230","MarketplaceFacilitator","33.99","2.38","0","0","0","0","0","0","0","0","-2.38","-5.10","-5.42","0","0","23.47","Released","Feb 1, 2026 6:27:09 AM PST"
"Jan 23, 2026 3:37:00 PM PST","25495925401","Order","114-1520978-5725058","GDCampingPillowOrange","Gear Doctors 3.5oz Compact Ultralight Inflatable Camping Pillow-Inflatable Camp Pillow-Backpacking Pillows Ultralight-Camping Pillows for Sleeping, Hi","1","amazon.com","Standard Orders","Amazon","LOS ANGELES","CA","90029","MarketplaceFacilitator","14.99","1.46","6.99","0","0","0","0","0","-6.99","0","-1.46","-2.25","-3.95","0","0","8.79","Released","Jan 31, 2026 10:45:14 PM PST"
"Jan 23, 2026 3:38:32 PM PST","25495925401","Order","112-3424626-1686620","Ether-01","Gear Doctors® Ether 17.5oz Ultralight Camping Sleeping Pad - Backpacking Air Mattress - Camping Mattress Pad - Compact Inflatable Sleeping Mat for Ba","1","amazon.com","Standard Orders","Amazon","GLENDALE","CA","91207","MarketplaceFacilitator","33.99","3.57","0","0","0","0","0","0","0","0","-3.57","-5.10","-5.42","0","0","23.47","Released","Feb 1, 2026 5:06:05 AM PST"
"Jan 23, 2026 3:39:39 PM PST","25392467641","Order_Retrocharge","113-7127444-9802609","","retrocharge for orderid 113-7127444-9802609","","Amazon.com","Standard Orders","","","","","","0","2.12","0","0","0","0","0","0","0","0","-2.12","0","0","0","0","0","Released","Jan 23, 2026 3:39:39 PM PST"
"Jan 23, 2026 4:40:45 PM PST","25495925401","Order","114-4187213-6825841","Ether-01","Gear Doctors® Ether 17.5oz Ultralight Camping Sleeping Pad - Backpacking Air Mattress - Camping Mattress Pad - Compact Inflatable Sleeping Mat for Ba","1","amazon.com","Standard Orders","Amazon","SOMERSET","MA","02726","MarketplaceFacilitator","33.99","2.12","0","0","0","0","0","0","0","0","-2.12","-5.10","-5.42","0","0","23.47","Released","Feb 1, 2026 11:23:31 AM PST"
"Jan 23, 2026 5:23:13 PM PST","25495925401","Order","113-4259530-0152267","GDApolloAir01","Gear Doctors ApolloAir 5.2 R-Value [17oz] Ultralight Insulated Inflatable Camping Sleeping Pad - Backpacking Sleeping Pad - Camping Mattress Compact L","1","amazon.com","Standard Orders","Amazon","PALM DESERT","CA","92260","MarketplaceFacilitator","84.99","7.06","0","0","0","0","0","0","-4.25","0","-7.06","-12.11","-5.68","0","0","62.95","Released","Jan 31, 2026 10:41:19 PM PST"
"Jan 23, 2026 5:35:33 PM PST","25495925401","Order","114-0470269-7115425","Ether-01","Gear Doctors® Ether 17.5oz Ultralight Camping Sleeping Pad - Backpacking Air Mattress - Camping Mattress Pad - Compact Inflatable Sleeping Mat for Ba","1","amazon.com","Standard Orders","Amazon","TACOMA","WA","98409","MarketplaceFacilitator","33.99","3.43","0.42","0","0","0","0","0","-0.42","0","-6.86","-10.20","-5.42","0","0","14.94","Released","Jan 31, 2026 7:53:49 AM PST"
"Jan 23, 2026 5:35:33 PM PST","25495925401","Order","114-0470269-7115425","Ether-01","Gear Doctors® Ether 17.5oz Ultralight Camping Sleeping Pad - Backpacking Air Mattress - Camping Mattress Pad - Compact Inflatable Sleeping Mat for Ba","1","amazon.com","Standard Orders","Amazon","TACOMA","WA","98409","","33.99","3.43","0.43","0","0","0","0","0","-0.43","0","0","0","-5.42","0","0","32.00","Released","Jan 31, 2026 7:53:49 AM PST"
"Jan 23, 2026 6:01:50 PM PST","25495925401","Order","113-8030545-9691452","GDClassic01","Gear Doctors Oxylus 4.3R-Value Insulated Foam Self Inflating Sleeping Pad Camping-Sleeping Pad Backpacking Air Mattress-Camping Mattress Self Inflatin","1","amazon.com","Standard Orders","Amazon","COLORADO SPRINGS","CO","80917","MarketplaceFacilitator","37.49","3.07","3.17","0","0","0","0","0","-3.17","0","-3.07","-5.62","-7.61","0","0","24.26","Released","Feb 1, 2026 2:22:29 PM PST"
"Jan 23, 2026 6:19:08 PM PST","25495925401","Order","113-0832196-5019421","Ether-01","Gear Doctors® Ether 17.5oz Ultralight Camping Sleeping Pad - Backpacking Air Mattress - Camping Mattress Pad - Compact Inflatable Sleeping Mat for Ba","1","amazon.com","Standard Orders","Amazon","OCEAN SHORES","WA","98569","MarketplaceFacilitator","33.99","3.09","0","0","0","0","0","0","0","0","-3.09","-5.10","-5.42","0","0","23.47","Released","Feb 1, 2026 5:46:16 PM PST"
"Jan 23, 2026 6:50:22 PM PST","25495925401","Order","113-4595694-5374658","GDClassic01","Gear Doctors Oxylus 4.3R-Value Insulated Foam Self Inflating Sleeping Pad Camping-Sleeping Pad Backpacking Air Mattress-Camping Mattress Self Inflatin","1","amazon.com","Standard Orders","Amazon","SAN ANTONIO","TX","78220","MarketplaceFacilitator","37.49","0","0","0","0","0","0","0","0","0","0","-5.62","-7.61","0","0","24.26","Released","Feb 2, 2026 10:31:46 PM PST"
"Jan 23, 2026 6:55:28 PM PST","25495925401","Order","114-8304101-6233035","Ether-01","Gear Doctors® Ether 17.5oz Ultralight Camping Sleeping Pad - Backpacking Air Mattress - Camping Mattress Pad - Compact Inflatable Sleeping Mat for Ba","1","amazon.com","Standard Orders","Amazon","KAYSVILLE","UT","84037","MarketplaceFacilitator","33.99","2.46","0","0","0","0","0","0","0","0","-2.46","-5.10","-5.42","0","0","23.47","Released","Feb 1, 2026 2:33:36 AM PST"
"Jan 23, 2026 7:10:35 PM PST","25495925401","Order","112-7265000-6105864","Ether-01","Gear Doctors® Ether 17.5oz Ultralight Camping Sleeping Pad - Backpacking Air Mattress - Camping Mattress Pad - Compact Inflatable Sleeping Mat for Ba","1","amazon.com","Standard Orders","Amazon","LINCOLN","NE","68506","MarketplaceFacilitator","33.99","2.46","0","0","0","0","0","0","0","0","-2.46","-5.10","-5.42","0","0","23.47","Released","Feb 1, 2026 4:42:50 AM PST"
"Jan 23, 2026 7:31:11 PM PST","25495925401","Order","112-0196583-0553050","Ether-01","Gear Doctors® Ether 17.5oz Ultralight Camping Sleeping Pad - Backpacking Air Mattress - Camping Mattress Pad - Compact Inflatable Sleeping Mat for Ba","1","amazon.com","Standard Orders","Amazon","SAN DIEGO","CA","92126","MarketplaceFacilitator","33.99","2.63","2.99","0","0","0","0","0","-2.99","0","-2.63","-5.10","-5.42","0","0","23.47","Released","Jan 31, 2026 6:09:22 AM PST"
"Jan 23, 2026 7:33:10 PM PST","25495925401","Order","114-8936514-5804259","GDClassic01","Gear Doctors Oxylus 4.3R-Value Insulated Foam Self Inflating Sleeping Pad Camping-Sleeping Pad Backpacking Air Mattress-Camping Mattress Self Inflatin","1","amazon.com","Standard Orders","Amazon","TAMPA","FL","33625","MarketplaceFacilitator","37.49","2.81","0","0","0","0","0","0","0","0","-2.81","-5.62","-7.61","0","0","24.26","Released","Feb 2, 2026 3:45:15 AM PST"
"Jan 23, 2026 8:16:37 PM PST","25495925401","Order","112-9205075-3220219","Ether-01","Gear Doctors® Ether 17.5oz Ultralight Camping Sleeping Pad - Backpacking Air Mattress - Camping Mattress Pad - Compact Inflatable Sleeping Mat for Ba","1","amazon.com","Standard Orders","Amazon","HARRISBURG","NC","28075","MarketplaceFacilitator","33.99","2.38","2.99","0","0","0","0","0","-2.99","0","-2.38","-5.10","-5.42","0","0","23.47","Released","Jan 31, 2026 2:31:24 AM PST"
"Jan 23, 2026 9:23:56 PM PST","25495925401","Order","114-0531292-7625862","GDCampingPillowOrange","Gear Doctors 3.5oz Compact Ultralight Inflatable Camping Pillow-Inflatable Camp Pillow-Backpacking Pillows Ultralight-Camping Pillows for Sleeping, Hi","1","amazon.com","Standard Orders","Amazon","SANTA ANA","CA","92704","MarketplaceFacilitator","14.99","1.39","0","0","0","0","0","0","0","0","-1.39","-2.25","-3.95","0","0","8.79","Released","Feb 1, 2026 5:55:54 AM PST"
"Jan 23, 2026 9:42:07 PM PST","25495925401","Order","111-7126349-9222641","Ether-01","Gear Doctors® Ether 17.5oz Ultralight Camping Sleeping Pad - Backpacking Air Mattress - Camping Mattress Pad - Compact Inflatable Sleeping Mat for Ba","1","amazon.com","Standard Orders","Amazon","CHICAGO","IL","60632","MarketplaceFacilitator","33.99","3.48","2.99","0","0","0","0","0","-2.99","0","-3.48","-5.10","-5.42","0","0","23.47","Released","Jan 31, 2026 4:31:22 AM PST"
"Jan 23, 2026 9:43:07 PM PST","25495925401","Order","111-8952836-7840245","Ether-01","Gear Doctors® Ether 17.5oz Ultralight Camping Sleeping Pad - Backpacking Air Mattress - Camping Mattress Pad - Compact Inflatable Sleeping Mat for Ba","1","amazon.com","Standard Orders","Amazon","ALBANY","OR","97322","","33.99","0","0","0","0","0","0","0","0","0","0","-5.10","-5.42","0","0","23.47","Released","Jan 31, 2026 5:56:05 PM PST"
"Jan 23, 2026 10:02:19 PM PST","25495925401","Order","114-0154793-1238600","GDCampingPillowOrange","Gear Doctors 3.5oz Compact Ultralight Inflatable Camping Pillow-Inflatable Camp Pillow-Backpacking Pillows Ultralight-Camping Pillows for Sleeping, Hi","1","amazon.com","Standard Orders","Amazon","SAN JOSE","CA","95148","MarketplaceFacilitator","14.99","1.26","0","0","0","0","0","0","-1.50","0","-1.26","-2.02","-3.95","0","0","7.52","Released","Jan 31, 2026 7:30:12 PM PST"
"Jan 23, 2026 11:10:53 PM PST","25495925401","Order","113-8837605-4004200","Ether-01","Gear Doctors® Ether 17.5oz Ultralight Camping Sleeping Pad - Backpacking Air Mattress - Camping Mattress Pad - Compact Inflatable Sleeping Mat for Ba","1","amazon.com","Standard Orders","Amazon","LOS ANGELES","CA","90015","MarketplaceFacilitator","33.99","3.31","1.00","0","0","0","0","0","-1.00","0","-3.31","-5.10","-5.42","0","0","23.47","Released","Jan 31, 2026 7:12:08 AM PST"
"Jan 23, 2026 11:14:54 PM PST","25495925401","Order","112-8103609-1015461","Ether-01","Gear Doctors® Ether 17.5oz Ultralight Camping Sleeping Pad - Backpacking Air Mattress - Camping Mattress Pad - Compact Inflatable Sleeping Mat for Ba","1","amazon.com","Standard Orders","Amazon","CLIFTON","NJ","07011","MarketplaceFacilitator","33.99","2.25","0","0","0","0","0","0","0","0","-2.25","-5.10","-5.42","0","0","23.47","Released","Jan 31, 2026 10:36:19 PM PST"
"Jan 23, 2026 11:50:41 PM PST","25495925401","Order","112-4481440-8617825","Ether-01","Gear Doctors® Ether 17.5oz Ultralight Camping Sleeping Pad - Backpacking Air Mattress - Camping Mattress Pad - Compact Inflatable Sleeping Mat for Ba","1","amazon.com","Standard Orders","Amazon","SAN DIEGO","CA","92119","MarketplaceFacilitator","33.99","2.63","2.99","0","0","0","0","0","-2.99","0","-2.63","-5.10","-5.42","0","0","23.47","Released","Feb 1, 2026 8:08:42 AM PST"
"Jan 23, 2026 11:59:29 PM PST","25495925401","Order","114-0738929-7548209","Ether-01","Gear Doctors® Ether 17.5oz Ultralight Camping Sleeping Pad - Backpacking Air Mattress - Camping Mattress Pad - Compact Inflatable Sleeping Mat for Ba","2","amazon.com","Standard Orders","Amazon","CYPRESS","CA","90630","MarketplaceFacilitator","67.98","5.26","2.99","0","0","0","0","0","-2.99","0","-5.26","-10.20","-10.84","0","0","46.94","Released","Jan 31, 2026 5:54:09 AM PST"
"Jan 24, 2026 12:04:58 AM PST","25495925401","Service Fee","","","Cost of Advertising","","","Standard Orders","","","","","","0","0","0","0","0","0","0","0","0","0","0","0","0","-500.72","0","-500.72","Released","Jan 24, 2026 12:04:58 AM PST"
"Jan 24, 2026 12:19:01 AM PST","25495925401","Adjustment","114-1962721-7813008","Ether-01","FBA Inventory Reimbursement - Customer Service Issue","1","","Standard Orders","","","","","","0","0","0","0","0","0","0","0","0","0","0","0","0","0","23.21","23.21","Released","Jan 24, 2026 12:19:01 AM PST"
"Jan 24, 2026 12:24:18 AM PST","25495925401","Order","111-1279064-8926645","GDClassic01","Gear Doctors Oxylus 4.3R-Value Insulated Foam Self Inflating Sleeping Pad Camping-Sleeping Pad Backpacking Air Mattress-Camping Mattress Self Inflatin","1","amazon.com","Standard Orders","Amazon","OMAK","WA","98841","MarketplaceFacilitator","37.49","3.19","6.99","0","0","0","0","0","-6.99","0","-3.19","-5.62","-7.61","0","0","24.26","Released","Feb 4, 2026 4:51:16 AM PST"
"Jan 24, 2026 12:47:41 AM PST","25495925401","Order","114-7338198-9973834","GDApolloAir-02","Gear Doctors ApolloAir 5.2 R-Value [25oz] Ultralight Insulated Inflatable Camping Sleeping Pad - Backpacking Sleeping Pad - Camping Mattress Compact L","1","amazon.com","Standard Orders","Amazon","BAKERSFIELD","CA","93314","MarketplaceFacilitator","89.99","7.42","0.74","0","0","0","0","0","-0.74","0","-7.42","-13.50","-6.08","0","0","70.41","Released","Jan 31, 2026 5:50:15 AM PST"
"Jan 24, 2026 12:56:52 AM PST","25495925401","Order","111-7516758-4645065","Ether-01","Gear Doctors® Ether 17.5oz Ultralight Camping Sleeping Pad - Backpacking Air Mattress - Camping Mattress Pad - Compact Inflatable Sleeping Mat for Ba","1","amazon.com","Standard Orders","Amazon","TALLAHASSEE","FL","32311","MarketplaceFacilitator","33.99","2.55","0","0","0","0","0","0","0","0","-2.55","-5.10","-5.42","0","0","23.47","Released","Feb 4, 2026 9:42:13 PM PST"
"Jan 24, 2026 12:57:20 AM PST","25495925401","Order","113-3337311-3785064","Ether-01","Gear Doctors® Ether 17.5oz Ultralight Camping Sleeping Pad - Backpacking Air Mattress - Camping Mattress Pad - Compact Inflatable Sleeping Mat for Ba","1","amazon.com","Standard Orders","Amazon","SEATTLE","WA","98125","MarketplaceFacilitator","33.99","3.59","0","0","0","0","0","0","0","0","-3.59","-5.10","-5.42","0","0","23.47","Released","Feb 1, 2026 6:02:06 AM PST"
"Jan 24, 2026 12:59:48 AM PST","25495925401","Order","111-3864822-9526652","GDClassic01","Gear Doctors Oxylus 4.3R-Value Insulated Foam Self Inflating Sleeping Pad Camping-Sleeping Pad Backpacking Air Mattress-Camping Mattress Self Inflatin","1","amazon.com","Standard Orders","Amazon","Venice","CA","90291","MarketplaceFacilitator","37.49","3.29","0","0","0","0","0","0","-3.75","0","-3.29","-5.06","-7.61","0","0","21.07","Released","Feb 1, 2026 3:32:54 AM PST"
"Jan 24, 2026 1:23:32 AM PST","25495925401","Order","112-0935038-0840262","Ether-01","Gear Doctors® Ether 17.5oz Ultralight Camping Sleeping Pad - Backpacking Air Mattress - Camping Mattress Pad - Compact Inflatable Sleeping Mat for Ba","1","amazon.com","Standard Orders","Amazon","MENLO PARK","CA","94025","MarketplaceFacilitator","33.99","3.19","2.99","0","0","0","0","0","-2.99","0","-3.19","-5.10","-5.42","0","0","23.47","Released","Jan 31, 2026 7:53:59 AM PST"
"Jan 24, 2026 2:05:08 AM PST","25495925401","Order","114-3536519-4565814","GDClassic01","Gear Doctors Oxylus 4.3R-Value Insulated Foam Self Inflating Sleeping Pad Camping-Sleeping Pad Backpacking Air Mattress-Camping Mattress Self Inflatin","1","amazon.com","Standard Orders","Amazon","FT CARSON","CO","80902","MarketplaceFacilitator","37.49","1.92","0","0","0","0","0","0","0","0","-1.92","-5.62","-7.61","0","0","24.26","Released","Feb 1, 2026 5:38:51 AM PST"
"Jan 24, 2026 2:05:42 AM PST","25495925401","Order","113-7555189-3249028","Ether-01","Gear Doctors® Ether 17.5oz Ultralight Camping Sleeping Pad - Backpacking Air Mattress - Camping Mattress Pad - Compact Inflatable Sleeping Mat for Ba","1","amazon.com","Standard Orders","Amazon","TRACY","CA","95376","MarketplaceFacilitator","33.99","2.80","0","0","0","0","0","0","0","0","-2.80","-5.10","-5.42","0","0","23.47","Released","Feb 1, 2026 7:43:22 AM PST"
"Jan 24, 2026 2:20:57 AM PST","25615550821","Order","114-1509375-6498636","Ether-01","Gear Doctors® Ether 17.5oz Ultralight Camping Sleeping Pad - Backpacking Air Mattress - Camping Mattress Pad - Compact Inflatable Sleeping Mat for Ba","1","amazon.com","Standard Orders","Amazon","Ramat gan","Israel","52","","33.99","0","13.37","0","0","0","0","0","-13.37","0","0","-5.10","-5.42","0","0","23.47","Released","Feb 7, 2026 11:32:39 PM PST"
"Jan 24, 2026 2:32:08 AM PST","25495925401","Order","113-8182298-4349825","Ether-01","Gear Doctors® Ether 17.5oz Ultralight Camping Sleeping Pad - Backpacking Air Mattress - Camping Mattress Pad - Compact Inflatable Sleeping Mat for Ba","1","amazon.com","Standard Orders","Amazon","ATHENS","GA","30606","MarketplaceFacilitator","33.99","2.72","0","0","0","0","0","0","0","0","-2.72","-5.10","-5.42","0","0","23.47","Released","Feb 4, 2026 5:48:40 AM PST"
"Jan 24, 2026 2:34:45 AM PST","25495925401","Order","111-3153508-4267455","Ether-01","Gear Doctors® Ether 17.5oz Ultralight Camping Sleeping Pad - Backpacking Air Mattress - Camping Mattress Pad - Compact Inflatable Sleeping Mat for Ba","2","amazon.com","Standard Orders","Amazon","NOBLESVILLE","IN","46062","MarketplaceFacilitator","67.98","4.76","1.99","0","0","0","0","0","-1.99","0","-4.76","-10.20","-10.84","0","0","46.94","Released","Jan 31, 2026 6:33:40 AM PST"
"Jan 24, 2026 2:36:01 AM PST","25495925401","Order","111-4692436-0429861","Ether-01","Gear Doctors® Ether 17.5oz Ultralight Camping Sleeping Pad - Backpacking Air Mattress - Camping Mattress Pad - Compact Inflatable Sleeping Mat for Ba","1","amazon.com","Standard Orders","Amazon","TACOMA","WA","98405","MarketplaceFacilitator","33.99","3.50","2.99","0","0","0","0","0","-2.99","0","-3.50","-5.10","-5.42","0","0","23.47","Released","Jan 31, 2026 8:01:16 AM PST"
"Jan 24, 2026 3:35:32 AM PST","25495925401","Order","111-1167185-5391456","Ether-01","Gear Doctors® Ether 17.5oz Ultralight Camping Sleeping Pad - Backpacking Air Mattress - Camping Mattress Pad - Compact Inflatable Sleeping Mat for Ba","1","amazon.com","Standard Orders","Amazon","NORTHRIDGE","CA","91343","MarketplaceFacilitator","33.99","3.31","0","0","0","0","0","0","0","0","-3.31","-5.10","-5.42","0","0","23.47","Released","Jan 31, 2026 11:20:03 PM PST"
"Jan 24, 2026 6:30:44 AM PST","25495925401","Order","112-7854189-5275402","Ether-01","Gear Doctors® Ether 17.5oz Ultralight Camping Sleeping Pad - Backpacking Air Mattress - Camping Mattress Pad - Compact Inflatable Sleeping Mat for Ba","1","amazon.com","Standard Orders","Amazon","SPRINGFIELD","VA","22153","MarketplaceFacilitator","33.99","2.04","0.75","0","0","0","0","0","-0.75","0","-2.04","-5.10","-5.42","0","0","23.47","Released","Feb 1, 2026 6:36:37 AM PST"
"Jan 24, 2026 6:54:07 AM PST","25495925401","Order","111-4495496-6019402","Ether-01","Gear Doctors® Ether 17.5oz Ultralight Camping Sleeping Pad - Backpacking Air Mattress - Camping Mattress Pad - Compact Inflatable Sleeping Mat for Ba","1","amazon.com","Standard Orders","Amazon","EUGENE","OR","97403","","33.99","0","0","0","0","0","0","0","0","0","0","-5.10","-5.42","0","0","23.47","Released","Feb 3, 2026 11:32:05 AM PST"
"Jan 24, 2026 8:23:59 AM PST","25495925401","Order","111-7160362-1089062","Ether-01","Gear Doctors® Ether 17.5oz Ultralight Camping Sleeping Pad - Backpacking Air Mattress - Camping Mattress Pad - Compact Inflatable Sleeping Mat for Ba","1","amazon.com","Standard Orders","Amazon","PALMETTO BAY","FL","33157","MarketplaceFacilitator","33.99","2.38","3.42","0","0","0","0","0","-3.42","0","-2.38","-5.10","-5.42","0","0","23.47","Released","Feb 2, 2026 2:36:56 AM PST"
"Jan 24, 2026 9:24:30 AM PST","25495925401","Refund","113-8573715-5894629","Ether-01","Gear Doctors® Ether 17.5oz Ultralight Camping Sleeping Pad - Backpacking Air Mattress - Camping Mattress Pad - Compact Inflatable Sleeping Mat for Ba","1","amazon.com","Standard Orders","Amazon","STEPHENS CITY","VA","22655","MarketplaceFacilitator","-33.99","-1.80","0","0","0","0","0","0","0","0","1.80","4.08","0","0","0","-29.91","Released","Jan 29, 2026 3:53:08 AM PST"
"Jan 24, 2026 9:29:37 AM PST","25495925401","Order","114-7277579-3529002","GDClassic01","Gear Doctors Oxylus 4.3R-Value Insulated Foam Self Inflating Sleeping Pad Camping-Sleeping Pad Backpacking Air Mattress-Camping Mattress Self Inflatin","1","amazon.com","Standard Orders","Amazon","CLYDE HILL","WA","98004","MarketplaceFacilitator","37.49","3.86","1.49","0","0","0","0","0","-1.49","0","-3.86","-5.62","-7.61","0","0","24.26","Released","Feb 1, 2026 6:09:29 AM PST"
"Jan 24, 2026 9:46:19 AM PST","25495925401","Order","113-0208409-0668208","Ether-01","Gear Doctors® Ether 17.5oz Ultralight Camping Sleeping Pad - Backpacking Air Mattress - Camping Mattress Pad - Compact Inflatable Sleeping Mat for Ba","1","amazon.com","Standard Orders","Amazon","LAFAYETTE","LA","70506","MarketplaceFacilitator","33.99","3.06","2.99","0","0","0","0","0","-2.99","0","-3.06","-5.10","-5.42","0","0","23.47","Released","Feb 1, 2026 6:42:40 AM PST"
"Jan 24, 2026 11:13:45 AM PST","25495925401","Refund","113-8380196-7676248","GDClassic01","Gear Doctors Oxylus 4.3R-Value Insulated Foam Self Inflating Sleeping Pad Camping-Sleeping Pad Backpacking Air Mattress-Camping Mattress Self Inflatin","1","amazon.com","Standard Orders","Amazon","NEW ROCHELLE","NY","10801","MarketplaceFacilitator","-37.49","-3.14","-0.75","0","0","0","0","0","0.75","0","3.14","4.50","0","0","0","-32.99","Released","Jan 24, 2026 11:13:45 AM PST"
"Jan 24, 2026 12:38:19 PM PST","25495925401","Order","114-2801097-3721820","GDCampingPillowOrange","Gear Doctors 3.5oz Compact Ultralight Inflatable Camping Pillow-Inflatable Camp Pillow-Backpacking Pillows Ultralight-Camping Pillows for Sleeping, Hi","1","amazon.com","Standard Orders","Amazon","SEATTLE","WA","98144","MarketplaceFacilitator","14.99","1.58","0.12","0","0","0","0","0","-0.12","0","-1.58","-2.25","-3.95","0","0","8.79","Released","Feb 2, 2026 12:03:16 AM PST"
"Jan 24, 2026 12:59:53 PM PST","25495925401","Order","111-5104011-0901060","Ether-01","Gear Doctors® Ether 17.5oz Ultralight Camping Sleeping Pad - Backpacking Air Mattress - Camping Mattress Pad - Compact Inflatable Sleeping Mat for Ba","1","amazon.com","Standard Orders","Amazon","WASHINGTON","DC","20015","MarketplaceFacilitator","33.99","2.04","0.99","0","0","0","0","0","-0.99","0","-2.04","-5.10","-5.42","0","0","23.47","Released","Feb 1, 2026 8:39:17 AM PST"
"Jan 24, 2026 1:10:08 PM PST","25495925401","Order","112-2895653-3123456","GDApolloAir-02","Gear Doctors ApolloAir 5.2 R-Value [25oz] Ultralight Insulated Inflatable Camping Sleeping Pad - Backpacking Sleeping Pad - Camping Mattress Compact L","1","amazon.com","Standard Orders","Amazon","LIGHTHOUSE POINT","FL","33064","MarketplaceFacilitator","89.99","6.30","0","0","0","0","0","0","0","0","-6.30","-13.50","-6.08","0","0","70.41","Released","Feb 2, 2026 6:12:35 AM PST"
"Jan 24, 2026 2:04:08 PM PST","25495925401","Refund","111-9122381-9377847","Ether-01","Gear Doctors® Ether 17.5oz Ultralight Camping Sleeping Pad - Backpacking Air Mattress - Camping Mattress Pad - Compact Inflatable Sleeping Mat for Ba","1","amazon.com","Standard Orders","Amazon","WASHINGTON","DC","20003","MarketplaceFacilitator","-33.99","-2.04","0","0","0","0","0","0","0","0","2.04","4.08","0","0","0","-29.91","Released","Jan 24, 2026 2:04:08 PM PST"
"Jan 24, 2026 2:04:24 PM PST","25495925401","Refund","114-4985979-8128267","Ether-01","Gear Doctors® Ether 17.5oz Ultralight Camping Sleeping Pad - Backpacking Air Mattress - Camping Mattress Pad - Compact Inflatable Sleeping Mat for Ba","1","amazon.com","Standard Orders","Amazon","ABERDEEN","SD","57401","MarketplaceFacilitator","-33.99","-2.11","0","0","0","0","0","0","0","0","2.11","4.08","0","0","0","-29.91","Released","Jan 27, 2026 1:26:30 PM PST"
"Jan 24, 2026 2:33:15 PM PST","25495925401","Order","114-6860823-2537823","GDClassic01","Gear Doctors Oxylus 4.3R-Value Insulated Foam Self Inflating Sleeping Pad Camping-Sleeping Pad Backpacking Air Mattress-Camping Mattress Self Inflatin","1","amazon.com","Standard Orders","Amazon","RANCHO CORDOVA","CA","95670","MarketplaceFacilitator","37.49","3.28","0","0","0","0","0","0","0","0","-3.28","-5.62","-7.61","0","0","24.26","Released","Feb 2, 2026 12:46:03 AM PST"
"Jan 24, 2026 2:58:29 PM PST","25495925401","Order","114-7061160-3216258","Ether-01","Gear Doctors® Ether 17.5oz Ultralight Camping Sleeping Pad - Backpacking Air Mattress - Camping Mattress Pad - Compact Inflatable Sleeping Mat for Ba","1","amazon.com","Standard Orders","Amazon","PINOLE","CA","94564","MarketplaceFacilitator","33.99","3.48","0","0","0","0","0","0","0","0","-3.48","-5.10","-5.42","0","0","23.47","Released","Feb 2, 2026 3:02:32 AM PST"
"Jan 24, 2026 4:36:25 PM PST","25495925401","Order","111-3280508-9146626","Ether-01","Gear Doctors® Ether 17.5oz Ultralight Camping Sleeping Pad - Backpacking Air Mattress - Camping Mattress Pad - Compact Inflatable Sleeping Mat for Ba","1","amazon.com","Standard Orders","Amazon","CALDWELL","ID","83605","MarketplaceFacilitator","33.99","2.04","2.99","0","0","0","0","0","-2.99","0","-2.04","-5.10","-5.42","0","0","23.47","Released","Feb 1, 2026 7:46:59 AM PST"
"Jan 24, 2026 5:43:28 PM PST","25495925401","Refund","114-0731068-5020220","Ether-01","Gear Doctors® Ether 17.5oz Ultralight Camping Sleeping Pad - Backpacking Air Mattress - Camping Mattress Pad - Compact Inflatable Sleeping Mat for Ba","1","amazon.com","Standard Orders","Amazon","Linden","NJ","07036","MarketplaceFacilitator","-33.99","-2.25","0","0","0","0","0","0","0","0","2.25","4.08","0","0","0","-29.91","Released","Jan 27, 2026 7:36:51 AM PST"
"Jan 24, 2026 6:02:41 PM PST","25495925401","Order","114-9313650-0972220","Ether-01","Gear Doctors® Ether 17.5oz Ultralight Camping Sleeping Pad - Backpacking Air Mattress - Camping Mattress Pad - Compact Inflatable Sleeping Mat for Ba","2","amazon.com","Standard Orders","Amazon","MICHIGAN CITY","IN","46360","MarketplaceFacilitator","67.98","4.76","0","0","0","0","0","0","0","0","-4.76","-10.20","-10.84","0","0","46.94","Released","Feb 3, 2026 6:11:28 AM PST"
"Jan 24, 2026 6:22:42 PM PST","25495925401","Order","114-9427719-9282613","Ether-01","Gear Doctors® Ether 17.5oz Ultralight Camping Sleeping Pad - Backpacking Air Mattress - Camping Mattress Pad - Compact Inflatable Sleeping Mat for Ba","1","amazon.com","Standard Orders","Amazon","LOS ANGELES","CA","90042","MarketplaceFacilitator","33.99","3.31","2.99","0","0","0","0","0","-2.99","0","-3.31","-5.10","-5.42","0","0","23.47","Released","Feb 1, 2026 5:29:15 PM PST"
"Jan 24, 2026 6:39:12 PM PST","25495925401","Refund","111-7269081-6973837","GDApolloAir01","Gear Doctors ApolloAir 5.2 R-Value [17oz] Ultralight Insulated Inflatable Camping Sleeping Pad - Backpacking Sleeping Pad - Camping Mattress Compact L","1","amazon.com","Standard Orders","Amazon","CAMBRIDGE","MA","02138","MarketplaceFacilitator","-67.99","-4.25","0","0","0","0","0","0","0","0","4.25","8.16","0","0","0","-59.83","Released","Jan 24, 2026 6:39:12 PM PST"
"Jan 24, 2026 7:07:49 PM PST","25495925401","Order","114-7209341-6506647","Ether-01","Gear Doctors® Ether 17.5oz Ultralight Camping Sleeping Pad - Backpacking Air Mattress - Camping Mattress Pad - Compact Inflatable Sleeping Mat for Ba","1","amazon.com","Standard Orders","Amazon","PEWAUKEE","WI","53072","MarketplaceFacilitator","33.99","1.70","0","0","0","0","0","0","0","0","-1.70","-5.10","-5.42","0","0","23.47","Released","Feb 2, 2026 1:16:32 AM PST"
"Jan 24, 2026 8:00:49 PM PST","25495925401","Order","113-7861760-8784239","GDCampingPillowBlue","Gear Doctors 3.5oz Compact Ultralight Inflatable Camping Pillow -Inflatable Camp Pillow -Backpacking Pillows Ultralight-Camping Pillows for Sleeping,","1","amazon.com","Standard Orders","Amazon","PORTLAND","OR","97206","","14.99","0","0","0","0","0","0","0","0","0","0","-2.25","-3.95","0","0","8.79","Released","Feb 2, 2026 4:01:22 AM PST"
"Jan 24, 2026 8:51:41 PM PST","25495925401","Order","112-9454655-6152228","GDCampingPillowBlue","Gear Doctors 3.5oz Compact Ultralight Inflatable Camping Pillow -Inflatable Camp Pillow -Backpacking Pillows Ultralight-Camping Pillows for Sleeping,","1","amazon.com","Standard Orders","Amazon","FRANKLIN","NH","03235","","14.99","0","0","0","0","0","0","0","0","0","0","-2.25","-3.95","0","0","8.79","Released","Feb 5, 2026 8:12:29 AM PST"
"Jan 24, 2026 9:58:47 PM PST","25495925401","Order","112-6222642-0178617","Ether-01","Gear Doctors® Ether 17.5oz Ultralight Camping Sleeping Pad - Backpacking Air Mattress - Camping Mattress Pad - Compact Inflatable Sleeping Mat for Ba","1","amazon.com","Standard Orders","Amazon","MINNEAPOLIS","MN","55406","MarketplaceFacilitator","33.99","3.07","2.99","0","0","0","0","0","-2.99","0","-3.07","-5.10","-5.42","0","0","23.47","Released","Feb 1, 2026 4:47:12 AM PST"
"Jan 24, 2026 10:13:36 PM PST","25495925401","Refund","112-4346749-9897824","Ether-01","Gear Doctors® Ether 17.5oz Ultralight Camping Sleeping Pad - Backpacking Air Mattress - Camping Mattress Pad - Compact Inflatable Sleeping Mat for Ba","1","amazon.com","Standard Orders","Amazon","WEST NEW YORK","NJ","07093","MarketplaceFacilitator","-25.49","-1.69","0","0","0","0","0","0","0","0","5.07","9.17","0","0","0","-12.94","Released","Jan 24, 2026 10:13:36 PM PST"
"Jan 24, 2026 10:13:36 PM PST","25495925401","Refund","112-4346749-9897824","Ether-01","Gear Doctors® Ether 17.5oz Ultralight Camping Sleeping Pad - Backpacking Air Mattress - Camping Mattress Pad - Compact Inflatable Sleeping Mat for Ba","2","amazon.com","Standard Orders","Amazon","WEST NEW YORK","NJ","07093","","-50.98","-3.38","0","0","0","0","0","0","0","0","0","0","0","0","0","-54.36","Released","Jan 24, 2026 10:13:36 PM PST"
"Jan 24, 2026 10:15:13 PM PST","25495925401","Refund","112-4346749-9897824","Ether-01","Gear Doctors® Ether 17.5oz Ultralight Camping Sleeping Pad - Backpacking Air Mattress - Camping Mattress Pad - Compact Inflatable Sleeping Mat for Ba","1","amazon.com","Standard Orders","Amazon","WEST NEW YORK","NJ","07093","MarketplaceFacilitator","-25.49","-1.69","0","0","0","0","0","0","0","0","1.69","3.06","0","0","0","-22.43","Released","Jan 24, 2026 10:15:13 PM PST"
"Jan 24, 2026 10:23:20 PM PST","25495925401","Refund","112-9568131-4447452","Ether-01","Gear Doctors® Ether 17.5oz Ultralight Camping Sleeping Pad - Backpacking Air Mattress - Camping Mattress Pad - Compact Inflatable Sleeping Mat for Ba","1","amazon.com","Standard Orders","Amazon","HOOVER","AL","35226","MarketplaceFacilitator","-33.99","-2.72","-2.99","0","0","0","0","0","2.99","0","2.72","4.08","0","0","0","-29.91","Released","Jan 24, 2026 10:23:20 PM PST"
"Jan 24, 2026 10:39:14 PM PST","25495925401","Order","114-1773272-8171437","GDCampingPillowOrange","Gear Doctors 3.5oz Compact Ultralight Inflatable Camping Pillow-Inflatable Camp Pillow-Backpacking Pillows Ultralight-Camping Pillows for Sleeping, Hi","1","amazon.com","Standard Orders","Amazon","GERVAIS","OR","97026","","14.99","0","0","0","0","0","0","0","-1.50","0","0","-2.02","-3.95","0","0","7.52","Released","Feb 3, 2026 11:16:52 PM PST"
"Jan 24, 2026 11:05:52 PM PST","25495925401","Order","114-1263253-9469046","Ether-01","Gear Doctors® Ether 17.5oz Ultralight Camping Sleeping Pad - Backpacking Air Mattress - Camping Mattress Pad - Compact Inflatable Sleeping Mat for Ba","1","amazon.com","Standard Orders","Amazon","SAN DIEGO","CA","92101","MarketplaceFacilitator","33.99","2.63","0","0","0","0","0","0","0","0","-2.63","-5.10","-5.42","0","0","23.47","Released","Feb 1, 2026 6:25:54 PM PST"
"Jan 24, 2026 11:25:23 PM PST","25495925401","Order","113-9089546-9070634","GDClassic01","Gear Doctors Oxylus 4.3R-Value Insulated Foam Self Inflating Sleeping Pad Camping-Sleeping Pad Backpacking Air Mattress-Camping Mattress Self Inflatin","1","amazon.com","Standard Orders","Amazon","Las Vegas","Nevada","89146","MarketplaceFacilitator","37.49","3.14","2.99","0","0","0","0","0","-2.99","0","-3.14","-5.62","-7.61","0","0","24.26","Released","Feb 2, 2026 4:01:05 AM PST"
"Jan 25, 2026 12:54:59 AM PST","25495925401","Order","112-1767688-0294635","GDCampingPillowOrange","Gear Doctors 3.5oz Compact Ultralight Inflatable Camping Pillow-Inflatable Camp Pillow-Backpacking Pillows Ultralight-Camping Pillows for Sleeping, Hi","1","amazon.com","Standard Orders","Amazon","COEUR D ALENE","ID","83814","MarketplaceFacilitator","14.99","0.90","0","0","0","0","0","0","0","0","-0.90","-2.25","-3.95","0","0","8.79","Released","Feb 5, 2026 5:05:02 AM PST"
"Jan 25, 2026 1:10:17 AM PST","25495925401","Order","113-9798342-5569865","Ether-01","Gear Doctors® Ether 17.5oz Ultralight Camping Sleeping Pad - Backpacking Air Mattress - Camping Mattress Pad - Compact Inflatable Sleeping Mat for Ba","2","amazon.com","Standard Orders","Amazon","LA MIRADA","CA","90638","MarketplaceFacilitator","67.98","6.62","1.20","0","0","0","0","0","-1.20","0","-6.62","-10.20","-10.84","0","0","46.94","Released","Feb 1, 2026 7:13:40 AM PST"
"Jan 25, 2026 1:11:57 AM PST","25495925401","Order","111-3724983-9701005","Ether-01","Gear Doctors® Ether 17.5oz Ultralight Camping Sleeping Pad - Backpacking Air Mattress - Camping Mattress Pad - Compact Inflatable Sleeping Mat for Ba","1","amazon.com","Standard Orders","Amazon","CLAYTON","CA","94517","MarketplaceFacilitator","33.99","2.97","0","0","0","0","0","0","0","0","-5.94","-10.20","-5.42","0","0","15.40","Released","Feb 1, 2026 10:47:59 PM PST"
"Jan 25, 2026 1:11:57 AM PST","25495925401","Order","111-3724983-9701005","Ether-01","Gear Doctors® Ether 17.5oz Ultralight Camping Sleeping Pad - Backpacking Air Mattress - Camping Mattress Pad - Compact Inflatable Sleeping Mat for Ba","1","amazon.com","Standard Orders","Amazon","CLAYTON","CA","94517","","33.99","2.97","0","0","0","0","0","0","0","0","0","0","-5.42","0","0","31.54","Released","Feb 1, 2026 10:47:59 PM PST"
"Jan 25, 2026 1:41:12 AM PST","25495925401","Order","113-9761524-3572247","Ether-01","Gear Doctors® Ether 17.5oz Ultralight Camping Sleeping Pad - Backpacking Air Mattress - Camping Mattress Pad - Compact Inflatable Sleeping Mat for Ba","1","amazon.com","Standard Orders","Amazon","POWAY","CA","92064","MarketplaceFacilitator","33.99","2.63","2.99","0","0","0","0","0","-2.99","0","-2.63","-5.10","-5.42","0","0","23.47","Released","Feb 1, 2026 8:19:15 AM PST"
"Jan 25, 2026 1:45:23 AM PST","25495925401","Order","112-2154627-9117801","Ether-01","Gear Doctors® Ether 17.5oz Ultralight Camping Sleeping Pad - Backpacking Air Mattress - Camping Mattress Pad - Compact Inflatable Sleeping Mat for Ba","1","amazon.com","Standard Orders","Amazon","COEUR D ALENE","ID","83814","MarketplaceFacilitator","33.99","2.04","0","0","0","0","0","0","0","0","-2.04","-5.10","-5.42","0","0","23.47","Released","Feb 2, 2026 12:54:05 AM PST"
"Jan 25, 2026 2:12:58 AM PST","25495925401","Order","111-6120859-4329842","Ether-01","Gear Doctors® Ether 17.5oz Ultralight Camping Sleeping Pad - Backpacking Air Mattress - Camping Mattress Pad - Compact Inflatable Sleeping Mat for Ba","1","amazon.com","Standard Orders","Amazon","LOS ANGELES","CA","90036","MarketplaceFacilitator","33.99","3.31","1.49","0","0","0","0","0","-1.49","0","-3.31","-5.10","-5.42","0","0","23.47","Released","Feb 1, 2026 7:47:52 AM PST"
"Jan 25, 2026 2:23:20 AM PST","25495925401","Order","113-2919164-6620215","GDCampingPillowOrange","Gear Doctors 3.5oz Compact Ultralight Inflatable Camping Pillow-Inflatable Camp Pillow-Backpacking Pillows Ultralight-Camping Pillows for Sleeping, Hi","1","amazon.com","Standard Orders","Amazon","SPOKANE","WA","99208","MarketplaceFacilitator","14.99","1.33","0","0","0","0","0","0","0","0","-1.33","-2.25","-3.95","0","0","8.79","Released","Feb 4, 2026 5:50:06 PM PST"
"Jan 25, 2026 3:57:27 AM PST","25495925401","Order","114-5623052-3308220","Ether-01","Gear Doctors® Ether 17.5oz Ultralight Camping Sleeping Pad - Backpacking Air Mattress - Camping Mattress Pad - Compact Inflatable Sleeping Mat for Ba","1","amazon.com","Standard Orders","Amazon","FLAGSTAFF","AZ","86005","MarketplaceFacilitator","33.99","3.19","0","0","0","0","0","0","0","0","-3.19","-5.10","-5.42","0","0","23.47","Released","Feb 3, 2026 3:05:18 AM PST"
"Jan 25, 2026 5:28:12 AM PST","25495925401","Order","114-5400176-7291465","Ether-01","Gear Doctors® Ether 17.5oz Ultralight Camping Sleeping Pad - Backpacking Air Mattress - Camping Mattress Pad - Compact Inflatable Sleeping Mat for Ba","1","amazon.com","Standard Orders","Amazon","CARLSBAD","CA","92011","MarketplaceFacilitator","33.99","2.63","2.99","0","0","0","0","0","-2.99","0","-2.63","-5.10","-5.42","0","0","23.47","Released","Feb 2, 2026 4:58:02 AM PST"
"Jan 25, 2026 6:09:54 AM PST","25495925401","Order","113-0872149-0098661","Ether-01","Gear Doctors® Ether 17.5oz Ultralight Camping Sleeping Pad - Backpacking Air Mattress - Camping Mattress Pad - Compact Inflatable Sleeping Mat for Ba","1","amazon.com","Standard Orders","Amazon","OTTUMWA","IA","52501","MarketplaceFacilitator","33.99","2.38","2.42","0","0","0","0","0","0","0","-2.38","-5.10","-7.84","0","0","23.47","Released","Feb 3, 2026 7:34:07 AM PST"
"Jan 25, 2026 7:28:32 AM PST","25495925401","Order","111-2836105-2162640","Ether-01","Gear Doctors® Ether 17.5oz Ultralight Camping Sleeping Pad - Backpacking Air Mattress - Camping Mattress Pad - Compact Inflatable Sleeping Mat for Ba","1","amazon.com","Standard Orders","Amazon","ORLANDO","FL","32835","MarketplaceFacilitator","33.99","2.21","0","0","0","0","0","0","0","0","-2.21","-5.10","-5.42","0","0","23.47","Released","Feb 3, 2026 4:17:41 AM PST"
"Jan 25, 2026 9:57:31 AM PST","25495925401","Order","113-2756672-9609015","Ether-01","Gear Doctors® Ether 17.5oz Ultralight Camping Sleeping Pad - Backpacking Air Mattress - Camping Mattress Pad - Compact Inflatable Sleeping Mat for Ba","2","amazon.com","Standard Orders","Amazon","LARAMIE","WY","82072","MarketplaceFacilitator","67.98","4.08","0","0","0","0","0","0","0","0","-4.08","-10.20","-10.84","0","0","46.94","Released","Feb 3, 2026 8:15:50 AM PST"
"Jan 25, 2026 11:51:52 AM PST","25495925401","Adjustment","113-3104613-0293052","F7-29UM-91GE","FBA Inventory Reimbursement - Customer Return","1","","Standard Orders","","","","","","0","0","0","0","0","0","0","0","0","0","0","0","0","0","52.11","52.11","Released","Jan 25, 2026 11:51:52 AM PST"
"Jan 25, 2026 1:22:21 PM PST","25495925401","Order","112-4899727-9813068","GDClassic01","Gear Doctors Oxylus 4.3R-Value Insulated Foam Self Inflating Sleeping Pad Camping-Sleeping Pad Backpacking Air Mattress-Camping Mattress Self Inflatin","1","amazon.com","Standard Orders","Amazon","PROVO","UT","84604","MarketplaceFacilitator","37.49","2.79","2.99","0","0","0","0","0","-2.99","0","-2.79","-5.62","-7.61","0","0","24.26","Released","Feb 2, 2026 7:50:09 AM PST"
"Jan 25, 2026 2:26:07 PM PST","25495925401","Service Fee","","","Cost of Advertising","","","Standard Orders","","","","","","0","0","0","0","0","0","0","0","0","0","0","0","0","-503.26","0","-503.26","Released","Jan 25, 2026 2:26:07 PM PST"
"Jan 25, 2026 3:08:57 PM PST","25495925401","Order","113-5881577-3718632","Ether-01","Gear Doctors® Ether 17.5oz Ultralight Camping Sleeping Pad - Backpacking Air Mattress - Camping Mattress Pad - Compact Inflatable Sleeping Mat for Ba","1","amazon.com","Standard Orders","Amazon","RENO","NV","89508","MarketplaceFacilitator","33.99","2.81","0","0","0","0","0","0","0","0","-2.81","-5.10","-5.42","0","0","23.47","Released","Feb 3, 2026 5:06:00 AM PST"
"Jan 25, 2026 3:17:54 PM PST","25495925401","Order","113-4123599-8093844","GDApolloAir01","Gear Doctors ApolloAir 5.2 R-Value [17oz] Ultralight Insulated Inflatable Camping Sleeping Pad - Backpacking Sleeping Pad - Camping Mattress Compact L","1","amazon.com","Standard Orders","Amazon","Gurabo","PR","00778","MarketplaceFacilitator","84.99","9.77","0","0","0","0","0","0","0","0","-9.77","-12.75","-5.68","0","0","66.56","Released","Feb 6, 2026 7:58:19 AM PST"
"Jan 25, 2026 5:00:48 PM PST","25495925401","Order","112-8171972-3123441","Ether-01","Gear Doctors® Ether 17.5oz Ultralight Camping Sleeping Pad - Backpacking Air Mattress - Camping Mattress Pad - Compact Inflatable Sleeping Mat for Ba","1","amazon.com","Standard Orders","Amazon","CONCORD","CA","94518","MarketplaceFacilitator","33.99","3.31","2.99","0","0","0","0","0","-2.99","0","-3.31","-5.10","-5.42","0","0","23.47","Released","Feb 2, 2026 6:41:23 AM PST"
"Jan 25, 2026 5:09:32 PM PST","25495925401","Order","113-0588041-4270600","GDClassic01","Gear Doctors Oxylus 4.3R-Value Insulated Foam Self Inflating Sleeping Pad Camping-Sleeping Pad Backpacking Air Mattress-Camping Mattress Self Inflatin","1","amazon.com","Standard Orders","Amazon","LOS ANGELES","CA","90004","MarketplaceFacilitator","37.49","3.66","0","0","0","0","0","0","0","0","-3.66","-5.62","-7.61","0","0","24.26","Released","Feb 3, 2026 8:45:39 AM PST"
"Jan 25, 2026 5:22:25 PM PST","25495925401","Refund","113-8242115-0039402","Ether-01","Gear Doctors® Ether 17.5oz Ultralight Camping Sleeping Pad - Backpacking Air Mattress - Camping Mattress Pad - Compact Inflatable Sleeping Mat for Ba","1","amazon.com","Standard Orders","Amazon","OLYMPIA","WA","98506","MarketplaceFacilitator","-33.99","-3.33","-0.26","0","0","0","0","0","0.26","0","6.66","8.16","0","0","0","-22.50","Released","Jan 30, 2026 10:49:59 PM PST"
"Jan 25, 2026 5:22:25 PM PST","25495925401","Refund","113-8242115-0039402","Ether-01","Gear Doctors® Ether 17.5oz Ultralight Camping Sleeping Pad - Backpacking Air Mattress - Camping Mattress Pad - Compact Inflatable Sleeping Mat for Ba","1","amazon.com","Standard Orders","Amazon","OLYMPIA","WA","98506","","-33.99","-3.33","-0.27","0","0","0","0","0","0.27","0","0","0","0","0","0","-37.32","Released","Jan 30, 2026 10:49:59 PM PST"
"Jan 25, 2026 6:54:17 PM PST","25495925401","Refund","112-3808385-2351417","GDClassic01","Gear Doctors Oxylus 4.3R-Value Insulated Foam Self Inflating Sleeping Pad Camping-Sleeping Pad Backpacking Air Mattress-Camping Mattress Self Inflatin","1","amazon.com","Standard Orders","Amazon","SAN JOSE","CA","95128","MarketplaceFacilitator","-37.49","-3.42","0","0","0","0","0","0","0","0","3.42","4.50","0","0","0","-32.99","Released","Jan 28, 2026 6:17:47 AM PST"
"Jan 25, 2026 7:48:23 PM PST","25495925401","Refund","111-7762057-6116205","GDClassic01","Gear Doctors Self Inflating Camping Sleeping Pad for Camping 4.3 R Insulated Camping mats-1.5 in Must Haves Inflatable Foam air Sleep mat Self Inflati","3","amazon.com","Standard Orders","Amazon","LAWNDALE","CA","90260","MarketplaceFacilitator","-89.97","-9.12","0","0","0","0","0","0","3.00","0","9.12","10.44","0","0","0","-76.53","Released","Jan 25, 2026 7:48:23 PM PST"
"Jan 25, 2026 7:49:53 PM PST","25495925401","Order","114-6071102-1420208","Ether-01","Gear Doctors® Ether 17.5oz Ultralight Camping Sleeping Pad - Backpacking Air Mattress - Camping Mattress Pad - Compact Inflatable Sleeping Mat for Ba","1","amazon.com","Standard Orders","Amazon","NAPA","CA","94558","MarketplaceFacilitator","33.99","2.97","0","0","0","0","0","0","0","0","-2.97","-5.10","-5.42","0","0","23.47","Released","Feb 3, 2026 1:28:02 AM PST"
"Jan 25, 2026 8:12:54 PM PST","25495925401","Order","111-1097743-1900254","GDApolloAir01","Gear Doctors ApolloAir 5.2 R-Value [17oz] Ultralight Insulated Inflatable Camping Sleeping Pad - Backpacking Sleeping Pad - Camping Mattress Compact L","1","amazon.com","Standard Orders","Amazon","ORMOND BEACH","FL","32174","MarketplaceFacilitator","84.99","5.52","0","0","0","0","0","0","0","0","-5.52","-12.75","-5.68","0","0","66.56","Released","Feb 3, 2026 2:07:05 AM PST"
"Jan 25, 2026 10:03:56 PM PST","25495925401","Order","114-2839178-0775409","Ether-01","Gear Doctors® Ether 17.5oz Ultralight Camping Sleeping Pad - Backpacking Air Mattress - Camping Mattress Pad - Compact Inflatable Sleeping Mat for Ba","1","amazon.com","Standard Orders","Amazon","MILWAUKEE","WI","53218","MarketplaceFacilitator","33.99","2.69","0.80","0","0","0","0","0","-0.80","0","-2.69","-5.10","-5.42","0","0","23.47","Released","Feb 3, 2026 9:49:25 PM PST"
"Jan 25, 2026 10:28:05 PM PST","25495925401","Order","114-2116728-3433812","Ether-01","Gear Doctors® Ether 17.5oz Ultralight Camping Sleeping Pad - Backpacking Air Mattress - Camping Mattress Pad - Compact Inflatable Sleeping Mat for Ba","1","amazon.com","Standard Orders","Amazon","LOS ANGELES","CA","90066","MarketplaceFacilitator","33.99","3.31","0","0","0","0","0","0","0","0","-3.31","-5.10","-5.42","0","0","23.47","Released","Feb 2, 2026 10:11:22 PM PST"
"Jan 25, 2026 11:06:13 PM PST","25495925401","Order","111-1698362-3030657","Ether-01","Gear Doctors® Ether 17.5oz Ultralight Camping Sleeping Pad - Backpacking Air Mattress - Camping Mattress Pad - Compact Inflatable Sleeping Mat for Ba","1","amazon.com","Standard Orders","Amazon","AURORA","NE","68818","MarketplaceFacilitator","33.99","1.87","1.50","0","0","0","0","0","-1.50","0","-1.87","-5.10","-5.42","0","0","23.47","Released","Feb 2, 2026 7:34:37 AM PST"
"Jan 25, 2026 11:16:54 PM PST","25495925401","Order","111-5667926-8660258","GDClassic01","Gear Doctors Oxylus 4.3R-Value Insulated Foam Self Inflating Sleeping Pad Camping-Sleeping Pad Backpacking Air Mattress-Camping Mattress Self Inflatin","1","amazon.com","Standard Orders","Amazon","SARASOTA","FL","34242","MarketplaceFacilitator","37.49","2.62","0","0","0","0","0","0","0","0","-2.62","-5.62","-7.61","0","0","24.26","Released","Feb 3, 2026 5:18:44 AM PST"
"Jan 25, 2026 11:17:38 PM PST","25495925401","Order","113-2990339-1355425","Ether-01","Gear Doctors® Ether 17.5oz Ultralight Camping Sleeping Pad - Backpacking Air Mattress - Camping Mattress Pad - Compact Inflatable Sleeping Mat for Ba","2","amazon.com","Standard Orders","Amazon","RIVERTON","UT","84096","MarketplaceFacilitator","67.98","5.06","2.99","0","0","0","0","0","-2.99","0","-5.06","-10.20","-10.84","0","0","46.94","Released","Feb 2, 2026 5:11:58 AM PST"
"Jan 25, 2026 11:23:45 PM PST","25495925401","Order","114-3764975-3451431","Ether-01","Gear Doctors® Ether 17.5oz Ultralight Camping Sleeping Pad - Backpacking Air Mattress - Camping Mattress Pad - Compact Inflatable Sleeping Mat for Ba","1","amazon.com","Standard Orders","Amazon","OCEANSIDE","CA","92058","MarketplaceFacilitator","33.99","2.80","0","0","0","0","0","0","0","0","-2.80","-5.10","-5.42","0","0","23.47","Released","Feb 3, 2026 12:01:21 AM PST"
"Jan 26, 2026 12:42:57 AM PST","25495925401","Order","112-7277151-0513801","GDClassic01","Gear Doctors Oxylus 4.3R-Value Insulated Foam Self Inflating Sleeping Pad Camping-Sleeping Pad Backpacking Air Mattress-Camping Mattress Self Inflatin","1","amazon.com","Standard Orders","Amazon","VALDOSTA","GA","31606","MarketplaceFacilitator","37.49","3.00","0","0","0","0","0","0","0","0","-3.00","-5.62","-7.61","0","0","24.26","Released","Feb 4, 2026 11:30:27 PM PST"
"Jan 26, 2026 12:43:10 AM PST","25495925401","Order","113-6645825-6289865","GDClassic01","Gear Doctors Oxylus 4.3R-Value Insulated Foam Self Inflating Sleeping Pad Camping-Sleeping Pad Backpacking Air Mattress-Camping Mattress Self Inflatin","1","amazon.com","Standard Orders","Amazon","LAS VEGAS","NV","89147","MarketplaceFacilitator","37.49","3.14","0","0","0","0","0","0","0","0","-3.14","-5.62","-7.61","0","0","24.26","Released","Feb 3, 2026 10:35:31 AM PST"
"Jan 26, 2026 12:44:03 AM PST","25495925401","Refund","111-7109696-9439468","Ether-01","Gear Doctors® Ether 17.5oz Ultralight Camping Sleeping Pad - Backpacking Air Mattress - Camping Mattress Pad - Compact Inflatable Sleeping Mat for Ba","1","amazon.com","Standard Orders","Amazon","Folsom","California","95630","MarketplaceFacilitator","-33.99","-2.63","0","0","0","0","0","0","0","0","2.63","4.08","0","0","0","-29.91","Released","Jan 27, 2026 4:56:09 AM PST"
"Jan 26, 2026 12:46:59 AM PST","25495925401","Order","113-3168283-9528257","GDClassic01","Gear Doctors Oxylus 4.3R-Value Insulated Foam Self Inflating Sleeping Pad Camping-Sleeping Pad Backpacking Air Mattress-Camping Mattress Self Inflatin","1","amazon.com","Standard Orders","Amazon","CEDAR CREEK","TX","78612","MarketplaceFacilitator","0","0","0","0","0","0","0","0","0","0","0","0","0","0","0","0","Released","Jan 26, 2026 12:46:59 AM PST"
"Jan 26, 2026 1:17:03 AM PST","25495925401","Order","114-0561566-9160211","GDClassic01","Gear Doctors Oxylus 4.3R-Value Insulated Foam Self Inflating Sleeping Pad Camping-Sleeping Pad Backpacking Air Mattress-Camping Mattress Self Inflatin","1","amazon.com","Standard Orders","Amazon","OAK PARK","IL","60302","MarketplaceFacilitator","37.49","3.75","2.99","0","0","0","0","0","-2.99","0","-3.75","-5.62","-7.61","0","0","24.26","Released","Feb 2, 2026 5:23:29 AM PST"
"Jan 26, 2026 2:08:16 AM PST","25495925401","Order","114-0744149-9084217","GDApolloAir-02","Gear Doctors ApolloAir 5.2 R-Value [25oz] Ultralight Insulated Inflatable Camping Sleeping Pad - Backpacking Sleeping Pad - Camping Mattress Compact L","1","amazon.com","Standard Orders","Amazon","MILWAUKEE","WI","53217","MarketplaceFacilitator","89.99","5.31","2.99","0","0","0","0","0","-2.99","0","-5.31","-13.50","-6.08","0","0","70.41","Released","Feb 3, 2026 3:57:17 AM PST"
"Jan 26, 2026 2:37:43 AM PST","25615550821","Order","111-1727176-9504234","Ether-01","Gear Doctors® Ether 17.5oz Ultralight Camping Sleeping Pad - Backpacking Air Mattress - Camping Mattress Pad - Compact Inflatable Sleeping Mat for Ba","2","amazon.com","Standard Orders","Amazon","PRESCOTT","AZ","86305","MarketplaceFacilitator","67.98","6.32","0","0","0","0","0","0","0","0","-6.32","-10.20","-10.84","0","0","46.94","Released","Feb 7, 2026 7:23:29 AM PST"
"Jan 26, 2026 3:36:58 AM PST","25495925401","Order","112-0148477-2218647","Ether-01","Gear Doctors® Ether 17.5oz Ultralight Camping Sleeping Pad - Backpacking Air Mattress - Camping Mattress Pad - Compact Inflatable Sleeping Mat for Ba","1","amazon.com","Standard Orders","Amazon","HOUSTON","TX","77014","MarketplaceFacilitator","33.99","2.52","0.75","0","0","0","0","0","-4.15","0","-2.52","-4.59","-5.42","0","0","20.58","Released","Feb 2, 2026 8:17:10 AM PST"
"Jan 26, 2026 4:53:02 AM PST","25495925401","Order","112-7135736-6696239","GDClassic01","Gear Doctors Oxylus 4.3R-Value Insulated Foam Self Inflating Sleeping Pad Camping-Sleeping Pad Backpacking Air Mattress-Camping Mattress Self Inflatin","1","amazon.com","Standard Orders","Amazon","LONG BEACH","CA","90805","MarketplaceFacilitator","37.49","3.94","0","0","0","0","0","0","0","0","-3.94","-5.62","-7.61","0","0","24.26","Released","Feb 3, 2026 6:14:44 AM PST"
"Jan 26, 2026 6:52:41 AM PST","25495925401","Order","114-0598385-5190614","GDCampingPillowOrange","Gear Doctors 3.5oz Compact Ultralight Inflatable Camping Pillow-Inflatable Camp Pillow-Backpacking Pillows Ultralight-Camping Pillows for Sleeping, Hi","1","amazon.com","Standard Orders","Amazon","Villa la angostura","Neuquen","","","14.99","0","8.69","0","0","0","0","0","-8.69","0","0","-2.25","-3.95","0","0","8.79","Released","Feb 6, 2026 2:33:13 AM PST"
"Jan 26, 2026 7:58:31 AM PST","25495925401","Order","113-7178192-5765036","GDClassic01","Gear Doctors Oxylus 4.3R-Value Insulated Foam Self Inflating Sleeping Pad Camping—Sleeping Pad Backpacking Air Mattress—Camping Mattress Self Inflating Camp Mat 4 Seasons Sleep Mat—Camp/Floor/Tent/Cot","2","Amazon.com","Standard Orders","Amazon","CHARLOTTE","NC","28214","","74.98","0","0","0","0","0","0","0","0","0","0","-11.24","-15.06","0","0","48.68","Released","Jan 26, 2026 7:58:31 AM PST"
"Jan 26, 2026 9:31:02 AM PST","25495925401","Adjustment","112-3339065-2937010","GDClassic01","FBA Inventory Reimbursement - Customer Return","1","","Standard Orders","","","","","","0","0","0","0","0","0","0","0","0","0","0","0","0","0","17.88","17.88","Released","Jan 26, 2026 9:31:02 AM PST"
"Jan 26, 2026 9:35:21 AM PST","25495925401","Order","111-8702726-2957027","Ether-01","Gear Doctors® Ether 17.5oz Ultralight Camping Sleeping Pad - Backpacking Air Mattress - Camping Mattress Pad - Compact Inflatable Sleeping Mat for Ba","1","amazon.com","Standard Orders","Amazon","DANVILLE","CA","94526","MarketplaceFacilitator","33.99","2.97","2.99","0","0","0","0","0","-2.99","0","-2.97","-5.10","-5.42","0","0","23.47","Released","Feb 2, 2026 4:08:31 PM PST"
"Jan 26, 2026 10:23:06 AM PST","25495925401","Order","114-1958882-0471423","Ether-01","Gear Doctors® Ether 17.5oz Ultralight Camping Sleeping Pad - Backpacking Air Mattress - Camping Mattress Pad - Compact Inflatable Sleeping Mat for Ba","1","amazon.com","Standard Orders","Amazon","SAN CLEMENTE","CA","92672","MarketplaceFacilitator","33.99","2.63","2.99","0","0","0","0","0","-2.99","0","-2.63","-5.10","-5.42","0","0","23.47","Released","Feb 2, 2026 4:23:34 PM PST"
"Jan 26, 2026 10:35:02 AM PST","25495925401","Order","112-7130343-0952212","Ether-01","Gear Doctors® Ether 17.5oz Ultralight Camping Sleeping Pad - Backpacking Air Mattress - Camping Mattress Pad - Compact Inflatable Sleeping Mat for Ba","1","amazon.com","Standard Orders","Amazon","South Jordan","Utah","84009","MarketplaceFacilitator","33.99","2.53","0","0","0","0","0","0","0","0","-2.53","-5.10","-5.42","0","0","23.47","Released","Feb 5, 2026 5:58:41 AM PST"
"Jan 26, 2026 10:53:36 AM PST","25495925401","Order","114-0598385-5190614","GDApolloAir01","Gear Doctors ApolloAir 5.2 R-Value [17oz] Ultralight Insulated Inflatable Camping Sleeping Pad - Backpacking Sleeping Pad - Camping Mattress Compact L","1","amazon.com","Standard Orders","Amazon","Villa la angostura","Neuquen","","","84.99","0","10.88","0","0","0","0","0","-10.88","0","0","-12.75","-5.68","0","0","66.56","Released","Feb 5, 2026 10:31:14 PM PST"
"Jan 26, 2026 10:59:13 AM PST","25495925401","Order","112-4392007-0959461","GDClassic01","Gear Doctors Oxylus 4.3R-Value Insulated Foam Self Inflating Sleeping Pad Camping-Sleeping Pad Backpacking Air Mattress-Camping Mattress Self Inflatin","1","amazon.com","Standard Orders","Amazon","LAS CRUCES","NM","88011","MarketplaceFacilitator","37.49","3.15","0","0","0","0","0","0","0","0","-3.15","-5.62","-7.61","0","0","24.26","Released","Feb 4, 2026 5:23:45 AM PST"
"Jan 26, 2026 11:09:38 AM PST","25495925401","Order","113-4157880-9331453","Ether-01","Gear Doctors® Ether 17.5oz Ultralight Camping Sleeping Pad - Backpacking Air Mattress - Camping Mattress Pad - Compact Inflatable Sleeping Mat for Ba","1","amazon.com","Standard Orders","Amazon","WASHINGTON","IL","61571","MarketplaceFacilitator","33.99","3.06","0.43","0","0","0","0","0","-0.43","0","-3.06","-5.10","-5.42","0","0","23.47","Released","Feb 3, 2026 2:07:00 AM PST"
"Jan 26, 2026 11:22:23 AM PST","25495925401","Order","114-2548535-3845032","Ether-01","Gear Doctors® Ether 17.5oz Ultralight Camping Sleeping Pad - Backpacking Air Mattress - Camping Mattress Pad - Compact Inflatable Sleeping Mat for Ba","1","amazon.com","Standard Orders","Amazon","MONMOUTH","OR","97361","","33.99","0","0.95","0","0","0","0","0","-0.95","0","0","-5.10","-5.42","0","0","23.47","Released","Feb 4, 2026 5:02:36 AM PST"
"Jan 26, 2026 11:46:01 AM PST","25495925401","Refund","114-0955278-1012231","Ether-01","Gear Doctors® Ether 17.5oz Ultralight Camping Sleeping Pad - Backpacking Air Mattress - Camping Mattress Pad - Compact Inflatable Sleeping Mat for Ba","1","amazon.com","Standard Orders","Amazon","GOLDSBORO","NC","27534","MarketplaceFacilitator","-33.99","-1.62","0","0","0","0","0","0","10.00","0","1.62","2.88","0","0","0","-21.11","Released","Jan 26, 2026 11:46:01 AM PST"
"Jan 26, 2026 12:21:08 PM PST","25495925401","Transfer","","","To your account ending in: 001, Bank Transfer ID: 2FZ6BSK04J5FRI8","","","Standard Orders","","","","","","0","0","0","0","0","0","0","0","0","0","0","0","0","0","-15,287.93","-15,287.93","Released","Jan 26, 2026 12:21:08 PM PST"
"Jan 26, 2026 12:27:41 PM PST","25495925401","Order","111-7103975-4650630","Ether-01","Gear Doctors® Ether 17.5oz Ultralight Camping Sleeping Pad - Backpacking Air Mattress - Camping Mattress Pad - Compact Inflatable Sleeping Mat for Ba","1","amazon.com","Standard Orders","Amazon","SOUTH ELGIN","IL","60177","MarketplaceFacilitator","33.99","2.72","2.99","0","0","0","0","0","-2.99","0","-2.72","-5.10","-5.42","0","0","23.47","Released","Feb 3, 2026 7:11:41 AM PST"
"Jan 26, 2026 12:56:17 PM PST","25495925401","Order","114-6795537-6373807","Ether-01","Gear Doctors® Ether 17.5oz Ultralight Camping Sleeping Pad - Backpacking Air Mattress - Camping Mattress Pad - Compact Inflatable Sleeping Mat for Ba","1","amazon.com","Standard Orders","Amazon","SHIPSHEWANA","IN","46565","MarketplaceFacilitator","33.99","2.38","0","0","0","0","0","0","0","0","-7.14","-15.30","-5.42","0","0","8.51","Released","Feb 4, 2026 2:32:50 AM PST"
"Jan 26, 2026 12:56:17 PM PST","25495925401","Order","114-6795537-6373807","Ether-01","Gear Doctors® Ether 17.5oz Ultralight Camping Sleeping Pad - Backpacking Air Mattress - Camping Mattress Pad - Compact Inflatable Sleeping Mat for Ba","2","amazon.com","Standard Orders","Amazon","SHIPSHEWANA","IN","46565","","67.98","4.76","0","0","0","0","0","0","0","0","0","0","-10.84","0","0","61.90","Released","Feb 4, 2026 2:32:50 AM PST"
"Jan 26, 2026 1:52:01 PM PST","25495925401","Order","112-4515203-7486666","Ether-01","Gear Doctors® Ether 17.5oz Ultralight Camping Sleeping Pad - Backpacking Air Mattress - Camping Mattress Pad - Compact Inflatable Sleeping Mat for Ba","1","amazon.com","Standard Orders","Amazon","Eugene","OR","97401","","33.99","0","0","0","0","0","0","0","0","0","0","-5.10","-5.42","0","0","23.47","Released","Feb 4, 2026 12:46:32 AM PST"
"Jan 26, 2026 2:14:28 PM PST","25495925401","Order","113-8287135-3664209","Ether-01","Gear Doctors® Ether 17.5oz Ultralight Camping Sleeping Pad - Backpacking Air Mattress - Camping Mattress Pad - Compact Inflatable Sleeping Mat for Ba","1","amazon.com","Standard Orders","Amazon","RIVER FALLS","WI","54022","MarketplaceFacilitator","33.99","1.87","0","0","0","0","0","0","0","0","-1.87","-5.10","-5.42","0","0","23.47","Released","Feb 3, 2026 10:14:24 PM PST"
"Jan 26, 2026 2:25:53 PM PST","25495925401","Order","112-7390425-1217824","Ether-01","Gear Doctors® Ether 17.5oz Ultralight Camping Sleeping Pad - Backpacking Air Mattress - Camping Mattress Pad - Compact Inflatable Sleeping Mat for Ba","1","amazon.com","Standard Orders","Amazon","LARGO","FL","33771","MarketplaceFacilitator","33.99","2.38","0","0","0","0","0","0","0","0","-2.38","-5.10","-5.42","0","0","23.47","Released","Feb 6, 2026 1:04:47 AM PST"
"Jan 26, 2026 2:26:41 PM PST","25495925401","Refund","113-0669720-2063417","Ether-01","Gear Doctors® Ether 17.5oz Ultralight Camping Sleeping Pad - Backpacking Air Mattress - Camping Mattress Pad - Compact Inflatable Sleeping Mat for Ba","1","amazon.com","Standard Orders","Amazon","LOS ANGELES","CA","90049","MarketplaceFacilitator","-33.99","-3.31","0","0","0","0","0","0","0","0","3.31","4.08","0","0","0","-29.91","Released","Jan 28, 2026 4:20:38 AM PST"
"Jan 26, 2026 2:34:30 PM PST","25495925401","Order","112-7320635-0963405","Ether-01","Gear Doctors® Ether 17.5oz Ultralight Camping Sleeping Pad - Backpacking Air Mattress - Camping Mattress Pad - Compact Inflatable Sleeping Mat for Ba","1","amazon.com","Standard Orders","Amazon","GLENWOOD SPRINGS","CO","81601","MarketplaceFacilitator","33.99","3.18","0.41","0","0","0","0","0","-0.41","0","-3.18","-5.10","-5.42","0","0","23.47","Released","Feb 4, 2026 3:19:16 AM PST"
"Jan 26, 2026 2:44:43 PM PST","25495925401","Refund","114-7150522-7343438","GDApolloAir01","Gear Doctors ApolloAir 5.2 R-Value [17oz] Ultralight Insulated Inflatable Camping Sleeping Pad - Backpacking Sleeping Pad - Camping Mattress Compact L","1","amazon.com","Standard Orders","Amazon","SATELLITE BEACH","FL","32937","MarketplaceFacilitator","-84.99","-5.95","0","0","0","0","0","0","0","0","5.95","10.20","0","0","0","-74.79","Released","Jan 26, 2026 2:44:46 PM PST"
"Jan 26, 2026 2:47:54 PM PST","25615550821","Order","112-8503266-8843467","GDApolloAir-02","Gear Doctors ApolloAir 5.2 R-Value [25oz] Ultralight Insulated Inflatable Camping Sleeping Pad - Backpacking Sleeping Pad - Camping Mattress Compact L","1","amazon.com","Standard Orders","Amazon","PHILADELPHIA","PA","19130","MarketplaceFacilitator","89.99","5.40","0","0","0","0","0","0","0","0","-5.40","-13.50","-6.08","0","0","70.41","Released","Feb 13, 2026 6:02:40 AM PST"
"Jan 26, 2026 2:55:57 PM PST","25495925401","Order","114-6920417-4147411","Ether-01","Gear Doctors® Ether 17.5oz Ultralight Camping Sleeping Pad - Backpacking Air Mattress - Camping Mattress Pad - Compact Inflatable Sleeping Mat for Ba","1","amazon.com","Standard Orders","Amazon","CHICO","CA","95928","MarketplaceFacilitator","33.99","3.14","0","0","0","0","0","0","0","0","-3.14","-5.10","-5.42","0","0","23.47","Released","Feb 4, 2026 2:42:37 AM PST"
"Jan 26, 2026 3:49:10 PM PST","25495925401","Order","112-3298515-3876217","Ether-01","Gear Doctors® Ether 17.5oz Ultralight Camping Sleeping Pad - Backpacking Air Mattress - Camping Mattress Pad - Compact Inflatable Sleeping Mat for Ba","1","amazon.com","Standard Orders","Amazon","LAKEVILLE","MN","55044","MarketplaceFacilitator","33.99","2.76","0","0","0","0","0","0","0","0","-11.04","-20.40","-5.42","0","0","-0.11","Released","Feb 4, 2026 5:00:57 AM PST"
"Jan 26, 2026 3:49:10 PM PST","25495925401","Order","112-3298515-3876217","Ether-01","Gear Doctors® Ether 17.5oz Ultralight Camping Sleeping Pad - Backpacking Air Mattress - Camping Mattress Pad - Compact Inflatable Sleeping Mat for Ba","1","amazon.com","Standard Orders","Amazon","LAKEVILLE","MN","55044","","33.99","2.76","0","0","0","0","0","0","0","0","0","0","-5.42","0","0","31.33","Released","Feb 4, 2026 5:00:57 AM PST"
"Jan 26, 2026 3:49:10 PM PST","25495925401","Order","112-3298515-3876217","Ether-01","Gear Doctors® Ether 17.5oz Ultralight Camping Sleeping Pad - Backpacking Air Mattress - Camping Mattress Pad - Compact Inflatable Sleeping Mat for Ba","1","amazon.com","Standard Orders","Amazon","LAKEVILLE","MN","55044","","33.99","2.76","0","0","0","0","0","0","0","0","0","0","-5.42","0","0","31.33","Released","Feb 4, 2026 5:00:57 AM PST"
"Jan 26, 2026 3:49:10 PM PST","25495925401","Order","112-3298515-3876217","Ether-01","Gear Doctors® Ether 17.5oz Ultralight Camping Sleeping Pad - Backpacking Air Mattress - Camping Mattress Pad - Compact Inflatable Sleeping Mat for Ba","1","amazon.com","Standard Orders","Amazon","LAKEVILLE","MN","55044","","33.99","2.76","0","0","0","0","0","0","0","0","0","0","-5.42","0","0","31.33","Released","Feb 4, 2026 5:00:57 AM PST"
"Jan 26, 2026 4:30:01 PM PST","25495925401","Order","113-0283944-3781022","Ether-01","Gear Doctors® Ether 17.5oz Ultralight Camping Sleeping Pad - Backpacking Air Mattress - Camping Mattress Pad - Compact Inflatable Sleeping Mat for Ba","1","amazon.com","Standard Orders","Amazon","PORT ORANGE","FL","32128","MarketplaceFacilitator","33.99","2.21","0","0","0","0","0","0","0","0","-2.21","-5.10","-5.42","0","0","23.47","Released","Feb 4, 2026 2:02:46 AM PST"
"Jan 26, 2026 4:48:32 PM PST","25495925401","Order","113-2237957-4977845","GDClassic01","Gear Doctors Oxylus 4.3R-Value Insulated Foam Self Inflating Sleeping Pad Camping-Sleeping Pad Backpacking Air Mattress-Camping Mattress Self Inflatin","1","amazon.com","Standard Orders","Amazon","LAKELAND","FL","33813","MarketplaceFacilitator","37.49","2.62","0","0","0","0","0","0","0","0","-2.62","-5.62","-7.61","0","0","24.26","Released","Feb 4, 2026 8:09:06 AM PST"
"Jan 26, 2026 5:34:52 PM PST","25495925401","Order","112-6227869-5885063","Ether-01","Gear Doctors® Ether 17.5oz Ultralight Camping Sleeping Pad - Backpacking Air Mattress - Camping Mattress Pad - Compact Inflatable Sleeping Mat for Ba","1","amazon.com","Standard Orders","Amazon","NEW SMYRNA BEACH","FL","32169","MarketplaceFacilitator","33.99","2.21","0","0","0","0","0","0","0","0","-2.21","-5.10","-5.42","0","0","23.47","Released","Feb 6, 2026 2:06:27 PM PST"
"Jan 26, 2026 5:41:17 PM PST","25495925401","Service Fee","","","Cost of Advertising","","","Standard Orders","","","","","","0","0","0","0","0","0","0","0","0","0","0","0","0","-500.10","0","-500.10","Released","Jan 26, 2026 5:41:17 PM PST"
"Jan 26, 2026 5:59:08 PM PST","25495925401","Order","111-9053447-9585843","GDClassic01","Gear Doctors Oxylus 4.3R-Value Insulated Foam Self Inflating Sleeping Pad Camping-Sleeping Pad Backpacking Air Mattress-Camping Mattress Self Inflatin","1","amazon.com","Standard Orders","Amazon","ROCKFORD","IL","61103","MarketplaceFacilitator","37.49","3.28","0","0","0","0","0","0","0","0","-3.28","-5.62","-7.61","0","0","24.26","Released","Feb 4, 2026 1:48:03 AM PST"
"Jan 26, 2026 6:18:14 PM PST","25495925401","Order","113-3203278-6626619","GDApolloAir01","Gear Doctors ApolloAir 5.2 R-Value [17oz] Ultralight Insulated Inflatable Camping Sleeping Pad - Backpacking Sleeping Pad - Camping Mattress Compact L","1","amazon.com","Standard Orders","Amazon","LAKESIDE","CA","92040","MarketplaceFacilitator","84.99","6.59","1.49","0","0","0","0","0","-1.49","0","-6.59","-12.75","-5.68","0","0","66.56","Released","Feb 3, 2026 6:36:38 AM PST"
"Jan 26, 2026 6:21:50 PM PST","25495925401","Order","114-9848724-3005057","Ether-01","Gear Doctors® Ether 17.5oz Ultralight Camping Sleeping Pad - Backpacking Air Mattress - Camping Mattress Pad - Compact Inflatable Sleeping Mat for Ba","1","amazon.com","Standard Orders","Amazon","MADISON","WI","53704","MarketplaceFacilitator","33.99","1.87","0","0","0","0","0","0","0","0","-3.74","-10.20","-5.42","0","0","16.50","Released","Feb 4, 2026 6:49:24 AM PST"
"Jan 26, 2026 6:21:50 PM PST","25495925401","Order","114-9848724-3005057","Ether-01","Gear Doctors® Ether 17.5oz Ultralight Camping Sleeping Pad - Backpacking Air Mattress - Camping Mattress Pad - Compact Inflatable Sleeping Mat for Ba","1","amazon.com","Standard Orders","Amazon","MADISON","WI","53704","","33.99","1.87","0","0","0","0","0","0","0","0","0","0","-5.42","0","0","30.44","Released","Feb 4, 2026 6:49:24 AM PST"
"Jan 26, 2026 7:14:54 PM PST","25495925401","Refund","114-5999886-6601831","GDClassic01","Gear Doctors Oxylus 4.3R-Value Insulated Foam Self Inflating Sleeping Pad Camping-Sleeping Pad Backpacking Air Mattress-Camping Mattress Self Inflatin","1","amazon.com","Standard Orders","Amazon","FLORENCE","AZ","85132","MarketplaceFacilitator","-37.49","-3.26","0","0","0","0","0","0","0","0","3.26","4.50","0","0","0","-32.99","Released","Jan 26, 2026 7:14:54 PM PST"
"Jan 26, 2026 8:13:59 PM PST","25495925401","Refund","114-8196958-4957841","Ether-01","Gear Doctors® Ether 17.5oz Ultralight Camping Sleeping Pad - Backpacking Air Mattress - Camping Mattress Pad - Compact Inflatable Sleeping Mat for Ba","1","amazon.com","Standard Orders","Amazon","BAKERSFIELD","CA","93312","MarketplaceFacilitator","-33.99","-2.80","-1.50","0","0","0","0","0","1.50","0","2.80","4.08","0","0","0","-29.91","Released","Jan 26, 2026 8:13:59 PM PST"
"Jan 26, 2026 8:34:50 PM PST","25495925401","Order","114-2961430-8994621","GDApolloAir01","Gear Doctors ApolloAir 5.2 R-Value [17oz] Ultralight Insulated Inflatable Camping Sleeping Pad - Backpacking Sleeping Pad - Camping Mattress Compact L","1","amazon.com","Standard Orders","Amazon","PORTLAND","OR","97213","","84.99","0","0","0","0","0","0","0","0","0","0","-12.75","-5.68","0","0","66.56","Released","Feb 3, 2026 11:40:27 PM PST"
"Jan 26, 2026 8:41:04 PM PST","25495925401","Order","114-7502370-7909032","GDClassic01","Gear Doctors Oxylus 4.3R-Value Insulated Foam Self Inflating Sleeping Pad Camping-Sleeping Pad Backpacking Air Mattress-Camping Mattress Self Inflatin","1","amazon.com","Standard Orders","Amazon","PARKLAND","FL","33076","MarketplaceFacilitator","37.49","2.62","0","0","0","0","0","0","0","0","-2.62","-5.62","-7.61","0","0","24.26","Released","Feb 4, 2026 6:11:11 AM PST"
"Jan 26, 2026 8:41:40 PM PST","25495925401","Order","112-0257523-8265010","GDClassic01","Gear Doctors Oxylus 4.3R-Value Insulated Foam Self Inflating Sleeping Pad Camping-Sleeping Pad Backpacking Air Mattress-Camping Mattress Self Inflatin","1","amazon.com","Standard Orders","Amazon","WEST CHICAGO","IL","60185","MarketplaceFacilitator","37.49","2.62","1.00","0","0","0","0","0","-1.00","0","-2.62","-5.62","-7.61","0","0","24.26","Released","Feb 3, 2026 3:35:32 AM PST"
"Jan 26, 2026 9:45:16 PM PST","25495925401","Refund","112-0935038-0840262","Ether-01","Gear Doctors® Ether 17.5oz Ultralight Camping Sleeping Pad - Backpacking Air Mattress - Camping Mattress Pad - Compact Inflatable Sleeping Mat for Ba","1","amazon.com","Standard Orders","Amazon","MENLO PARK","CA","94025","MarketplaceFacilitator","-33.99","-3.19","-2.99","0","0","0","0","0","2.99","0","3.19","4.08","0","0","0","-29.91","Released","Jan 31, 2026 7:55:42 AM PST"
"Jan 26, 2026 10:01:34 PM PST","25495925401","Order","112-6392409-1253028","GDClassic01","Gear Doctors Oxylus 4.3R-Value Insulated Foam Self Inflating Sleeping Pad Camping-Sleeping Pad Backpacking Air Mattress-Camping Mattress Self Inflatin","1","amazon.com","Standard Orders","Amazon","BOERNE","TX","78006","MarketplaceFacilitator","37.49","3.09","0","0","0","0","0","0","0","0","-3.09","-5.62","-7.61","0","0","24.26","Released","Feb 4, 2026 6:05:53 AM PST"
"Jan 26, 2026 11:15:31 PM PST","25495925401","Order","113-5721495-5884204","GDApolloAir01","Gear Doctors ApolloAir 5.2 R-Value [17oz] Ultralight Insulated Inflatable Camping Sleeping Pad - Backpacking Sleeping Pad - Camping Mattress Compact L","1","amazon.com","Standard Orders","Amazon","TALLAHASSEE","FL","32301","MarketplaceFacilitator","84.99","6.37","5.45","0","0","0","0","0","0","0","-6.37","-12.75","-11.13","0","0","66.56","Released","Feb 3, 2026 8:02:41 AM PST"
"Jan 26, 2026 11:20:12 PM PST","25495925401","Order","113-1757624-0330668","GDApolloAir-02","Gear Doctors ApolloAir 5.2 R-Value [25oz] Ultralight Insulated Inflatable Camping Sleeping Pad - Backpacking Sleeping Pad - Camping Mattress Compact L","1","amazon.com","Standard Orders","Amazon","LOS ANGELES","CA","90044","MarketplaceFacilitator","89.99","8.77","0","0","0","0","0","0","0","0","-8.77","-13.50","-6.08","0","0","70.41","Released","Feb 4, 2026 11:03:06 AM PST"
"Jan 26, 2026 11:21:32 PM PST","25495925401","Order","113-3346917-6447447","Ether-01","Gear Doctors® Ether 17.5oz Ultralight Camping Sleeping Pad - Backpacking Air Mattress - Camping Mattress Pad - Compact Inflatable Sleeping Mat for Ba","1","amazon.com","Standard Orders","Amazon","VENTURA","CA","93003","MarketplaceFacilitator","33.99","2.63","0","0","0","0","0","0","0","0","-2.63","-5.10","-5.42","0","0","23.47","Released","Feb 4, 2026 7:26:54 AM PST"
"Jan 26, 2026 11:36:26 PM PST","25495925401","Order","111-5586203-0650617","GDClassic01","Gear Doctors Oxylus 4.3R-Value Insulated Foam Self Inflating Sleeping Pad Camping-Sleeping Pad Backpacking Air Mattress-Camping Mattress Self Inflatin","1","amazon.com","Standard Orders","Amazon","SUGAR LAND","TX","77479","MarketplaceFacilitator","37.49","3.09","2.99","0","0","0","0","0","-2.99","0","-3.09","-5.62","-7.61","0","0","24.26","Released","Feb 3, 2026 6:58:46 AM PST"
"Jan 26, 2026 11:48:04 PM PST","25495925401","Order","112-6166783-1239450","GDClassic01","Gear Doctors Oxylus 4.3R-Value Insulated Foam Self Inflating Sleeping Pad Camping-Sleeping Pad Backpacking Air Mattress-Camping Mattress Self Inflatin","1","amazon.com","Standard Orders","Amazon","BELLINGHAM","WA","98226","MarketplaceFacilitator","37.49","3.30","2.99","0","0","0","0","0","-2.99","0","-3.30","-5.62","-7.61","0","0","24.26","Released","Feb 3, 2026 4:57:33 AM PST"
"Jan 27, 2026 12:16:24 AM PST","25495925401","Order","113-2855441-7193004","Ether-01","Gear Doctors® Ether 17.5oz Ultralight Camping Sleeping Pad - Backpacking Air Mattress - Camping Mattress Pad - Compact Inflatable Sleeping Mat for Ba","1","amazon.com","Standard Orders","Amazon","ROSAMOND","CA","93560","MarketplaceFacilitator","33.99","2.80","0","0","0","0","0","0","0","0","-2.80","-5.10","-5.42","0","0","23.47","Released","Feb 3, 2026 11:20:20 PM PST"
"Jan 27, 2026 12:32:39 AM PST","25495925401","Order","113-4148486-7092228","GDClassic01","Gear Doctors Oxylus 4.3R-Value Insulated Foam Self Inflating Sleeping Pad Camping-Sleeping Pad Backpacking Air Mattress-Camping Mattress Self Inflatin","1","amazon.com","Standard Orders","Amazon","TUCSON","AZ","85756","MarketplaceFacilitator","37.49","3.26","0","0","0","0","0","0","0","0","-3.26","-5.62","-7.61","0","0","24.26","Released","Feb 3, 2026 1:24:03 PM PST"
"Jan 27, 2026 12:54:49 AM PST","25495925401","Order","114-0302821-7111402","GDApolloAir-02","Gear Doctors ApolloAir 5.2 R-Value [25oz] Ultralight Insulated Inflatable Camping Sleeping Pad - Backpacking Sleeping Pad - Camping Mattress Compact L","1","amazon.com","Standard Orders","Amazon","Cambridge","MA","02139","MarketplaceFacilitator","89.99","5.62","0","0","0","0","0","0","0","0","-5.62","-13.50","-6.08","0","0","70.41","Released","Feb 4, 2026 2:26:34 AM PST"
"Jan 27, 2026 1:22:34 AM PST","25495925401","Order","111-6273204-7759416","Ether-01","Gear Doctors® Ether 17.5oz Ultralight Camping Sleeping Pad - Backpacking Air Mattress - Camping Mattress Pad - Compact Inflatable Sleeping Mat for Ba","1","amazon.com","Standard Orders","Amazon","THOROFARE","NJ","08086","MarketplaceFacilitator","33.99","2.25","0","0","0","0","0","0","0","0","-2.25","-5.10","-5.42","0","0","23.47","Released","Feb 4, 2026 6:28:59 AM PST"
"Jan 27, 2026 1:43:28 AM PST","25495925401","Order","111-3214490-7802645","GDClassic01","Gear Doctors Oxylus 4.3R-Value Insulated Foam Self Inflating Sleeping Pad Camping-Sleeping Pad Backpacking Air Mattress-Camping Mattress Self Inflatin","1","amazon.com","Standard Orders","Amazon","DEERFIELD","ILLINOIS","60015","MarketplaceFacilitator","37.49","3.00","0","0","0","0","0","0","0","0","-3.00","-5.62","-7.61","0","0","24.26","Released","Feb 4, 2026 2:27:51 AM PST"
"Jan 27, 2026 2:16:31 AM PST","25495925401","Order","112-5202823-3658600","GDApolloAir-02","Gear Doctors ApolloAir 5.2 R-Value [25oz] Ultralight Insulated Inflatable Camping Sleeping Pad - Backpacking Sleeping Pad - Camping Mattress Compact L","2","amazon.com","Standard Orders","Amazon","EL CAJON","CA","92020","MarketplaceFacilitator","179.98","14.84","0","0","0","0","0","0","0","0","-14.84","-27.00","-12.16","0","0","140.82","Released","Feb 3, 2026 11:22:14 PM PST"
"Jan 27, 2026 2:37:58 AM PST","25495925401","Adjustment","113-7127444-9802609","Ether-01","FBA Inventory Reimbursement - Customer Return","1","","Standard Orders","","","","","","0","0","0","0","0","0","0","0","0","0","0","0","0","0","18.80","18.80","Released","Jan 27, 2026 2:37:58 AM PST"
"Jan 27, 2026 4:42:58 AM PST","25495925401","Order","114-4332783-1664268","GDClassic01","Gear Doctors Oxylus 4.3R-Value Insulated Foam Self Inflating Sleeping Pad Camping-Sleeping Pad Backpacking Air Mattress-Camping Mattress Self Inflatin","1","amazon.com","Standard Orders","Amazon","RENTON","WA","98059","MarketplaceFacilitator","37.49","3.34","1.49","0","0","0","0","0","-1.49","0","-3.34","-5.62","-7.61","0","0","24.26","Released","Feb 4, 2026 3:39:43 AM PST"
"Jan 27, 2026 7:02:25 AM PST","25495925401","Order","113-5819186-6585805","Ether-01","Gear Doctors® Ether 17.5oz Ultralight Camping Sleeping Pad - Backpacking Air Mattress - Camping Mattress Pad - Compact Inflatable Sleeping Mat for Ba","1","amazon.com","Standard Orders","Amazon","SAN DIEGO","CA","92109","MarketplaceFacilitator","33.99","2.63","2.99","0","0","0","0","0","-2.99","0","-2.63","-5.10","-5.42","0","0","23.47","Released","Feb 4, 2026 12:20:11 AM PST"
"Jan 27, 2026 7:58:13 AM PST","25495925401","Order","113-0338225-7231467","Ether-01","Gear Doctors® Ether 17.5oz Ultralight Camping Sleeping Pad - Backpacking Air Mattress - Camping Mattress Pad - Compact Inflatable Sleeping Mat for Ba","1","amazon.com","Standard Orders","Amazon","VERNAL","UT","84078","MarketplaceFacilitator","33.99","2.36","0","0","0","0","0","0","0","0","-2.36","-5.10","-5.42","0","0","23.47","Released","Feb 5, 2026 4:27:16 AM PST"
"Jan 27, 2026 8:51:53 AM PST","25495925401","Order","112-7424372-7077834","GDClassic01","Gear Doctors Oxylus 4.3R-Value Insulated Foam Self Inflating Sleeping Pad Camping-Sleeping Pad Backpacking Air Mattress-Camping Mattress Self Inflatin","1","amazon.com","Standard Orders","Amazon","ROCKY MOUNT","NC","27803","MarketplaceFacilitator","37.49","2.53","0","0","0","0","0","0","0","0","-2.53","-5.62","-7.61","0","0","24.26","Released","Feb 4, 2026 4:22:20 PM PST"
"Jan 27, 2026 9:34:33 AM PST","25495925401","Order","112-6002946-9685824","GDApolloAir-02","Gear Doctors ApolloAir 5.2 R-Value [25oz] Ultralight Insulated Inflatable Camping Sleeping Pad - Backpacking Sleeping Pad - Camping Mattress Compact L","1","amazon.com","Standard Orders","Amazon","IRONDALE","AL","35210","MarketplaceFacilitator","89.99","7.20","0","0","0","0","0","0","0","0","-7.20","-13.50","-6.08","0","0","70.41","Released","Feb 5, 2026 2:39:28 AM PST"
"Jan 27, 2026 9:41:57 AM PST","25495925401","Order","114-5912845-3465844","Ether-01","Gear Doctors® Ether 17.5oz Ultralight Camping Sleeping Pad - Backpacking Air Mattress - Camping Mattress Pad - Compact Inflatable Sleeping Mat for Ba","1","amazon.com","Standard Orders","Amazon","BELLEVUE","WA","98006","MarketplaceFacilitator","33.99","3.50","2.99","0","0","0","0","0","-2.99","0","-3.50","-5.10","-5.42","0","0","23.47","Released","Feb 4, 2026 4:03:17 AM PST"
"Jan 27, 2026 10:10:20 AM PST","25495925401","Order","112-4332697-7041016","Ether-01","Gear Doctors® Ether 17.5oz Ultralight Camping Sleeping Pad - Backpacking Air Mattress - Camping Mattress Pad - Compact Inflatable Sleeping Mat for Ba","1","amazon.com","Standard Orders","Amazon","SAN ANGELO","TX","76904","MarketplaceFacilitator","33.99","2.80","0","0","0","0","0","0","0","0","-2.80","-5.10","-5.42","0","0","23.47","Released","Feb 5, 2026 2:50:09 AM PST"
"Jan 27, 2026 10:53:16 AM PST","25615550821","Order","112-4826249-2778604","GDApolloAir-02","Gear Doctors ApolloAir 5.2 R-Value [25oz] Ultralight Insulated Inflatable Camping Sleeping Pad - Backpacking Sleeping Pad - Camping Mattress Compact L","1","amazon.com","Standard Orders","Amazon","HELENA","MT","59602","","89.99","0","0","0","0","0","0","0","0","0","0","-13.50","-6.08","0","0","70.41","Released","Feb 10, 2026 8:07:21 AM PST"
"Jan 27, 2026 11:10:01 AM PST","25495925401","Refund","111-4611354-3900213","GDClassic01","Gear Doctors Oxylus 4.3R-Value Insulated Foam Self Inflating Sleeping Pad Camping-Sleeping Pad Backpacking Air Mattress-Camping Mattress Self Inflatin","1","amazon.com","Standard Orders","Amazon","HADDONFIELD","NJ","08033","MarketplaceFacilitator","-37.49","-2.48","0","0","0","0","0","0","0","0","2.48","4.50","0","0","0","-32.99","Released","Jan 27, 2026 11:10:01 AM PST"
"Jan 27, 2026 11:25:33 AM PST","25495925401","Order","114-6624304-0417035","Ether-01","Gear Doctors® Ether 17.5oz Ultralight Camping Sleeping Pad - Backpacking Air Mattress - Camping Mattress Pad - Compact Inflatable Sleeping Mat for Ba","1","amazon.com","Standard Orders","Amazon","SAN DIEGO","CA","92139","MarketplaceFacilitator","33.99","2.63","4.36","0","0","0","0","0","-4.36","0","-2.63","-5.10","-5.42","0","0","23.47","Released","Feb 5, 2026 5:40:08 AM PST"
"Jan 27, 2026 12:01:33 PM PST","25495925401","Refund","114-7758033-5645017","Ether-01","Gear Doctors® Ether 17.5oz Ultralight Camping Sleeping Pad - Backpacking Air Mattress - Camping Mattress Pad - Compact Inflatable Sleeping Mat for Ba","1","amazon.com","Standard Orders","Amazon","NEW YORK","NY","10128","MarketplaceFacilitator","-33.99","-3.02","0","0","0","0","0","0","0","0","3.02","4.08","0","0","0","-29.91","Released","Jan 27, 2026 12:01:33 PM PST"
"Jan 27, 2026 12:16:38 PM PST","25495925401","Order","112-3473593-5925058","GDCampingPillowBlue","Gear Doctors 3.5oz Compact Ultralight Inflatable Camping Pillow -Inflatable Camp Pillow -Backpacking Pillows Ultralight-Camping Pillows for Sleeping,","1","amazon.com","Standard Orders","Amazon","DAVENPORT","IA","52803","MarketplaceFacilitator","14.99","1.05","0","0","0","0","0","0","0","0","-1.05","-2.25","-3.95","0","0","8.79","Released","Feb 5, 2026 12:52:13 AM PST"
"Jan 27, 2026 12:24:51 PM PST","25495925401","Refund","111-3086437-1621039","GDClassic01","Gear Doctors Oxylus 4.3R-Value Insulated Foam Self Inflating Sleeping Pad Camping-Sleeping Pad Backpacking Air Mattress-Camping Mattress Self Inflatin","1","amazon.com","Standard Orders","Amazon","TUCSON","AZ","85711","MarketplaceFacilitator","-37.49","-3.26","0","0","0","0","0","0","0","0","3.26","4.50","0","0","0","-32.99","Released","Jan 28, 2026 1:26:33 PM PST"
"Jan 27, 2026 12:38:26 PM PST","25495925401","Refund","114-4602101-3356227","GDClassic01","Gear Doctors Oxylus 4.3R-Value Insulated Foam Self Inflating Sleeping Pad Camping-Sleeping Pad Backpacking Air Mattress-Camping Mattress Self Inflatin","1","amazon.com","Standard Orders","Amazon","Mission Viejo","ca","92691","MarketplaceFacilitator","-37.49","-2.91","-1.00","0","0","0","0","0","1.00","0","2.91","4.50","0","0","0","-32.99","Released","Jan 27, 2026 12:38:28 PM PST"
"Jan 27, 2026 12:51:02 PM PST","25495925401","Refund","113-7114902-8397855","Ether-01","Gear Doctors® Ether 17.5oz Ultralight Camping Sleeping Pad - Backpacking Air Mattress - Camping Mattress Pad - Compact Inflatable Sleeping Mat for Ba","1","amazon.com","Standard Orders","Amazon","SAINT PAUL","MN","55127","MarketplaceFacilitator","-33.99","-2.85","-2.99","0","0","0","0","0","2.99","0","2.85","4.08","0","0","0","-29.91","Released","Jan 28, 2026 4:09:24 AM PST"
"Jan 27, 2026 12:51:46 PM PST","25495925401","Order","114-1447545-4790637","Ether-01","Gear Doctors® Ether 17.5oz Ultralight Camping Sleeping Pad - Backpacking Air Mattress - Camping Mattress Pad - Compact Inflatable Sleeping Mat for Ba","1","amazon.com","Standard Orders","Amazon","PARTRIDGE","KS","67566","MarketplaceFacilitator","33.99","2.55","0","0","0","0","0","0","0","0","-2.55","-5.10","-5.42","0","0","23.47","Released","Feb 5, 2026 5:51:27 AM PST"
"Jan 27, 2026 1:00:18 PM PST","25495925401","Order","112-7524608-6309067","GDClassic01","Gear Doctors Oxylus 4.3R-Value Insulated Foam Self Inflating Sleeping Pad Camping-Sleeping Pad Backpacking Air Mattress-Camping Mattress Self Inflatin","1","amazon.com","Standard Orders","Amazon","Cajica","Vereda Calahorra","","","37.49","0","18.78","0","0","0","0","0","-18.78","0","0","-5.62","-7.61","0","0","24.26","Released","Feb 5, 2026 4:41:53 AM PST"
"Jan 27, 2026 1:09:25 PM PST","25495925401","Refund","112-2529965-7193044","Ether-01","Gear Doctors® Ether 17.5oz Ultralight Camping Sleeping Pad - Backpacking Air Mattress - Camping Mattress Pad - Compact Inflatable Sleeping Mat for Ba","1","amazon.com","Standard Orders","Amazon","BROOKLYN","NY","11218","MarketplaceFacilitator","-33.99","-3.02","0","0","0","0","0","0","0","0","3.02","4.08","0","0","0","-29.91","Released","Jan 30, 2026 7:28:03 PM PST"
"Jan 27, 2026 1:39:22 PM PST","25495925401","Order","114-2208756-0619400","GDApolloAir-02","Gear Doctors ApolloAir 5.2 R-Value [25oz] Ultralight Insulated Inflatable Camping Sleeping Pad - Backpacking Sleeping Pad - Camping Mattress Compact L","1","amazon.com","Standard Orders","Amazon","FOUNTAIN","CO","80817","MarketplaceFacilitator","89.99","5.76","2.99","0","0","0","0","0","-16.49","0","-5.76","-11.47","-6.08","0","0","58.94","Released","Feb 4, 2026 2:52:32 AM PST"
"Jan 27, 2026 1:40:29 PM PST","25495925401","Order_Retrocharge","114-8936961-7372221","","retrocharge for orderid 114-8936961-7372221","","Amazon.com","Standard Orders","","","","","","0","2.62","0","0","0","0","0","0","0","0","-2.62","0","0","0","0","0","Released","Jan 27, 2026 1:40:29 PM PST"
"Jan 27, 2026 2:20:54 PM PST","25495925401","Order","114-0786486-9357846","GDApolloAir01","Gear Doctors ApolloAir 5.2 R-Value [17oz] Ultralight Insulated Inflatable Camping Sleeping Pad - Backpacking Sleeping Pad - Camping Mattress Compact L","1","amazon.com","Standard Orders","Amazon","BRANDON","FL","33510","MarketplaceFacilitator","84.99","6.37","0","0","0","0","0","0","0","0","-6.37","-12.75","-5.68","0","0","66.56","Released","Feb 4, 2026 8:52:06 PM PST"
"Jan 27, 2026 2:56:05 PM PST","25495925401","Order","111-7681545-1309841","Ether-01","Gear Doctors® Ether 17.5oz Ultralight Camping Sleeping Pad - Backpacking Air Mattress - Camping Mattress Pad - Compact Inflatable Sleeping Mat for Ba","1","amazon.com","Standard Orders","Amazon","ELKO","NV","89801","MarketplaceFacilitator","33.99","2.41","6.26","0","0","0","0","0","-6.26","0","-2.41","-5.10","-5.42","0","0","23.47","Released","Feb 6, 2026 7:29:22 AM PST"
"Jan 27, 2026 3:20:32 PM PST","25495925401","Order","112-3006423-4633827","Ether-01","Gear Doctors® Ether 17.5oz Ultralight Camping Sleeping Pad - Backpacking Air Mattress - Camping Mattress Pad - Compact Inflatable Sleeping Mat for Ba","1","amazon.com","Standard Orders","Amazon","WASILLA","AK","99623","MarketplaceFacilitator","33.99","0","0","0","0","0","0","0","0","0","0","-5.10","-5.42","0","0","23.47","Released","Feb 5, 2026 10:58:41 PM PST"
"Jan 27, 2026 3:41:28 PM PST","25495925401","Order","111-6696195-8891431","GDApolloAir01","Gear Doctors ApolloAir 5.2 R-Value [17oz] Ultralight Insulated Inflatable Camping Sleeping Pad - Backpacking Sleeping Pad - Camping Mattress Compact L","1","amazon.com","Standard Orders","Amazon","GREENWOOD","IN","46143","MarketplaceFacilitator","84.99","5.95","0","0","0","0","0","0","0","0","-5.95","-12.75","-5.68","0","0","66.56","Released","Feb 5, 2026 10:57:07 PM PST"
"Jan 27, 2026 4:15:00 PM PST","25495925401","Order","112-9829889-1002651","Ether-01","Gear Doctors® Ether 17.5oz Ultralight Camping Sleeping Pad - Backpacking Air Mattress - Camping Mattress Pad - Compact Inflatable Sleeping Mat for Ba","1","amazon.com","Standard Orders","Amazon","NAVARRE","FL","32566","MarketplaceFacilitator","33.99","2.38","0","0","0","0","0","0","0","0","-2.38","-5.10","-5.42","0","0","23.47","Released","Feb 4, 2026 10:46:04 PM PST"
"Jan 27, 2026 4:57:16 PM PST","25495925401","Order","111-0762891-8921068","Ether-01","Gear Doctors® Ether 17.5oz Ultralight Camping Sleeping Pad - Backpacking Air Mattress - Camping Mattress Pad - Compact Inflatable Sleeping Mat for Ba","1","amazon.com","Standard Orders","Amazon","EAST HAMPTON","NY","11937","MarketplaceFacilitator","33.99","2.97","0","0","0","0","0","0","0","0","-2.97","-5.10","-5.42","0","0","23.47","Released","Feb 5, 2026 8:19:34 AM PST"
"Jan 27, 2026 5:22:30 PM PST","25357268251","Order","114-4773402-5680208","GDApolloAir01","Gear Doctors ApolloAir 5.2 R-Value [17oz] Ultralight Insulated Inflatable Camping Sleeping Pad - Backpacking Sleeping Pad - Camping Mattress Compact L","1","amazon.com","Invoiced Orders","Amazon","NEW YORK","NY","10024","MarketplaceFacilitator","84.99","7.54","0","0","0","0","0","0","0","0","-7.54","-12.75","-5.68","0","0","66.56","Released","Feb 27, 2026 1:17:44 AM PST"
"Jan 27, 2026 5:32:21 PM PST","25495925401","Refund","113-7212919-2268235","GDClassic01","Gear Doctors Self Inflating Camping Sleeping Pad for Camping 4.3 R Insulated Camping mats-1.5 in Must Haves Inflatable Foam air Sleep mat Self Inflati","1","amazon.com","Standard Orders","Amazon","GRANTVILLE","PA","17028","MarketplaceFacilitator","-29.99","-1.80","0","0","0","0","0","0","0","0","1.80","3.60","0","0","0","-26.39","Released","Jan 27, 2026 5:32:21 PM PST"
"Jan 27, 2026 5:32:29 PM PST","25495925401","Order","114-2709624-5406638","Ether-01","Gear Doctors® Ether 17.5oz Ultralight Camping Sleeping Pad - Backpacking Air Mattress - Camping Mattress Pad - Compact Inflatable Sleeping Mat for Ba","1","amazon.com","Standard Orders","Amazon","HOMESTEAD","FL","33032","MarketplaceFacilitator","33.99","2.38","0","0","0","0","0","0","0","0","-2.38","-5.10","-5.42","0","0","23.47","Released","Feb 5, 2026 3:54:03 AM PST"
"Jan 27, 2026 5:41:47 PM PST","25495925401","Order","113-1688822-7969066","Ether-01","Gear Doctors® Ether 17.5oz Ultralight Camping Sleeping Pad - Backpacking Air Mattress - Camping Mattress Pad - Compact Inflatable Sleeping Mat for Ba","1","amazon.com","Standard Orders","Amazon","PORTLAND","TX","78374","MarketplaceFacilitator","33.99","2.80","0","0","0","0","0","0","0","0","-2.80","-5.10","-5.42","0","0","23.47","Released","Feb 5, 2026 11:32:16 AM PST"
"Jan 27, 2026 5:45:46 PM PST","25495925401","Order","112-7647053-8024232","GDApolloAir01","Gear Doctors ApolloAir 5.2 R-Value [17oz] Ultralight Insulated Inflatable Camping Sleeping Pad - Backpacking Sleeping Pad - Camping Mattress Compact L","1","amazon.com","Standard Orders","Amazon","NEW YORK","NY","10022","MarketplaceFacilitator","84.99","6.41","0","0","0","0","0","0","-12.75","0","-6.41","-10.84","-5.68","0","0","55.72","Released","Feb 4, 2026 11:40:36 PM PST"
"Jan 27, 2026 5:56:45 PM PST","25495925401","Order","112-2555273-9583447","Ether-01","Gear Doctors® Ether 17.5oz Ultralight Camping Sleeping Pad - Backpacking Air Mattress - Camping Mattress Pad - Compact Inflatable Sleeping Mat for Ba","1","amazon.com","Standard Orders","Amazon","MARBLE FALLS","TX","78654","MarketplaceFacilitator","33.99","2.80","0","0","0","0","0","0","0","0","-2.80","-5.10","-5.42","0","0","23.47","Released","Feb 5, 2026 4:13:49 AM PST"
"Jan 27, 2026 5:59:31 PM PST","25495925401","Order","111-2764440-5781046","Ether-01","Gear Doctors® Ether 17.5oz Ultralight Camping Sleeping Pad - Backpacking Air Mattress - Camping Mattress Pad - Compact Inflatable Sleeping Mat for Ba","1","amazon.com","Standard Orders","Amazon","STATEN ISLAND","NY","10309","MarketplaceFacilitator","33.99","3.02","0","0","0","0","0","0","0","0","-3.02","-5.10","-5.42","0","0","23.47","Released","Feb 5, 2026 5:48:23 AM PST"
"Jan 27, 2026 6:07:20 PM PST","25495925401","Order","111-7761660-0621862","Ether-01","Gear Doctors® Ether 17.5oz Ultralight Camping Sleeping Pad - Backpacking Air Mattress - Camping Mattress Pad - Compact Inflatable Sleeping Mat for Ba","1","amazon.com","Standard Orders","Amazon","HOUSTON","TX","77008","MarketplaceFacilitator","33.99","2.80","0","0","0","0","0","0","0","0","-2.80","-5.10","-5.42","0","0","23.47","Released","Feb 5, 2026 3:35:33 AM PST"
"Jan 27, 2026 6:08:52 PM PST","25495925401","Order","112-4206613-0635461","GDClassic01","Gear Doctors Oxylus 4.3R-Value Insulated Foam Self Inflating Sleeping Pad Camping-Sleeping Pad Backpacking Air Mattress-Camping Mattress Self Inflatin","1","amazon.com","Standard Orders","Amazon","SAN FRANCISCO","CA","94131","MarketplaceFacilitator","37.49","3.23","0","0","0","0","0","0","0","0","-3.23","-5.62","-7.61","0","0","24.26","Released","Feb 5, 2026 5:46:13 AM PST"
"Jan 27, 2026 6:20:42 PM PST","25495925401","Order","112-8855757-2663429","GDClassic01","Gear Doctors Oxylus 4.3R-Value Insulated Foam Self Inflating Sleeping Pad Camping-Sleeping Pad Backpacking Air Mattress-Camping Mattress Self Inflatin","1","amazon.com","Standard Orders","Amazon","DOWLING","MI","49050","MarketplaceFacilitator","37.49","2.25","0","0","0","0","0","0","0","0","-2.25","-5.62","-7.61","0","0","24.26","Released","Feb 4, 2026 4:24:45 AM PST"
"Jan 27, 2026 6:46:58 PM PST","25495925401","Order","112-5077564-9545827","Ether-01","Gear Doctors® Ether 17.5oz Ultralight Camping Sleeping Pad - Backpacking Air Mattress - Camping Mattress Pad - Compact Inflatable Sleeping Mat for Ba","1","amazon.com","Standard Orders","Amazon","FREDERICK","MD","21703","MarketplaceFacilitator","33.99","2.04","1.50","0","0","0","0","0","-1.50","0","-2.04","-5.10","-5.42","0","0","23.47","Released","Feb 4, 2026 3:27:59 AM PST"
"Jan 27, 2026 6:49:23 PM PST","25495925401","Order","112-0224313-8140218","GDClassic01","Gear Doctors Oxylus 4.3R-Value Insulated Foam Self Inflating Sleeping Pad Camping-Sleeping Pad Backpacking Air Mattress-Camping Mattress Self Inflatin","2","amazon.com","Standard Orders","Amazon","RESCUE","CA","95672","MarketplaceFacilitator","74.98","5.44","0","0","0","0","0","0","0","0","-5.44","-11.24","-15.22","0","0","48.52","Released","Feb 4, 2026 10:31:36 PM PST"
"Jan 27, 2026 7:04:45 PM PST","25495925401","Order","112-1112337-4429017","Ether-01","Gear Doctors® Ether 17.5oz Ultralight Camping Sleeping Pad - Backpacking Air Mattress - Camping Mattress Pad - Compact Inflatable Sleeping Mat for Ba","1","amazon.com","Standard Orders","Amazon","Milwaukee","Wisconsin","53202","MarketplaceFacilitator","33.99","2.69","0","0","0","0","0","0","0","0","-2.69","-5.10","-5.42","0","0","23.47","Released","Feb 4, 2026 9:30:38 PM PST"
"Jan 27, 2026 7:31:20 PM PST","25495925401","Order","111-6573985-7034642","GDClassic01","Gear Doctors Oxylus 4.3R-Value Insulated Foam Self Inflating Sleeping Pad Camping-Sleeping Pad Backpacking Air Mattress-Camping Mattress Self Inflatin","1","amazon.com","Standard Orders","Amazon","SARASOTA","FL","34241","MarketplaceFacilitator","37.49","2.62","2.99","0","0","0","0","0","-2.99","0","-2.62","-5.62","-7.61","0","0","24.26","Released","Feb 4, 2026 2:49:45 AM PST"
"Jan 27, 2026 7:37:22 PM PST","25495925401","Order","111-0607564-8542659","GDClassic01","Gear Doctors Oxylus 4.3R-Value Insulated Foam Self Inflating Sleeping Pad Camping-Sleeping Pad Backpacking Air Mattress-Camping Mattress Self Inflatin","1","amazon.com","Standard Orders","Amazon","SUNNYVALE","CA","94089","MarketplaceFacilitator","37.49","3.42","0","0","0","0","0","0","0","0","-3.42","-5.62","-7.61","0","0","24.26","Released","Feb 5, 2026 9:01:16 AM PST"
"Jan 27, 2026 7:38:55 PM PST","25495925401","Order","113-9489766-8660261","GDClassic01","Gear Doctors Oxylus 4.3R-Value Insulated Foam Self Inflating Sleeping Pad Camping-Sleeping Pad Backpacking Air Mattress-Camping Mattress Self Inflatin","1","amazon.com","Standard Orders","Amazon","SUGAR LAND","TX","77479","MarketplaceFacilitator","37.49","3.09","0","0","0","0","0","0","0","0","-3.09","-5.62","-7.61","0","0","24.26","Released","Feb 5, 2026 1:33:22 AM PST"
"Jan 27, 2026 8:11:10 PM PST","25495925401","Order","114-6542702-7180221","Ether-01","Gear Doctors® Ether 17.5oz Ultralight Camping Sleeping Pad - Backpacking Air Mattress - Camping Mattress Pad - Compact Inflatable Sleeping Mat for Ba","1","amazon.com","Standard Orders","Amazon","PLANTERSVILLE","TX","77363","MarketplaceFacilitator","33.99","2.29","0","0","0","0","0","0","0","0","-2.29","-5.10","-5.42","0","0","23.47","Released","Feb 5, 2026 2:41:54 AM PST"
"Jan 27, 2026 8:54:32 PM PST","25495925401","Order","113-7948970-1724263","GDApolloAir01","Gear Doctors ApolloAir 5.2 R-Value [17oz] Ultralight Insulated Inflatable Camping Sleeping Pad - Backpacking Sleeping Pad - Camping Mattress Compact L","1","amazon.com","Standard Orders","Amazon","MESA","AZ","85203","MarketplaceFacilitator","84.99","6.00","0","0","0","0","0","0","-12.75","0","-6.00","-10.84","-5.68","0","0","55.72","Released","Feb 5, 2026 3:04:29 AM PST"
"Jan 27, 2026 9:10:28 PM PST","25495925401","Service Fee","","","Cost of Advertising","","","Standard Orders","","","","","","0","0","0","0","0","0","0","0","0","0","0","0","0","-507.76","0","-507.76","Released","Jan 27, 2026 9:10:28 PM PST"
"Jan 27, 2026 9:25:28 PM PST","25495925401","Order","111-2234080-8811413","GDClassic01","Gear Doctors Oxylus 4.3R-Value Insulated Foam Self Inflating Sleeping Pad Camping-Sleeping Pad Backpacking Air Mattress-Camping Mattress Self Inflatin","1","amazon.com","Standard Orders","Amazon","SHAMOKIN","PA","17872","MarketplaceFacilitator","37.49","2.25","0","0","0","0","0","0","0","0","-2.25","-5.62","-7.61","0","0","24.26","Released","Feb 5, 2026 7:32:32 AM PST"
"Jan 27, 2026 9:26:00 PM PST","25495925401","Order","111-6841881-7712240","GDClassic01","Gear Doctors Oxylus 4.3R-Value Insulated Foam Self Inflating Sleeping Pad Camping-Sleeping Pad Backpacking Air Mattress-Camping Mattress Self Inflatin","1","amazon.com","Standard Orders","Amazon","WASHINGTON","UTAH","84780","MarketplaceFacilitator","37.49","2.53","0","0","0","0","0","0","0","0","-2.53","-5.62","-7.61","0","0","24.26","Released","Feb 4, 2026 1:50:28 PM PST"
"Jan 27, 2026 9:44:08 PM PST","25495925401","Order","111-4046356-2556205","GDClassic01","Gear Doctors Oxylus 4.3R-Value Insulated Foam Self Inflating Sleeping Pad Camping-Sleeping Pad Backpacking Air Mattress-Camping Mattress Self Inflatin","1","amazon.com","Standard Orders","Amazon","KNOXVILLE","TN","37922","MarketplaceFacilitator","37.49","3.47","2.99","0","0","0","0","0","-2.99","0","-3.47","-5.62","-7.61","0","0","24.26","Released","Feb 4, 2026 3:12:55 AM PST"
"Jan 27, 2026 9:47:52 PM PST","25615550821","Order","114-4885252-8446639","GDCampingPillowOrange","Gear Doctors 3.5oz Compact Ultralight Inflatable Camping Pillow-Inflatable Camp Pillow-Backpacking Pillows Ultralight-Camping Pillows for Sleeping, Hi","1","amazon.com","Standard Orders","Amazon","SUFFOLK","VA","23435","MarketplaceFacilitator","14.99","0.90","0","0","0","0","0","0","0","0","-1.80","-4.50","-3.95","0","0","5.64","Released","Feb 8, 2026 6:34:52 AM PST"
"Jan 27, 2026 9:47:52 PM PST","25615550821","Order","114-4885252-8446639","GDCampingPillowOrange","Gear Doctors 3.5oz Compact Ultralight Inflatable Camping Pillow-Inflatable Camp Pillow-Backpacking Pillows Ultralight-Camping Pillows for Sleeping, Hi","1","amazon.com","Standard Orders","Amazon","SUFFOLK","VA","23435","","14.99","0.90","0","0","0","0","0","0","0","0","0","0","-3.95","0","0","11.94","Released","Feb 8, 2026 6:34:52 AM PST"
"Jan 27, 2026 10:05:41 PM PST","25495925401","Order","112-0518622-4181028","GDClassic01","Gear Doctors Oxylus 4.3R-Value Insulated Foam Self Inflating Sleeping Pad Camping-Sleeping Pad Backpacking Air Mattress-Camping Mattress Self Inflatin","1","amazon.com","Standard Orders","Amazon","SAN MARCOS","CA","92069","MarketplaceFacilitator","37.49","2.91","0","0","0","0","0","0","0","0","-2.91","-5.62","-7.61","0","0","24.26","Released","Feb 5, 2026 5:00:40 AM PST"
"Jan 27, 2026 10:14:23 PM PST","25495925401","Order","111-7247595-0011442","Ether-01","Gear Doctors® Ether 17.5oz Ultralight Camping Sleeping Pad - Backpacking Air Mattress - Camping Mattress Pad - Compact Inflatable Sleeping Mat for Ba","1","amazon.com","Standard Orders","Amazon","Miami","FL","33131","MarketplaceFacilitator","33.99","2.38","0","0","0","0","0","0","0","0","-4.76","-10.20","-5.42","0","0","15.99","Released","Feb 5, 2026 6:27:52 AM PST"
"Jan 27, 2026 10:14:23 PM PST","25495925401","Order","111-7247595-0011442","Ether-01","Gear Doctors® Ether 17.5oz Ultralight Camping Sleeping Pad - Backpacking Air Mattress - Camping Mattress Pad - Compact Inflatable Sleeping Mat for Ba","1","amazon.com","Standard Orders","Amazon","Miami","FL","33131","","33.99","2.38","0","0","0","0","0","0","0","0","0","0","-5.42","0","0","30.95","Released","Feb 5, 2026 6:27:52 AM PST"
"Jan 27, 2026 10:45:19 PM PST","25495925401","Order","114-9582467-3939463","GDClassic01","Gear Doctors Oxylus 4.3R-Value Insulated Foam Self Inflating Sleeping Pad Camping-Sleeping Pad Backpacking Air Mattress-Camping Mattress Self Inflatin","1","amazon.com","Standard Orders","Amazon","CANDLER","NC","28715","MarketplaceFacilitator","37.49","2.62","0","0","0","0","0","0","0","0","-2.62","-5.62","-7.61","0","0","24.26","Released","Feb 5, 2026 4:22:31 AM PST"
"Jan 27, 2026 11:08:19 PM PST","25495925401","Order","111-2041953-1182632","Ether-01","Gear Doctors® Ether 17.5oz Ultralight Camping Sleeping Pad - Backpacking Air Mattress - Camping Mattress Pad - Compact Inflatable Sleeping Mat for Ba","1","amazon.com","Standard Orders","Amazon","VISTA","CA","92083","MarketplaceFacilitator","33.99","2.80","0","0","0","0","0","0","0","0","-2.80","-5.10","-5.42","0","0","23.47","Released","Feb 5, 2026 12:45:36 AM PST"
"Jan 27, 2026 11:19:43 PM PST","25495925401","Order","113-8491248-2424266","GDClassic01","Gear Doctors Oxylus 4.3R-Value Insulated Foam Self Inflating Sleeping Pad Camping-Sleeping Pad Backpacking Air Mattress-Camping Mattress Self Inflatin","1","amazon.com","Standard Orders","Amazon","SANFORD","FL","32773","MarketplaceFacilitator","37.49","2.62","1.00","0","0","0","0","0","-1.00","0","-7.86","-16.86","-7.61","0","0","7.78","Released","Feb 4, 2026 6:50:17 AM PST"
"Jan 27, 2026 11:19:43 PM PST","25495925401","Order","113-8491248-2424266","GDClassic01","Gear Doctors Oxylus 4.3R-Value Insulated Foam Self Inflating Sleeping Pad Camping-Sleeping Pad Backpacking Air Mattress-Camping Mattress Self Inflatin","2","amazon.com","Standard Orders","Amazon","SANFORD","FL","32773","","74.98","5.24","1.99","0","0","0","0","0","-1.99","0","0","0","-15.22","0","0","65.00","Released","Feb 4, 2026 6:50:17 AM PST"
"Jan 28, 2026 12:17:24 AM PST","25495925401","Order","111-7038197-3538615","GDClassic01","Gear Doctors Oxylus 4.3R-Value Insulated Foam Self Inflating Sleeping Pad Camping-Sleeping Pad Backpacking Air Mattress-Camping Mattress Self Inflatin","2","amazon.com","Standard Orders","Amazon","ANTHONY","FL","32617","MarketplaceFacilitator","74.98","5.62","0","0","0","0","0","0","0","0","-5.62","-11.24","-15.22","0","0","48.52","Released","Feb 5, 2026 5:57:44 AM PST"
"Jan 28, 2026 12:27:38 AM PST","25495925401","Order","113-1778064-2817817","Ether-01","Gear Doctors® Ether 17.5oz Ultralight Camping Sleeping Pad - Backpacking Air Mattress - Camping Mattress Pad - Compact Inflatable Sleeping Mat for Ba","1","amazon.com","Standard Orders","Amazon","TOMS RIVER","NEW JERSEY","08757","MarketplaceFacilitator","33.99","2.25","0","0","0","0","0","0","0","0","-2.25","-5.10","-5.42","0","0","23.47","Released","Feb 5, 2026 12:01:58 AM PST"
"Jan 28, 2026 1:06:44 AM PST","25495925401","Order","114-4344824-7031421","GDCampingPillowOrange","Gear Doctors 3.5oz Compact Ultralight Inflatable Camping Pillow-Inflatable Camp Pillow-Backpacking Pillows Ultralight-Camping Pillows for Sleeping, Hi","1","amazon.com","Standard Orders","Amazon","LOS ANGELES","CA","90025","MarketplaceFacilitator","14.99","1.46","0","0","0","0","0","0","0","0","-1.46","-2.25","-3.95","0","0","8.79","Released","Feb 5, 2026 7:59:40 AM PST"
"Jan 28, 2026 1:32:02 AM PST","25495925401","Order","111-3137818-3266658","GDCampingPillowOrange","Gear Doctors 3.5oz Compact Ultralight Inflatable Camping Pillow-Inflatable Camp Pillow-Backpacking Pillows Ultralight-Camping Pillows for Sleeping, Hi","1","amazon.com","Standard Orders","Amazon","DENVER","CO","80202","MarketplaceFacilitator","14.99","1.37","0","0","0","0","0","0","0","0","-1.37","-2.25","-3.95","0","0","8.79","Released","Feb 6, 2026 4:42:34 AM PST"
"Jan 28, 2026 1:54:53 AM PST","25615550821","Order","111-3643221-7885056","Ether-01","Gear Doctors® Ether 17.5oz Ultralight Camping Sleeping Pad - Backpacking Air Mattress - Camping Mattress Pad - Compact Inflatable Sleeping Mat for Ba","1","amazon.com","Standard Orders","Amazon","Giva'at Ada","","37","","33.99","0","13.37","0","0","0","0","0","-13.37","0","0","-5.10","-5.42","0","0","23.47","Released","Feb 11, 2026 1:46:40 AM PST"
"Jan 28, 2026 2:07:03 AM PST","25495925401","Order","112-9486224-0311451","GDApolloAir-02","Gear Doctors ApolloAir 5.2 R-Value [25oz] Ultralight Insulated Inflatable Camping Sleeping Pad - Backpacking Sleeping Pad - Camping Mattress Compact L","1","amazon.com","Standard Orders","Amazon","ITHACA","NY","14850","MarketplaceFacilitator","89.99","7.20","0","0","0","0","0","0","0","0","-7.20","-13.50","-6.08","0","0","70.41","Released","Feb 6, 2026 6:22:36 AM PST"
"Jan 28, 2026 2:07:42 AM PST","25615550821","Order","113-5676214-3290635","GDApolloAir-02","Gear Doctors ApolloAir 5.2 R-Value [25oz] Ultralight Insulated Inflatable Camping Sleeping Pad - Backpacking Sleeping Pad - Camping Mattress Compact L","2","amazon.com","Standard Orders","Amazon","DPO","AE","09862","MarketplaceFacilitator","179.98","0","0","0","0","0","0","0","0","0","0","-27.00","-12.16","0","0","140.82","Released","Feb 12, 2026 11:29:44 PM PST"
"Jan 28, 2026 2:08:25 AM PST","25724679571","Order","111-2916043-2827440","Ether-01","Gear Doctors® Ether 17.5oz Ultralight Camping Sleeping Pad - Backpacking Air Mattress - Camping Mattress Pad - Compact Inflatable Sleeping Mat for Ba","1","amazon.com","Standard Orders","Amazon","APO","AE","09756","MarketplaceFacilitator","33.99","0","0","0","0","0","0","0","0","0","0","-5.10","-5.42","0","0","23.47","Released","Feb 21, 2026 4:44:01 AM PST"
"Jan 28, 2026 2:45:49 AM PST","25495925401","Order","111-0002490-3453875","GDClassic01","Gear Doctors Oxylus 4.3R-Value Insulated Foam Self Inflating Sleeping Pad Camping-Sleeping Pad Backpacking Air Mattress-Camping Mattress Self Inflatin","1","amazon.com","Standard Orders","Amazon","SHERMAN OAKS","CA","91423","MarketplaceFacilitator","37.49","3.66","2.99","0","0","0","0","0","-2.99","0","-3.66","-5.62","-7.61","0","0","24.26","Released","Feb 4, 2026 7:56:43 AM PST"
"Jan 28, 2026 2:51:52 AM PST","25495925401","Order","111-5282678-7128239","GDApolloAir01","Gear Doctors ApolloAir 5.2 R-Value [17oz] Ultralight Insulated Inflatable Camping Sleeping Pad - Backpacking Sleeping Pad - Camping Mattress Compact L","1","amazon.com","Standard Orders","Amazon","WESTMINSTER","CO","80021","MarketplaceFacilitator","84.99","7.44","0","0","0","0","0","0","0","0","-7.44","-12.75","-5.68","0","0","66.56","Released","Feb 5, 2026 4:14:48 AM PST"
"Jan 28, 2026 3:50:31 AM PST","25495925401","Order","113-4383674-8969053","GDApolloAir-02","Gear Doctors ApolloAir 5.2 R-Value [25oz] Ultralight Insulated Inflatable Camping Sleeping Pad - Backpacking Sleeping Pad - Camping Mattress Compact L","1","amazon.com","Standard Orders","Amazon","TAYLORSVILLE","UT","84129","MarketplaceFacilitator","89.99","6.70","0","0","0","0","0","0","0","0","-6.70","-13.50","-6.08","0","0","70.41","Released","Feb 5, 2026 4:09:28 AM PST"
"Jan 28, 2026 4:37:41 AM PST","25495925401","Order","113-0979923-0625820","GDClassic01","Gear Doctors Oxylus 4.3R-Value Insulated Foam Self Inflating Sleeping Pad Camping-Sleeping Pad Backpacking Air Mattress-Camping Mattress Self Inflatin","1","amazon.com","Standard Orders","Amazon","DIAMOND BAR","CA","91765","MarketplaceFacilitator","37.49","3.66","6.99","0","0","0","0","0","-6.99","0","-3.66","-5.62","-7.61","0","0","24.26","Released","Feb 5, 2026 12:46:17 AM PST"
"Jan 28, 2026 5:09:11 AM PST","25495925401","Order","111-0319338-5480213","Ether-01","Gear Doctors® Ether 17.5oz Ultralight Camping Sleeping Pad - Backpacking Air Mattress - Camping Mattress Pad - Compact Inflatable Sleeping Mat for Ba","1","amazon.com","Standard Orders","Amazon","HAMILTON","NJ","08620","MarketplaceFacilitator","33.99","2.25","0","0","0","0","0","0","0","0","-2.25","-5.10","-5.42","0","0","23.47","Released","Feb 6, 2026 1:37:48 AM PST"
"Jan 28, 2026 6:09:53 AM PST","25495925401","Order","111-6275094-3126667","Ether-01","Gear Doctors® Ether 17.5oz Ultralight Camping Sleeping Pad - Backpacking Air Mattress - Camping Mattress Pad - Compact Inflatable Sleeping Mat for Ba","1","amazon.com","Standard Orders","Amazon","WALKERSVILLE","MD","21793","MarketplaceFacilitator","33.99","2.04","1.50","0","0","0","0","0","-1.50","0","-2.04","-5.10","-5.42","0","0","23.47","Released","Feb 5, 2026 7:47:15 AM PST"
"Jan 28, 2026 6:27:03 AM PST","25495925401","Order","113-0261022-9217038","GDClassic01","Gear Doctors Oxylus 4.3R-Value Insulated Foam Self Inflating Sleeping Pad Camping-Sleeping Pad Backpacking Air Mattress-Camping Mattress Self Inflatin","2","amazon.com","Standard Orders","Amazon","MISSOURI CITY","TX","77459","MarketplaceFacilitator","74.98","6.18","0","0","0","0","0","0","0","0","-6.18","-11.24","-15.22","0","0","48.52","Released","Feb 6, 2026 4:50:11 AM PST"
"Jan 28, 2026 6:27:24 AM PST","25495925401","Order","111-1433271-1852228","Ether-01","Gear Doctors® Ether 17.5oz Ultralight Camping Sleeping Pad - Backpacking Air Mattress - Camping Mattress Pad - Compact Inflatable Sleeping Mat for Ba","1","amazon.com","Standard Orders","Amazon","COEBURN","VA","24230","MarketplaceFacilitator","33.99","1.80","0","0","0","0","0","0","0","0","-1.80","-5.10","-5.42","0","0","23.47","Released","Feb 5, 2026 3:01:12 PM PST"
"Jan 28, 2026 6:38:46 AM PST","25615550821","Order","114-2451710-7930650","Ether-01","Gear Doctors® Ether 17.5oz Ultralight Camping Sleeping Pad - Backpacking Air Mattress - Camping Mattress Pad - Compact Inflatable Sleeping Mat for Ba","1","amazon.com","Standard Orders","Amazon","CABOT","AR","72023","MarketplaceFacilitator","33.99","3.40","0","0","0","0","0","0","0","0","-3.40","-5.10","-5.42","0","0","23.47","Released","Feb 10, 2026 6:39:32 AM PST"
"Jan 28, 2026 6:48:11 AM PST","25495925401","Order","111-1433271-1852228","GDCampingPillowOrange","Gear Doctors 3.5oz Compact Ultralight Inflatable Camping Pillow-Inflatable Camp Pillow-Backpacking Pillows Ultralight-Camping Pillows for Sleeping, Hi","1","amazon.com","Standard Orders","Amazon","COEBURN","VA","24230","MarketplaceFacilitator","14.99","0.79","0","0","0","0","0","0","0","0","-0.79","-2.25","-3.95","0","0","8.79","Released","Feb 6, 2026 3:28:55 AM PST"
"Jan 28, 2026 6:51:16 AM PST","25615550821","Order","113-0483227-3440263","GDClassic01","Gear Doctors Oxylus 4.3R-Value Insulated Foam Self Inflating Sleeping Pad Camping-Sleeping Pad Backpacking Air Mattress-Camping Mattress Self Inflatin","1","amazon.com","Standard Orders","Amazon","ATHENS","AL","35611","MarketplaceFacilitator","37.49","3.00","0","0","0","0","0","0","0","0","-3.00","-5.62","-7.61","0","0","24.26","Released","Feb 7, 2026 5:17:56 AM PST"
"Jan 28, 2026 8:05:02 AM PST","25615550821","Order","111-0918560-9588267","GDCampingPillowOrange","Gear Doctors 3.5oz Compact Ultralight Inflatable Camping Pillow-Inflatable Camp Pillow-Backpacking Pillows Ultralight-Camping Pillows for Sleeping, Hi","1","amazon.com","Standard Orders","Amazon","COVINGTON","IN","47932","MarketplaceFacilitator","14.99","1.05","0","0","0","0","0","0","0","0","-1.05","-2.25","-3.95","0","0","8.79","Released","Feb 7, 2026 6:22:57 AM PST"
"Jan 28, 2026 8:08:59 AM PST","25615550821","Order","112-1665722-6713012","GDCampingPillowOrange","Gear Doctors 3.5oz Compact Ultralight Inflatable Camping Pillow-Inflatable Camp Pillow-Backpacking Pillows Ultralight-Camping Pillows for Sleeping, Hi","1","amazon.com","Standard Orders","Amazon","Tel Aviv","Israel","67","","14.99","0","7.00","0","0","0","0","0","-7.00","0","0","-2.25","-3.95","0","0","8.79","Released","Feb 20, 2026 3:16:37 AM PST"
"Jan 28, 2026 8:09:39 AM PST","25495925401","Order","114-4286729-5711448","Ether-01","Gear Doctors® Ether 17.5oz Ultralight Camping Sleeping Pad - Backpacking Air Mattress - Camping Mattress Pad - Compact Inflatable Sleeping Mat for Ba","1","amazon.com","Standard Orders","Amazon","MAHOPAC","NY","10541","MarketplaceFacilitator","33.99","2.85","0","0","0","0","0","0","0","0","-2.85","-5.10","-5.42","0","0","23.47","Released","Feb 5, 2026 3:04:03 PM PST"
"Jan 28, 2026 8:37:21 AM PST","25615550821","Order","113-0562019-6225850","Ether-01","Gear Doctors® Ether 17.5oz Ultralight Camping Sleeping Pad - Backpacking Air Mattress - Camping Mattress Pad - Compact Inflatable Sleeping Mat for Ba","1","amazon.com","Standard Orders","Amazon","CHARLTON","MA","01507","MarketplaceFacilitator","33.99","0","0","0","0","0","0","0","0","0","0","-5.10","-5.42","0","0","23.47","Released","Feb 12, 2026 11:49:46 PM PST"
"Jan 28, 2026 8:38:06 AM PST","25615550821","Order","113-0387529-8941823","GDApolloAir01","Gear Doctors ApolloAir 5.2 R-Value [17oz] Ultralight Insulated Inflatable Camping Sleeping Pad - Backpacking Sleeping Pad - Camping Mattress Compact L","1","amazon.com","Standard Orders","Amazon","PLAINVIEW","TX","79072","MarketplaceFacilitator","84.99","5.74","0","0","0","0","0","0","0","0","-5.74","-12.75","-5.68","0","0","66.56","Released","Feb 8, 2026 9:48:29 AM PST"
"Jan 28, 2026 9:12:38 AM PST","25495925401","Order","112-8836561-9905033","Ether-01","Gear Doctors® Ether 17.5oz Ultralight Camping Sleeping Pad - Backpacking Air Mattress - Camping Mattress Pad - Compact Inflatable Sleeping Mat for Ba","1","amazon.com","Standard Orders","Amazon","MERRIMACK","NH","03054","","33.99","0","2.99","0","0","0","0","0","-2.99","0","0","-5.10","-5.42","0","0","23.47","Released","Feb 5, 2026 10:42:26 AM PST"
"Jan 28, 2026 9:29:41 AM PST","25495925401","Order","113-6805001-1464261","GDClassic01","Gear Doctors Oxylus 4.3R-Value Insulated Foam Self Inflating Sleeping Pad Camping-Sleeping Pad Backpacking Air Mattress-Camping Mattress Self Inflatin","1","amazon.com","Standard Orders","Amazon","Scio","OR","97374","","37.49","0","0.75","0","0","0","0","0","-0.75","0","0","-5.62","-7.61","0","0","24.26","Released","Feb 5, 2026 7:52:18 AM PST"
"Jan 28, 2026 10:31:32 AM PST","25495925401","Order","112-3204845-1094657","Ether-01","Gear Doctors® Ether 17.5oz Ultralight Camping Sleeping Pad - Backpacking Air Mattress - Camping Mattress Pad - Compact Inflatable Sleeping Mat for Ba","1","amazon.com","Standard Orders","Amazon","WOODBURY","MN","55125","MarketplaceFacilitator","33.99","3.02","0","0","0","0","0","0","0","0","-3.02","-5.10","-5.42","0","0","23.47","Released","Feb 5, 2026 7:58:58 AM PST"
"Jan 28, 2026 10:31:57 AM PST","25495925401","Order","112-4421838-7727411","GDClassic01","Gear Doctors Oxylus 4.3R-Value Insulated Foam Self Inflating Sleeping Pad Camping-Sleeping Pad Backpacking Air Mattress-Camping Mattress Self Inflatin","2","amazon.com","Standard Orders","Amazon","ROCKLEDGE","FL","32955","MarketplaceFacilitator","74.98","5.24","1.99","0","0","0","0","0","-1.99","0","-5.24","-11.24","-15.22","0","0","48.52","Released","Feb 5, 2026 7:17:00 AM PST"
"Jan 28, 2026 10:49:08 AM PST","25495925401","Order","111-0032452-1283437","Ether-01","Gear Doctors® Ether 17.5oz Ultralight Camping Sleeping Pad - Backpacking Air Mattress - Camping Mattress Pad - Compact Inflatable Sleeping Mat for Ba","1","amazon.com","Standard Orders","Amazon","NASHVILLE","TN","37209","MarketplaceFacilitator","33.99","3.31","1.49","0","0","0","0","0","-1.49","0","-6.62","-10.20","-5.42","0","0","15.06","Released","Feb 5, 2026 1:12:43 AM PST"
"Jan 28, 2026 10:49:08 AM PST","25495925401","Order","111-0032452-1283437","Ether-01","Gear Doctors® Ether 17.5oz Ultralight Camping Sleeping Pad - Backpacking Air Mattress - Camping Mattress Pad - Compact Inflatable Sleeping Mat for Ba","1","amazon.com","Standard Orders","Amazon","NASHVILLE","TN","37209","","33.99","3.31","1.50","0","0","0","0","0","-1.50","0","0","0","-5.42","0","0","31.88","Released","Feb 5, 2026 1:12:43 AM PST"
"Jan 28, 2026 11:03:31 AM PST","25495925401","Adjustment","","GDClassic01","FBA Inventory Reimbursement - Damaged:Warehouse","1","","Standard Orders","","","","","","0","0","0","0","0","0","0","0","0","0","0","0","0","0","15.57","15.57","Released","Jan 28, 2026 11:03:31 AM PST"
"Jan 28, 2026 11:03:50 AM PST","25615550821","Order","113-2854131-5200239","Ether-01","Gear Doctors® Ether 17.5oz Ultralight Camping Sleeping Pad - Backpacking Air Mattress - Camping Mattress Pad - Compact Inflatable Sleeping Mat for Ba","1","amazon.com","Standard Orders","Amazon","GREENVILLE","SC","29605","MarketplaceFacilitator","33.99","2.04","0","0","0","0","0","0","0","0","-4.08","-10.20","-5.42","0","0","16.33","Released","Feb 7, 2026 3:26:35 AM PST"
"Jan 28, 2026 11:03:50 AM PST","25615550821","Order","113-2854131-5200239","Ether-01","Gear Doctors® Ether 17.5oz Ultralight Camping Sleeping Pad - Backpacking Air Mattress - Camping Mattress Pad - Compact Inflatable Sleeping Mat for Ba","1","amazon.com","Standard Orders","Amazon","GREENVILLE","SC","29605","","33.99","2.04","0","0","0","0","0","0","0","0","0","0","-5.42","0","0","30.61","Released","Feb 7, 2026 3:26:35 AM PST"
"Jan 28, 2026 11:14:49 AM PST","25495925401","Service Fee","FBA192NQSJP6","","FBA Inbound Placement Service Fee","","Amazon.com","Standard Orders","","","","","","0","0","0","0","0","0","0","0","0","0","0","0","0","0","0","0","Released","Jan 28, 2026 11:14:49 AM PST"
"Jan 28, 2026 11:32:52 AM PST","25495925401","Order","114-7823679-3965062","Ether-01","Gear Doctors® Ether 17.5oz Ultralight Camping Sleeping Pad - Backpacking Air Mattress - Camping Mattress Pad - Compact Inflatable Sleeping Mat for Ba","1","amazon.com","Standard Orders","Amazon","JAMUL","CA","91935","MarketplaceFacilitator","33.99","2.63","2.99","0","0","0","0","0","-2.99","0","-2.63","-5.10","-5.42","0","0","23.47","Released","Feb 5, 2026 6:45:39 AM PST"
"Jan 28, 2026 11:44:57 AM PST","25495925401","Order","112-0466723-3185013","Ether-01","Gear Doctors® Ether 17.5oz Ultralight Camping Sleeping Pad - Backpacking Air Mattress - Camping Mattress Pad - Compact Inflatable Sleeping Mat for Ba","1","amazon.com","Standard Orders","Amazon","REX","GEORGIA","30273","MarketplaceFacilitator","33.99","2.72","0","0","0","0","0","0","0","0","-2.72","-5.10","-5.42","0","0","23.47","Released","Feb 6, 2026 2:59:48 AM PST"
"Jan 28, 2026 12:01:59 PM PST","25495925401","Order","114-3613716-2994644","GDCampingPillowBlue","Gear Doctors 3.5oz Compact Ultralight Inflatable Camping Pillow -Inflatable Camp Pillow -Backpacking Pillows Ultralight-Camping Pillows for Sleeping,","1","amazon.com","Standard Orders","Amazon","DOUGLASVILLE","GA","30135","MarketplaceFacilitator","14.99","1.05","0","0","0","0","0","0","0","0","-1.05","-2.25","-3.95","0","0","8.79","Released","Feb 6, 2026 1:29:54 AM PST"
"Jan 28, 2026 12:11:36 PM PST","25615550821","Order","114-3310425-2223436","GDCampingPillowOrange","Gear Doctors 3.5oz Compact Ultralight Inflatable Camping Pillow-Inflatable Camp Pillow-Backpacking Pillows Ultralight-Camping Pillows for Sleeping, Hi","1","amazon.com","Standard Orders","Amazon","ANCHORAGE","AK","99501","MarketplaceFacilitator","14.99","0","0","0","0","0","0","0","0","0","0","-2.25","-3.95","0","0","8.79","Released","Feb 9, 2026 4:29:09 AM PST"
"Jan 28, 2026 12:15:15 PM PST","25495925401","Order","111-4512711-9973013","GDApolloAir01","Gear Doctors ApolloAir 5.2 R-Value [17oz] Ultralight Insulated Inflatable Camping Sleeping Pad - Backpacking Sleeping Pad - Camping Mattress Compact L","1","amazon.com","Standard Orders","Amazon","SPOKANE","WA","99206","MarketplaceFacilitator","84.99","7.65","0.60","0","0","0","0","0","-0.60","0","-7.65","-12.75","-5.68","0","0","66.56","Released","Feb 5, 2026 6:10:23 AM PST"
"Jan 28, 2026 12:47:54 PM PST","25495925401","Order","114-5899792-9037029","GDCampingPillowOrange","Gear Doctors 3.5oz Compact Ultralight Inflatable Camping Pillow-Inflatable Camp Pillow-Backpacking Pillows Ultralight-Camping Pillows for Sleeping, Hi","1","amazon.com","Standard Orders","Amazon","GREEN BAY","WI","54313","MarketplaceFacilitator","14.99","0.82","0","0","0","0","0","0","0","0","-0.82","-2.25","-3.95","0","0","8.79","Released","Feb 6, 2026 1:13:02 AM PST"
"Jan 28, 2026 12:51:39 PM PST","25495925401","Order","112-9455311-3204243","Ether-01","Gear Doctors® Ether 17.5oz Ultralight Camping Sleeping Pad - Backpacking Air Mattress - Camping Mattress Pad - Compact Inflatable Sleeping Mat for Ba","1","amazon.com","Standard Orders","Amazon","ALEDO","TX","76008","MarketplaceFacilitator","33.99","2.80","0","0","0","0","0","0","0","0","-2.80","-5.10","-5.42","0","0","23.47","Released","Feb 6, 2026 2:57:11 AM PST"
"Jan 28, 2026 12:57:22 PM PST","25495925401","Order","113-8195387-9048220","GDClassic01","Gear Doctors Oxylus 4.3R-Value Insulated Foam Self Inflating Sleeping Pad Camping-Sleeping Pad Backpacking Air Mattress-Camping Mattress Self Inflatin","2","amazon.com","Standard Orders","Amazon","CHARLESTON","SC","29412","MarketplaceFacilitator","74.98","6.74","0","0","0","0","0","0","0","0","-6.74","-11.24","-15.22","0","0","48.52","Released","Feb 6, 2026 5:46:31 AM PST"
"Jan 28, 2026 1:12:32 PM PST","25495925401","Order","114-6512204-7266612","Ether-01","Gear Doctors® Ether 17.5oz Ultralight Camping Sleeping Pad - Backpacking Air Mattress - Camping Mattress Pad - Compact Inflatable Sleeping Mat for Ba","1","amazon.com","Standard Orders","Amazon","San Francisco","CA","94118","MarketplaceFacilitator","33.99","2.93","1.49","0","0","0","0","0","-1.49","0","-2.93","-5.10","-5.42","0","0","23.47","Released","Feb 5, 2026 2:37:58 AM PST"
"Jan 28, 2026 1:16:58 PM PST","25495925401","Order","113-1132432-6379414","Ether-01","Gear Doctors® Ether 17.5oz Ultralight Camping Sleeping Pad - Backpacking Air Mattress - Camping Mattress Pad - Compact Inflatable Sleeping Mat for Ba","1","amazon.com","Standard Orders","Amazon","PLANTATION","FL","33324","MarketplaceFacilitator","33.99","2.38","0","0","0","0","0","0","0","0","-2.38","-5.10","-5.42","0","0","23.47","Released","Feb 6, 2026 6:37:45 AM PST"
"Jan 28, 2026 1:22:54 PM PST","25495925401","Order","113-4652079-3353855","Ether-01","Gear Doctors® Ether 17.5oz Ultralight Camping Sleeping Pad - Backpacking Air Mattress - Camping Mattress Pad - Compact Inflatable Sleeping Mat for Ba","1","amazon.com","Standard Orders","Amazon","THE VILLAGES","FL","32163","MarketplaceFacilitator","33.99","2.38","0","0","0","0","0","0","0","0","-4.76","-10.20","-5.42","0","0","15.99","Released","Feb 6, 2026 7:18:09 AM PST"
"Jan 28, 2026 1:22:54 PM PST","25495925401","Order","113-4652079-3353855","Ether-01","Gear Doctors® Ether 17.5oz Ultralight Camping Sleeping Pad - Backpacking Air Mattress - Camping Mattress Pad - Compact Inflatable Sleeping Mat for Ba","1","amazon.com","Standard Orders","Amazon","THE VILLAGES","FL","32163","","33.99","2.38","0","0","0","0","0","0","0","0","0","0","-5.42","0","0","30.95","Released","Feb 6, 2026 7:18:09 AM PST"
"Jan 28, 2026 1:25:11 PM PST","25495925401","Order","114-5746910-5881860","Ether-01","Gear Doctors® Ether 17.5oz Ultralight Camping Sleeping Pad - Backpacking Air Mattress - Camping Mattress Pad - Compact Inflatable Sleeping Mat for Ba","1","amazon.com","Standard Orders","Amazon","ATLANTA","GA","30308","MarketplaceFacilitator","33.99","3.03","0","0","0","0","0","0","0","0","-3.03","-5.10","-5.42","0","0","23.47","Released","Feb 6, 2026 5:26:13 AM PST"
"Jan 28, 2026 2:09:14 PM PST","25615550821","Order","114-2574810-9860204","Ether-01","Gear Doctors® Ether 17.5oz Ultralight Camping Sleeping Pad - Backpacking Air Mattress - Camping Mattress Pad - Compact Inflatable Sleeping Mat for Ba","1","amazon.com","Standard Orders","Amazon","GILBERT","AZ","85296","MarketplaceFacilitator","33.99","2.82","0.25","0","0","0","0","0","-0.25","0","-2.82","-5.10","-5.42","0","0","23.47","Released","Feb 7, 2026 3:29:05 AM PST"
"Jan 28, 2026 2:31:57 PM PST","25495925401","Order","111-5185526-8906663","Ether-01","Gear Doctors® Ether 17.5oz Ultralight Camping Sleeping Pad - Backpacking Air Mattress - Camping Mattress Pad - Compact Inflatable Sleeping Mat for Ba","1","amazon.com","Standard Orders","Amazon","FRUITA","CO","81521","MarketplaceFacilitator","33.99","2.81","0","0","0","0","0","0","0","0","-2.81","-5.10","-5.42","0","0","23.47","Released","Feb 6, 2026 3:24:02 AM PST"
"Jan 28, 2026 2:40:26 PM PST","25495925401","Order","111-9235364-8894628","Ether-01","Gear Doctors® Ether 17.5oz Ultralight Camping Sleeping Pad - Backpacking Air Mattress - Camping Mattress Pad - Compact Inflatable Sleeping Mat for Ba","1","amazon.com","Standard Orders","Amazon","DALLAS","TX","75287","MarketplaceFacilitator","33.99","2.80","0","0","0","0","0","0","0","0","-2.80","-5.10","-5.42","0","0","23.47","Released","Feb 6, 2026 7:49:38 AM PST"
"Jan 28, 2026 2:51:26 PM PST","25495925401","Order","113-8852517-8446623","Ether-01","Gear Doctors® Ether 17.5oz Ultralight Camping Sleeping Pad - Backpacking Air Mattress - Camping Mattress Pad - Compact Inflatable Sleeping Mat for Ba","1","amazon.com","Standard Orders","Amazon","DALLAS","TX","75248","MarketplaceFacilitator","33.99","2.80","0","0","0","0","0","0","0","0","-2.80","-5.10","-5.42","0","0","23.47","Released","Feb 6, 2026 1:00:49 AM PST"
"Jan 28, 2026 3:16:57 PM PST","25495925401","Order","111-5358034-5269809","GDApolloAir01","Gear Doctors ApolloAir 5.2 R-Value [17oz] Ultralight Insulated Inflatable Camping Sleeping Pad - Backpacking Sleeping Pad - Camping Mattress Compact L","1","amazon.com","Standard Orders","Amazon","RAMSEY","NJ","07446","MarketplaceFacilitator","84.99","4.79","0","0","0","0","0","0","-12.75","0","-4.79","-10.84","-5.68","0","0","55.72","Released","Feb 6, 2026 1:11:35 AM PST"
"Jan 28, 2026 3:51:47 PM PST","25495925401","Order","111-8826863-8415461","GDClassic01","Gear Doctors Oxylus 4.3R-Value Insulated Foam Self Inflating Sleeping Pad Camping-Sleeping Pad Backpacking Air Mattress-Camping Mattress Self Inflatin","1","amazon.com","Standard Orders","Amazon","GREENVILLE","IN","47124","MarketplaceFacilitator","37.49","2.62","0","0","0","0","0","0","0","0","-2.62","-5.62","-7.61","0","0","24.26","Released","Feb 5, 2026 10:48:05 PM PST"
"Jan 28, 2026 4:21:58 PM PST","25495925401","Refund","113-2384460-8153061","GDCampingPillowBlue","Gear Doctors 3.5oz Compact Ultralight Inflatable Camping Pillow - Inflatable Camp Pillow - Backpacking Pillows Ultralight- Camping Pillows for Sleepin","1","amazon.com","Standard Orders","Amazon","Cerritos","CA","90701","MarketplaceFacilitator","-14.99","-1.50","0","0","0","0","0","0","0.75","0","1.50","1.71","0","0","0","-12.53","Released","Jan 28, 2026 4:21:58 PM PST"
"Jan 28, 2026 4:26:13 PM PST","25495925401","Order","112-4083907-3989840","Ether-01","Gear Doctors® Ether 17.5oz Ultralight Camping Sleeping Pad - Backpacking Air Mattress - Camping Mattress Pad - Compact Inflatable Sleeping Mat for Ba","1","amazon.com","Standard Orders","Amazon","LUTZ","FL","33558","MarketplaceFacilitator","33.99","2.55","4.23","0","0","0","0","0","-4.23","0","-2.55","-5.10","-5.42","0","0","23.47","Released","Feb 6, 2026 8:50:54 AM PST"
"Jan 28, 2026 4:27:54 PM PST","25495925401","Refund","113-2384460-8153061","GDCampingPillowTeal","Gear Doctors 3.5oz Compact Ultralight Inflatable Camping Pillow - Inflatable Camp Pillow - Backpacking Pillows Ultralight- Camping Pillows for Sleepin","1","amazon.com","Standard Orders","Amazon","Cerritos","CA","90701","MarketplaceFacilitator","-14.99","-1.50","0","0","0","0","0","0","0.75","0","1.50","1.71","0","0","0","-12.53","Released","Jan 28, 2026 4:27:54 PM PST"
"Jan 28, 2026 4:45:28 PM PST","25495925401","Refund","114-8389162-8045030","Ether-01","Gear Doctors® Ether 17.5oz Ultralight Camping Sleeping Pad - Backpacking Air Mattress - Camping Mattress Pad - Compact Inflatable Sleeping Mat for Ba","1","amazon.com","Standard Orders","Amazon","GULF BREEZE","FL","32563","MarketplaceFacilitator","-33.99","-2.38","0","0","0","0","0","0","0","0","2.38","4.08","0","0","0","-29.91","Released","Jan 31, 2026 5:36:32 AM PST"
"Jan 28, 2026 5:09:40 PM PST","25495925401","Order","112-9062775-1199406","Ether-01","Gear Doctors® Ether 17.5oz Ultralight Camping Sleeping Pad - Backpacking Air Mattress - Camping Mattress Pad - Compact Inflatable Sleeping Mat for Ba","1","amazon.com","Standard Orders","Amazon","CHICO","CA","95973","MarketplaceFacilitator","33.99","3.14","0","0","0","0","0","0","0","0","-6.28","-10.20","-5.42","0","0","15.23","Released","Feb 5, 2026 5:46:36 PM PST"
"Jan 28, 2026 5:09:40 PM PST","25495925401","Order","112-9062775-1199406","Ether-01","Gear Doctors® Ether 17.5oz Ultralight Camping Sleeping Pad - Backpacking Air Mattress - Camping Mattress Pad - Compact Inflatable Sleeping Mat for Ba","1","amazon.com","Standard Orders","Amazon","CHICO","CA","95973","","33.99","3.14","0","0","0","0","0","0","0","0","0","0","-5.42","0","0","31.71","Released","Feb 5, 2026 5:46:36 PM PST"
"Jan 28, 2026 5:15:50 PM PST","25495925401","Order","113-3183775-8466606","Ether-01","Gear Doctors® Ether 17.5oz Ultralight Camping Sleeping Pad - Backpacking Air Mattress - Camping Mattress Pad - Compact Inflatable Sleeping Mat for Ba","1","amazon.com","Standard Orders","Amazon","BUFORD","GA","30519","MarketplaceFacilitator","33.99","2.04","0","0","0","0","0","0","0","0","-2.04","-5.10","-5.42","0","0","23.47","Released","Feb 6, 2026 3:19:11 AM PST"
"Jan 28, 2026 5:18:48 PM PST","25495925401","Refund","114-5400176-7291465","Ether-01","Gear Doctors® Ether 17.5oz Ultralight Camping Sleeping Pad - Backpacking Air Mattress - Camping Mattress Pad - Compact Inflatable Sleeping Mat for Ba","1","amazon.com","Standard Orders","Amazon","CARLSBAD","CA","92011","MarketplaceFacilitator","-33.99","-2.63","-2.99","0","0","0","0","0","2.99","0","2.63","4.08","0","0","0","-29.91","Released","Feb 2, 2026 3:01:50 AM PST"
"Jan 28, 2026 5:27:41 PM PST","25495925401","Order","113-1043262-3985811","GDApolloAir01","Gear Doctors ApolloAir 5.2 R-Value [17oz] Ultralight Insulated Inflatable Camping Sleeping Pad - Backpacking Sleeping Pad - Camping Mattress Compact L","2","amazon.com","Standard Orders","Amazon","Del Norte","CO","81132","MarketplaceFacilitator","169.98","9.18","0","0","0","0","0","0","0","0","-9.18","-25.50","-11.36","0","0","133.12","Released","Feb 5, 2026 1:37:15 PM PST"
"Jan 28, 2026 5:30:06 PM PST","25495925401","Order","114-8176017-5436268","GDClassic01","Gear Doctors Oxylus 4.3R-Value Insulated Foam Self Inflating Sleeping Pad Camping-Sleeping Pad Backpacking Air Mattress-Camping Mattress Self Inflatin","1","amazon.com","Standard Orders","Amazon","GASTONIA","NC","28052","MarketplaceFacilitator","37.49","2.62","0.60","0","0","0","0","0","-0.60","0","-2.62","-5.62","-7.61","0","0","24.26","Released","Feb 5, 2026 3:28:52 AM PST"
"Jan 28, 2026 5:35:58 PM PST","25495925401","Order","111-1700205-5577805","GDApolloAir01","Gear Doctors ApolloAir 5.2 R-Value [17oz] Ultralight Insulated Inflatable Camping Sleeping Pad - Backpacking Sleeping Pad - Camping Mattress Compact L","1","amazon.com","Standard Orders","Amazon","DE PERE","WI","54115","MarketplaceFacilitator","84.99","4.67","1.09","0","0","0","0","0","-1.09","0","-4.67","-12.75","-5.68","0","0","66.56","Released","Feb 5, 2026 1:33:37 PM PST"
"Jan 28, 2026 6:12:51 PM PST","25495925401","Order","114-7067372-6480232","GDApolloAir01","Gear Doctors ApolloAir 5.2 R-Value [17oz] Ultralight Insulated Inflatable Camping Sleeping Pad - Backpacking Sleeping Pad - Camping Mattress Compact L","1","amazon.com","Standard Orders","Amazon","OAKLAND","CA","94611","MarketplaceFacilitator","84.99","9.14","0","0","0","0","0","0","0","0","-9.14","-12.75","-5.68","0","0","66.56","Released","Feb 6, 2026 12:48:53 AM PST"
"Jan 28, 2026 6:20:34 PM PST","25615550821","Order","111-8407304-5750616","Ether-01","Gear Doctors® Ether 17.5oz Ultralight Camping Sleeping Pad - Backpacking Air Mattress - Camping Mattress Pad - Compact Inflatable Sleeping Mat for Ba","1","amazon.com","Standard Orders","Amazon","JEWETT CITY","CT","06351","MarketplaceFacilitator","33.99","2.16","0","0","0","0","0","0","0","0","-2.16","-5.10","-5.42","0","0","23.47","Released","Feb 6, 2026 11:11:30 PM PST"
"Jan 28, 2026 6:20:37 PM PST","25495925401","Order","112-3181902-6574614","GDClassic01","Gear Doctors Oxylus 4.3R-Value Insulated Foam Self Inflating Sleeping Pad Camping-Sleeping Pad Backpacking Air Mattress-Camping Mattress Self Inflatin","1","amazon.com","Standard Orders","Amazon","MARIETTA","GA","30066","MarketplaceFacilitator","37.49","2.25","0","0","0","0","0","0","0","0","-2.25","-5.62","-7.61","0","0","24.26","Released","Feb 6, 2026 6:02:03 AM PST"
"Jan 28, 2026 6:28:06 PM PST","25495925401","Order","111-3597114-4333067","Ether-01","Gear Doctors® Ether 17.5oz Ultralight Camping Sleeping Pad - Backpacking Air Mattress - Camping Mattress Pad - Compact Inflatable Sleeping Mat for Ba","1","amazon.com","Standard Orders","Amazon","WEST LAFAYETTE","IN","47906","MarketplaceFacilitator","33.99","2.38","0","0","0","0","0","0","0","0","-2.38","-5.10","-5.42","0","0","23.47","Released","Feb 6, 2026 12:54:45 AM PST"
"Jan 28, 2026 6:33:40 PM PST","25615550821","Order","113-7250971-4258653","Ether-01","Gear Doctors® Ether 17.5oz Ultralight Camping Sleeping Pad - Backpacking Air Mattress - Camping Mattress Pad - Compact Inflatable Sleeping Mat for Ba","1","amazon.com","Standard Orders","Amazon","RED ROCK","AZ","85145","MarketplaceFacilitator","33.99","2.28","0","0","0","0","0","0","0","0","-2.28","-5.10","-5.42","0","0","23.47","Released","Feb 7, 2026 6:18:30 AM PST"
"Jan 28, 2026 6:34:38 PM PST","25495925401","Order","112-4648077-3644244","GDClassic01","Gear Doctors Oxylus 4.3R-Value Insulated Foam Self Inflating Sleeping Pad Camping-Sleeping Pad Backpacking Air Mattress-Camping Mattress Self Inflatin","1","amazon.com","Standard Orders","Amazon","SUFFERN","NY","10901","MarketplaceFacilitator","37.49","3.14","0","0","0","0","0","0","0","0","-3.14","-5.62","-7.61","0","0","24.26","Released","Feb 6, 2026 6:13:41 AM PST"
"Jan 28, 2026 6:42:03 PM PST","25495925401","Refund","112-7059104-2921833","GDClassic01","Gear Doctors Oxylus 4.3R-Value Insulated Foam Self Inflating Sleeping Pad Camping-Sleeping Pad Backpacking Air Mattress-Camping Mattress Self Inflatin","1","amazon.com","Standard Orders","Amazon","SACRAMENTO","CA","95826","MarketplaceFacilitator","-37.49","-2.91","0","0","0","0","0","0","0","0","2.91","4.50","0","0","0","-32.99","Released","Jan 28, 2026 6:42:03 PM PST"
"Jan 28, 2026 6:43:29 PM PST","25495925401","Order","111-1228064-0543408","GDClassic01","Gear Doctors Oxylus 4.3R-Value Insulated Foam Self Inflating Sleeping Pad Camping-Sleeping Pad Backpacking Air Mattress-Camping Mattress Self Inflatin","1","amazon.com","Standard Orders","Amazon","LAKEWOOD","WA","98499","MarketplaceFacilitator","37.49","3.79","0","0","0","0","0","0","0","0","-3.79","-5.62","-7.61","0","0","24.26","Released","Feb 6, 2026 2:59:21 AM PST"
"Jan 28, 2026 7:10:34 PM PST","25495925401","Order","111-9872198-5549804","Ether-01","Gear Doctors® Ether 17.5oz Ultralight Camping Sleeping Pad - Backpacking Air Mattress - Camping Mattress Pad - Compact Inflatable Sleeping Mat for Ba","1","amazon.com","Standard Orders","Amazon","AUSTIN","TX","78723","MarketplaceFacilitator","33.99","2.80","0","0","0","0","0","0","0","0","-2.80","-5.10","-5.42","0","0","23.47","Released","Feb 6, 2026 8:27:57 AM PST"
"Jan 28, 2026 7:20:28 PM PST","25615550821","Order","111-7857065-2427444","GDCampingPillowBlue","Gear Doctors 3.5oz Compact Ultralight Inflatable Camping Pillow -Inflatable Camp Pillow -Backpacking Pillows Ultralight-Camping Pillows for Sleeping,","1","amazon.com","Standard Orders","Amazon","ROCKY MOUNT","NC","27803","MarketplaceFacilitator","14.99","1.01","0","0","0","0","0","0","0","0","-1.01","-2.25","-3.95","0","0","8.79","Released","Feb 12, 2026 7:20:06 AM PST"
"Jan 28, 2026 7:27:56 PM PST","25495925401","Refund","112-4515203-7486666","Ether-01","Gear Doctors® Ether 17.5oz Ultralight Camping Sleeping Pad - Backpacking Air Mattress - Camping Mattress Pad - Compact Inflatable Sleeping Mat for Ba","1","amazon.com","Standard Orders","Amazon","Eugene","OR","97401","","-33.99","0","0","0","0","0","0","0","0","0","0","4.08","0","0","0","-29.91","Released","Feb 4, 2026 3:15:47 AM PST"
"Jan 28, 2026 7:41:27 PM PST","25495925401","Order","114-8176017-5436268","Ether-01","Gear Doctors® Ether 17.5oz Ultralight Camping Sleeping Pad - Backpacking Air Mattress - Camping Mattress Pad - Compact Inflatable Sleeping Mat for Ba","1","amazon.com","Standard Orders","Amazon","GASTONIA","NC","28052","MarketplaceFacilitator","33.99","2.38","0.59","0","0","0","0","0","-0.59","0","-2.38","-5.10","-5.42","0","0","23.47","Released","Feb 5, 2026 3:43:06 AM PST"
"Jan 28, 2026 7:43:23 PM PST","25495925401","Order","112-9294285-0113032","Ether-01","Gear Doctors® Ether 17.5oz Ultralight Camping Sleeping Pad - Backpacking Air Mattress - Camping Mattress Pad - Compact Inflatable Sleeping Mat for Ba","1","amazon.com","Standard Orders","Amazon","EDWARDS","CO","81632","MarketplaceFacilitator","33.99","0","0","0","0","0","0","0","0","0","0","-5.10","-5.42","0","0","23.47","Released","Feb 6, 2026 12:29:12 AM PST"
"Jan 28, 2026 8:19:03 PM PST","25495925401","Order","113-5034926-4688210","GDClassic01","Gear Doctors Oxylus 4.3R-Value Insulated Foam Self Inflating Sleeping Pad Camping-Sleeping Pad Backpacking Air Mattress-Camping Mattress Self Inflatin","1","amazon.com","Standard Orders","Amazon","PROVO","UT","84601","MarketplaceFacilitator","37.49","2.79","1.78","0","0","0","0","0","-1.78","0","-2.79","-5.62","-7.61","0","0","24.26","Released","Feb 6, 2026 10:00:45 AM PST"
"Jan 28, 2026 8:52:11 PM PST","25495925401","Order","112-5357608-1584243","Ether-01","Gear Doctors® Ether 17.5oz Ultralight Camping Sleeping Pad - Backpacking Air Mattress - Camping Mattress Pad - Compact Inflatable Sleeping Mat for Ba","1","amazon.com","Standard Orders","Amazon","SAINT LOUIS","MO","63128","MarketplaceFacilitator","33.99","1.44","1.49","0","0","0","0","0","-1.49","0","-1.44","-5.10","-5.42","0","0","23.47","Released","Feb 5, 2026 5:34:18 AM PST"
"Jan 28, 2026 8:54:13 PM PST","25495925401","Order","114-3526731-5816241","Ether-01","Gear Doctors® Ether 17.5oz Ultralight Camping Sleeping Pad - Backpacking Air Mattress - Camping Mattress Pad - Compact Inflatable Sleeping Mat for Ba","1","amazon.com","Standard Orders","Amazon","FORT MILL","SC","29715","MarketplaceFacilitator","33.99","2.38","0.60","0","0","0","0","0","-0.60","0","-2.38","-5.10","-5.42","0","0","23.47","Released","Feb 5, 2026 4:14:02 AM PST"
"Jan 28, 2026 9:16:45 PM PST","25495925401","Order","114-8687346-4047453","Ether-01","Gear Doctors® Ether 17.5oz Ultralight Camping Sleeping Pad - Backpacking Air Mattress - Camping Mattress Pad - Compact Inflatable Sleeping Mat for Ba","1","amazon.com","Standard Orders","Amazon","SPOKANE","WA","99258","MarketplaceFacilitator","33.99","3.09","0","0","0","0","0","0","0","0","-3.09","-5.10","-5.42","0","0","23.47","Released","Feb 6, 2026 4:31:57 AM PST"
"Jan 28, 2026 9:27:39 PM PST","25495925401","Order","112-6768615-7625860","GDCampingPillowOrange","Gear Doctors 3.5oz Compact Ultralight Inflatable Camping Pillow-Inflatable Camp Pillow-Backpacking Pillows Ultralight-Camping Pillows for Sleeping, Hi","1","amazon.com","Standard Orders","Amazon","SAN DIEGO","CA","92126","MarketplaceFacilitator","14.99","1.16","0","0","0","0","0","0","0","0","-1.16","-2.25","-3.95","0","0","8.79","Released","Feb 6, 2026 4:59:06 AM PST"
"Jan 28, 2026 9:43:16 PM PST","25495925401","Order","111-5684521-6915400","Ether-01","Gear Doctors® Ether 17.5oz Ultralight Camping Sleeping Pad - Backpacking Air Mattress - Camping Mattress Pad - Compact Inflatable Sleeping Mat for Ba","1","amazon.com","Standard Orders","Amazon","CEDAR PARK","TX","78613","MarketplaceFacilitator","33.99","2.80","1.50","0","0","0","0","0","-1.50","0","-2.80","-5.10","-5.42","0","0","23.47","Released","Feb 5, 2026 4:04:43 AM PST"
"Jan 28, 2026 10:25:45 PM PST","25495925401","Order","111-2127877-7354664","GDClassic01","Gear Doctors Oxylus 4.3R-Value Insulated Foam Self Inflating Sleeping Pad Camping-Sleeping Pad Backpacking Air Mattress-Camping Mattress Self Inflatin","1","amazon.com","Standard Orders","Amazon","GAINESVILLE","FL","32608","MarketplaceFacilitator","37.49","2.81","0","0","0","0","0","0","0","0","-2.81","-5.62","-7.61","0","0","24.26","Released","Feb 6, 2026 1:50:22 AM PST"
"Jan 28, 2026 10:46:50 PM PST","25495925401","Refund","112-3174821-7631448","Ether-01","Gear Doctors® Ether 17.5oz Ultralight Camping Sleeping Pad - Backpacking Air Mattress - Camping Mattress Pad - Compact Inflatable Sleeping Mat for Ba","2","amazon.com","Standard Orders","Amazon","LA JOLLA","CA","92037","MarketplaceFacilitator","-67.98","-5.26","-2.99","0","0","0","0","0","2.99","0","5.26","8.16","0","0","0","-59.82","Released","Jan 29, 2026 6:12:56 AM PST"
"Jan 28, 2026 10:52:15 PM PST","25495925401","Order","112-5347683-2173023","GDClassic01","Gear Doctors Oxylus 4.3R-Value Insulated Foam Self Inflating Sleeping Pad Camping-Sleeping Pad Backpacking Air Mattress-Camping Mattress Self Inflatin","1","amazon.com","Standard Orders","Amazon","COLUMBIA","MD","21044","MarketplaceFacilitator","37.49","2.25","0","0","0","0","0","0","0","0","-2.25","-5.62","-7.61","0","0","24.26","Released","Feb 6, 2026 8:37:33 AM PST"
"Jan 28, 2026 10:58:32 PM PST","25495925401","Order","112-7635027-5031463","Ether-01","Gear Doctors® Ether 17.5oz Ultralight Camping Sleeping Pad - Backpacking Air Mattress - Camping Mattress Pad - Compact Inflatable Sleeping Mat for Ba","1","amazon.com","Standard Orders","Amazon","LAKE FOREST PARK","WA","98155","MarketplaceFacilitator","33.99","3.53","2.99","0","0","0","0","0","-2.99","0","-3.53","-5.10","-5.42","0","0","23.47","Released","Feb 5, 2026 7:28:28 AM PST"
"Jan 28, 2026 11:04:48 PM PST","25495925401","Refund","114-9538826-2451442","GDApolloAir-02","Gear Doctors ApolloAir 5.2 R-Value [25oz] Ultralight Insulated Inflatable Camping Sleeping Pad - Backpacking Sleeping Pad - Camping Mattress Compact L","1","amazon.com","Standard Orders","Amazon","OCALA","FL","34472","MarketplaceFacilitator","-85.49","-6.41","0","0","0","0","0","0","0","0","6.41","10.26","0","0","0","-75.23","Released","Jan 28, 2026 11:04:48 PM PST"
"Jan 28, 2026 11:34:40 PM PST","25615550821","Order","112-0963013-6309004","Ether-01","Gear Doctors® Ether 17.5oz Ultralight Camping Sleeping Pad - Backpacking Air Mattress - Camping Mattress Pad - Compact Inflatable Sleeping Mat for Ba","1","amazon.com","Standard Orders","Amazon","LAUREL HILL","NC","28351","MarketplaceFacilitator","33.99","2.29","0","0","0","0","0","0","0","0","-2.29","-5.10","-5.42","0","0","23.47","Released","Feb 8, 2026 8:24:16 PM PST"
"Jan 28, 2026 11:43:50 PM PST","25495925401","Order","111-3553306-9095425","Ether-01","Gear Doctors® Ether 17.5oz Ultralight Camping Sleeping Pad - Backpacking Air Mattress - Camping Mattress Pad - Compact Inflatable Sleeping Mat for Ba","1","amazon.com","Standard Orders","Amazon","LA CANADA FLINTRIDGE","CA","91011","MarketplaceFacilitator","33.99","3.57","2.99","0","0","0","0","0","-2.99","0","-3.57","-5.10","-5.42","0","0","23.47","Released","Feb 5, 2026 5:57:10 AM PST"
"Jan 29, 2026 12:02:03 AM PST","25495925401","Order","111-1511502-5375459","GDApolloAir-02","Gear Doctors ApolloAir 5.2 R-Value [25oz] Ultralight Insulated Inflatable Camping Sleeping Pad - Backpacking Sleeping Pad - Camping Mattress Compact L","1","amazon.com","Standard Orders","Amazon","BURIEN","WA","98166","MarketplaceFacilitator","89.99","9.27","0","0","0","0","0","0","0","0","-9.27","-13.50","-6.08","0","0","70.41","Released","Feb 6, 2026 2:37:16 AM PST"
"Jan 29, 2026 12:41:38 AM PST","25495925401","Order","114-0191273-6261056","Ether-01","Gear Doctors® Ether 17.5oz Ultralight Camping Sleeping Pad - Backpacking Air Mattress - Camping Mattress Pad - Compact Inflatable Sleeping Mat for Ba","1","amazon.com","Standard Orders","Amazon","VAN NUYS","CA","91411","MarketplaceFacilitator","33.99","3.31","0","0","0","0","0","0","0","0","-3.31","-5.10","-5.42","0","0","23.47","Released","Feb 6, 2026 6:17:17 AM PST"
"Jan 29, 2026 12:53:20 AM PST","25495925401","Order","111-6816207-2433809","Ether-01","Gear Doctors® Ether 17.5oz Ultralight Camping Sleeping Pad - Backpacking Air Mattress - Camping Mattress Pad - Compact Inflatable Sleeping Mat for Ba","1","amazon.com","Standard Orders","Amazon","Watertown","NY","13601","MarketplaceFacilitator","33.99","2.72","0","0","0","0","0","0","0","0","-2.72","-5.10","-5.42","0","0","23.47","Released","Feb 6, 2026 8:10:02 AM PST"
"Jan 29, 2026 1:02:55 AM PST","25495925401","Service Fee","","","Cost of Advertising","","","Standard Orders","","","","","","0","0","0","0","0","0","0","0","0","0","0","0","0","-505.27","0","-505.27","Released","Jan 29, 2026 1:02:55 AM PST"
"Jan 29, 2026 1:48:54 AM PST","25615550821","Order","113-6079325-4533018","GDCampingPillowBlue","Gear Doctors 3.5oz Compact Ultralight Inflatable Camping Pillow -Inflatable Camp Pillow -Backpacking Pillows Ultralight-Camping Pillows for Sleeping,","1","amazon.com","Standard Orders","Amazon","SANTA CLARA","CA","95051","MarketplaceFacilitator","14.99","1.37","0","0","0","0","0","0","0","0","-1.37","-2.25","-3.95","0","0","8.79","Released","Feb 10, 2026 3:45:21 AM PST"
"Jan 29, 2026 2:12:46 AM PST","25495925401","Order","111-2553038-2046649","Ether-01","Gear Doctors® Ether 17.5oz Ultralight Camping Sleeping Pad - Backpacking Air Mattress - Camping Mattress Pad - Compact Inflatable Sleeping Mat for Ba","1","amazon.com","Standard Orders","Amazon","INDEPENDENCE","MO","64052","MarketplaceFacilitator","33.99","2.41","0","0","0","0","0","0","0","0","-2.41","-5.10","-5.42","0","0","23.47","Released","Feb 6, 2026 10:18:58 PM PST"
"Jan 29, 2026 2:23:47 AM PST","25495925401","Order","111-7205908-6759430","GDClassic01","Gear Doctors Oxylus 4.3R-Value Insulated Foam Self Inflating Sleeping Pad Camping-Sleeping Pad Backpacking Air Mattress-Camping Mattress Self Inflatin","1","amazon.com","Standard Orders","Amazon","SAN FRANCISCO","CA","94116","MarketplaceFacilitator","37.49","3.23","0","0","0","0","0","0","0","0","-3.23","-5.62","-7.61","0","0","24.26","Released","Feb 6, 2026 12:51:56 AM PST"
"Jan 29, 2026 2:24:27 AM PST","25495925401","Order","114-0667899-5577059","Ether-01","Gear Doctors® Ether 17.5oz Ultralight Camping Sleeping Pad - Backpacking Air Mattress - Camping Mattress Pad - Compact Inflatable Sleeping Mat for Ba","1","amazon.com","Standard Orders","Amazon","SAN DIEGO","CA","92114","MarketplaceFacilitator","33.99","2.63","0.33","0","0","0","0","0","-0.33","0","-2.63","-5.10","-5.42","0","0","23.47","Released","Feb 5, 2026 7:23:17 AM PST"
"Jan 29, 2026 2:58:43 AM PST","25495925401","Order","114-3010880-9285029","GDApolloAir01","Gear Doctors ApolloAir 5.2 R-Value [17oz] Ultralight Insulated Inflatable Camping Sleeping Pad - Backpacking Sleeping Pad - Camping Mattress Compact L","1","amazon.com","Standard Orders","Amazon","FREMONT","CA","94539","MarketplaceFacilitator","84.99","8.71","0","0","0","0","0","0","0","0","-8.71","-12.75","-5.68","0","0","66.56","Released","Feb 6, 2026 3:20:50 AM PST"
"Jan 29, 2026 4:19:37 AM PST","25495925401","Order","114-2168684-9905031","GDCampingPillowBlue","Gear Doctors 3.5oz Compact Ultralight Inflatable Camping Pillow -Inflatable Camp Pillow -Backpacking Pillows Ultralight-Camping Pillows for Sleeping,","1","amazon.com","Standard Orders","Amazon","NEW BRAUNFELS","TX","78130","MarketplaceFacilitator","14.99","1.24","0","0","0","0","0","0","0","0","-1.24","-2.25","-3.95","0","0","8.79","Released","Feb 6, 2026 9:07:36 PM PST"
"Jan 29, 2026 6:58:47 AM PST","25495925401","Order","112-2548036-1820234","Ether-01","Gear Doctors® Ether 17.5oz Ultralight Camping Sleeping Pad - Backpacking Air Mattress - Camping Mattress Pad - Compact Inflatable Sleeping Mat for Ba","1","amazon.com","Standard Orders","Amazon","ALISO VIEJO","CA","92656","MarketplaceFacilitator","33.99","2.63","2.57","0.20","0","0","0","0","0","0","-2.83","-5.10","-7.99","0","0","23.47","Released","Feb 6, 2026 10:01:33 AM PST"
"Jan 29, 2026 7:44:56 AM PST","25615550821","Order","112-9885722-7823419","Ether-01","Gear Doctors® Ether 17.5oz Ultralight Camping Sleeping Pad - Backpacking Air Mattress - Camping Mattress Pad - Compact Inflatable Sleeping Mat for Ba","1","amazon.com","Standard Orders","Amazon","SAN ANTONIO","TX","78235","MarketplaceFacilitator","33.99","2.80","0","0","0","0","0","0","0","0","-2.80","-5.10","-5.42","0","0","23.47","Released","Feb 7, 2026 11:41:05 AM PST"
"Jan 29, 2026 8:38:04 AM PST","25495925401","Order","111-7048023-1957039","Ether-01","Gear Doctors® Ether 17.5oz Ultralight Camping Sleeping Pad - Backpacking Air Mattress - Camping Mattress Pad - Compact Inflatable Sleeping Mat for Ba","1","amazon.com","Standard Orders","Amazon","CLARK","NJ","07066","MarketplaceFacilitator","33.99","2.25","2.99","0","0","0","0","0","-2.99","0","-2.25","-5.10","-5.42","0","0","23.47","Released","Feb 6, 2026 6:21:44 AM PST"
"Jan 29, 2026 8:52:17 AM PST","25495925401","Order","114-1844062-3872259","GDApolloAir01","Gear Doctors ApolloAir 5.2 R-Value [17oz] Ultralight Insulated Inflatable Camping Sleeping Pad - Backpacking Sleeping Pad - Camping Mattress Compact L","1","amazon.com","Standard Orders","Amazon","FROSTBURG","MD","21532","MarketplaceFacilitator","84.99","5.10","0","0","0","0","0","0","0","0","-5.10","-12.75","-5.68","0","0","66.56","Released","Feb 6, 2026 6:25:23 AM PST"
"Jan 29, 2026 9:22:22 AM PST","25495925401","Order","113-4447678-7905016","Ether-01","Gear Doctors® Ether 17.5oz Ultralight Camping Sleeping Pad - Backpacking Air Mattress - Camping Mattress Pad - Compact Inflatable Sleeping Mat for Ba","1","amazon.com","Standard Orders","Amazon","CHICAGO","IL","60605","MarketplaceFacilitator","33.99","3.48","2.99","0","0","0","0","0","-2.99","0","-3.48","-5.10","-5.42","0","0","23.47","Released","Feb 6, 2026 6:07:29 AM PST"
"Jan 29, 2026 9:33:58 AM PST","25495925401","Order","113-1145172-9797066","Ether-01","Gear Doctors® Ether 17.5oz Ultralight Camping Sleeping Pad - Backpacking Air Mattress - Camping Mattress Pad - Compact Inflatable Sleeping Mat for Ba","1","amazon.com","Standard Orders","Amazon","EAST RUTHERFORD","NJ","07073","MarketplaceFacilitator","33.99","2.25","0","0","0","0","0","0","0","0","-2.25","-5.10","-5.42","0","0","23.47","Released","Feb 6, 2026 7:49:30 AM PST"
"Jan 29, 2026 9:36:16 AM PST","25495925401","Order","114-4288472-2103401","Ether-01","Gear Doctors® Ether 17.5oz Ultralight Camping Sleeping Pad - Backpacking Air Mattress - Camping Mattress Pad - Compact Inflatable Sleeping Mat for Ba","1","amazon.com","Standard Orders","Amazon","NEW YORK","NY","10009","MarketplaceFacilitator","33.99","3.02","2.99","0.27","0","0","0","0","0","0","-3.29","-5.10","-8.41","0","0","23.47","Released","Feb 6, 2026 4:48:07 AM PST"
"Jan 29, 2026 9:52:39 AM PST","25615550821","Order","112-8824225-9065005","Ether-01","Gear Doctors® Ether 17.5oz Ultralight Camping Sleeping Pad - Backpacking Air Mattress - Camping Mattress Pad - Compact Inflatable Sleeping Mat for Ba","1","amazon.com","Standard Orders","Amazon","SANTA FE","NM","87505","MarketplaceFacilitator","33.99","2.34","0","0","0","0","0","0","0","0","-2.34","-5.10","-5.42","0","0","23.47","Released","Feb 6, 2026 11:03:08 PM PST"
"Jan 29, 2026 10:10:43 AM PST","25615550821","Order","114-4129271-0946650","Ether-01","Gear Doctors® Ether 17.5oz Ultralight Camping Sleeping Pad - Backpacking Air Mattress - Camping Mattress Pad - Compact Inflatable Sleeping Mat for Ba","1","amazon.com","Standard Orders","Amazon","DAYTON","OH","45402","MarketplaceFacilitator","33.99","2.55","2.99","0","0","0","0","0","-2.99","0","-2.55","-5.10","-5.42","0","0","23.47","Released","Feb 7, 2026 5:40:35 AM PST"
"Jan 29, 2026 11:21:47 AM PST","25495925401","Order","114-7175181-9481815","Ether-01","Gear Doctors® Ether 17.5oz Ultralight Camping Sleeping Pad - Backpacking Air Mattress - Camping Mattress Pad - Compact Inflatable Sleeping Mat for Ba","1","amazon.com","Standard Orders","Amazon","DORAL","FL","33166","","33.99","0","0","0","0","0","0","0","0","0","0","-5.10","-5.42","0","0","23.47","Released","Feb 6, 2026 7:58:22 AM PST"
"Jan 29, 2026 11:27:14 AM PST","25495925401","Order","112-2675398-1461041","Ether-01","Gear Doctors® Ether 17.5oz Ultralight Camping Sleeping Pad - Backpacking Air Mattress - Camping Mattress Pad - Compact Inflatable Sleeping Mat for Ba","1","amazon.com","Standard Orders","Amazon","HOBART","IN","46342","MarketplaceFacilitator","33.99","2.38","2.99","0","0","0","0","0","-2.99","0","-2.38","-5.10","-5.42","0","0","23.47","Released","Feb 6, 2026 3:35:26 AM PST"
"Jan 29, 2026 11:40:07 AM PST","25495925401","Order","112-9383443-9444204","Ether-01","Gear Doctors® Ether 17.5oz Ultralight Camping Sleeping Pad - Backpacking Air Mattress - Camping Mattress Pad - Compact Inflatable Sleeping Mat for Ba","1","amazon.com","Standard Orders","Amazon","SALEM","OR","97305","","33.99","0","0.75","0","0","0","0","0","-0.75","0","0","-5.10","-5.42","0","0","23.47","Released","Feb 6, 2026 7:46:33 AM PST"
"Jan 29, 2026 11:45:38 AM PST","25615550821","Order","112-7206532-9110649","Ether-01","Gear Doctors® Ether 17.5oz Ultralight Camping Sleeping Pad - Backpacking Air Mattress - Camping Mattress Pad - Compact Inflatable Sleeping Mat for Ba","1","amazon.com","Standard Orders","Amazon","NORFOLK","MA","02056","MarketplaceFacilitator","33.99","2.12","1.35","0","0","0","0","0","0","0","-2.12","-5.10","-6.77","0","0","23.47","Released","Feb 7, 2026 2:24:44 AM PST"
"Jan 29, 2026 11:50:06 AM PST","25495925401","Order","113-9169028-1141019","GDCampingPillowOrange","Gear Doctors 3.5oz Compact Ultralight Inflatable Camping Pillow-Inflatable Camp Pillow-Backpacking Pillows Ultralight-Camping Pillows for Sleeping, Hi","1","amazon.com","Standard Orders","Amazon","KELLER","TX","76248","MarketplaceFacilitator","14.99","1.24","0","0","0","0","0","0","0","0","-1.24","-2.25","-3.95","0","0","8.79","Released","Feb 6, 2026 10:49:09 PM PST"
"Jan 29, 2026 11:51:29 AM PST","25615550821","Order","111-6200154-2513851","Ether-01","Gear Doctors® Ether 17.5oz Ultralight Camping Sleeping Pad - Backpacking Air Mattress - Camping Mattress Pad - Compact Inflatable Sleeping Mat for Ba","1","amazon.com","Standard Orders","Amazon","FLEETWOOD","NC","28626","MarketplaceFacilitator","33.99","2.38","0","0","0","0","0","0","0","0","-2.38","-5.10","-5.42","0","0","23.47","Released","Feb 7, 2026 7:59:15 AM PST"
"Jan 29, 2026 11:53:01 AM PST","25615550821","Order","114-5577957-8481057","Ether-01","Gear Doctors® Ether 17.5oz Ultralight Camping Sleeping Pad - Backpacking Air Mattress - Camping Mattress Pad - Compact Inflatable Sleeping Mat for Ba","1","amazon.com","Standard Orders","Amazon","JACKSONVILLE","NC","28540","MarketplaceFacilitator","33.99","2.38","0","0","0","0","0","0","0","0","-2.38","-5.10","-5.42","0","0","23.47","Released","Feb 7, 2026 7:47:27 AM PST"
"Jan 29, 2026 12:09:29 PM PST","25615550821","Order","111-3829698-3229022","Ether-01","Gear Doctors® Ether 17.5oz Ultralight Camping Sleeping Pad - Backpacking Air Mattress - Camping Mattress Pad - Compact Inflatable Sleeping Mat for Ba","1","amazon.com","Standard Orders","Amazon","NORTHFIELD","VT","05663","MarketplaceFacilitator","33.99","2.04","0","0","0","0","0","0","0","0","-2.04","-5.10","-5.42","0","0","23.47","Released","Feb 7, 2026 7:08:21 AM PST"
"Jan 29, 2026 12:31:15 PM PST","25495925401","Order","112-5033800-3397007","Ether-01","Gear Doctors® Ether 17.5oz Ultralight Camping Sleeping Pad - Backpacking Air Mattress - Camping Mattress Pad - Compact Inflatable Sleeping Mat for Ba","1","amazon.com","Standard Orders","Amazon","DOUSMAN","WI","53118","MarketplaceFacilitator","33.99","1.70","0","0","0","0","0","0","0","0","-1.70","-5.10","-5.42","0","0","23.47","Released","Feb 6, 2026 7:43:38 AM PST"
"Jan 29, 2026 12:43:42 PM PST","25615550821","Refund","111-1727176-9504234","Ether-01","Gear Doctors® Ether 17.5oz Ultralight Camping Sleeping Pad - Backpacking Air Mattress - Camping Mattress Pad - Compact Inflatable Sleeping Mat for Ba","2","amazon.com","Standard Orders","Amazon","PRESCOTT","AZ","86305","MarketplaceFacilitator","-67.98","-6.32","0","0","0","0","0","0","0","0","6.32","8.16","0","0","0","-59.82","Released","Feb 6, 2026 11:11:19 PM PST"
"Jan 29, 2026 12:55:14 PM PST","25495925401","Order","114-7707409-6231457","Ether-01","Gear Doctors® Ether 17.5oz Ultralight Camping Sleeping Pad - Backpacking Air Mattress - Camping Mattress Pad - Compact Inflatable Sleeping Mat for Ba","1","amazon.com","Standard Orders","Amazon","MESA","AZ","85213","MarketplaceFacilitator","33.99","2.82","1.50","0","0","0","0","0","-1.50","0","-2.82","-5.10","-5.42","0","0","23.47","Released","Feb 6, 2026 2:38:20 PM PST"
"Jan 29, 2026 1:20:01 PM PST","25615550821","Order","112-4568626-3640207","GDClassic01","Gear Doctors Oxylus 4.3R-Value Insulated Foam Self Inflating Sleeping Pad Camping-Sleeping Pad Backpacking Air Mattress-Camping Mattress Self Inflatin","1","amazon.com","Standard Orders","Amazon","VALDOSTA","GA","31606","MarketplaceFacilitator","37.49","3.00","0","0","0","0","0","0","0","0","-3.00","-5.62","-7.61","0","0","24.26","Released","Feb 7, 2026 5:10:20 AM PST"
"Jan 29, 2026 1:32:06 PM PST","25495925401","Order","112-7556944-6215415","Ether-01","Gear Doctors® Ether 17.5oz Ultralight Camping Sleeping Pad - Backpacking Air Mattress - Camping Mattress Pad - Compact Inflatable Sleeping Mat for Ba","1","amazon.com","Standard Orders","Amazon","PHOENIX","AZ","85015","MarketplaceFacilitator","33.99","3.09","0.60","0","0","0","0","0","-0.60","0","-3.09","-5.10","-5.42","0","0","23.47","Released","Feb 6, 2026 10:51:59 AM PST"
"Jan 29, 2026 1:34:43 PM PST","25615550821","Order","112-6635023-4499463","Ether-01","Gear Doctors® Ether 17.5oz Ultralight Camping Sleeping Pad - Backpacking Air Mattress - Camping Mattress Pad - Compact Inflatable Sleeping Mat for Ba","1","amazon.com","Standard Orders","Amazon","Fort Drum","NY","13602","MarketplaceFacilitator","33.99","2.72","0","0","0","0","0","0","0","0","-2.72","-5.10","-5.42","0","0","23.47","Released","Feb 10, 2026 7:49:17 AM PST"
"Jan 29, 2026 1:40:39 PM PST","25615550821","Order","113-9878703-0444224","Ether-01","Gear Doctors® Ether 17.5oz Ultralight Camping Sleeping Pad - Backpacking Air Mattress - Camping Mattress Pad - Compact Inflatable Sleeping Mat for Ba","1","amazon.com","Standard Orders","Amazon","BAKERSFIELD","CA","93308","MarketplaceFacilitator","33.99","0","0","0","0","0","0","0","0","0","0","-5.10","-5.42","0","0","23.47","Released","Feb 19, 2026 2:25:26 PM PST"
"Jan 29, 2026 1:52:16 PM PST","25615550821","Order","114-8436108-4508230","GDApolloAir-02","Gear Doctors ApolloAir 5.2 R-Value [25oz] Ultralight Insulated Inflatable Camping Sleeping Pad - Backpacking Sleeping Pad - Camping Mattress Compact L","1","amazon.com","Standard Orders","Amazon","MUSKEGON","MI","49442","MarketplaceFacilitator","89.99","5.40","0.65","0","0","0","0","0","-0.65","0","-5.40","-13.50","-6.08","0","0","70.41","Released","Feb 10, 2026 11:37:38 PM PST"
"Jan 29, 2026 1:52:16 PM PST","25615550821","Order","114-8436108-4508230","GDCampingPillowBlue","Gear Doctors 3.5oz Compact Ultralight Inflatable Camping Pillow -Inflatable Camp Pillow -Backpacking Pillows Ultralight-Camping Pillows for Sleeping,","1","amazon.com","Standard Orders","Amazon","MUSKEGON","MI","49442","MarketplaceFacilitator","14.99","0.90","0.10","0","0","0","0","0","-0.10","0","-0.90","-2.25","-3.95","0","0","8.79","Released","Feb 10, 2026 11:37:38 PM PST"
"Jan 29, 2026 2:03:00 PM PST","25615550821","Order","113-0093233-7045820","Ether-01","Gear Doctors® Ether 17.5oz Ultralight Camping Sleeping Pad - Backpacking Air Mattress - Camping Mattress Pad - Compact Inflatable Sleeping Mat for Ba","1","amazon.com","Standard Orders","Amazon","MARIETTA","OH","45750","MarketplaceFacilitator","33.99","2.46","0","0","0","0","0","0","0","0","-2.46","-5.10","-5.42","0","0","23.47","Released","Feb 7, 2026 1:12:50 PM PST"
"Jan 29, 2026 2:03:46 PM PST","25495925401","Order","112-3731703-9555435","Ether-01","Gear Doctors® Ether 17.5oz Ultralight Camping Sleeping Pad - Backpacking Air Mattress - Camping Mattress Pad - Compact Inflatable Sleeping Mat for Ba","1","amazon.com","Standard Orders","Amazon","FULLERTON","CA","92833","MarketplaceFacilitator","33.99","2.63","2.99","0","0","0","0","0","-2.99","0","-2.63","-5.10","-5.42","0","0","23.47","Released","Feb 6, 2026 1:28:51 AM PST"
"Jan 29, 2026 2:06:45 PM PST","25495925401","Order","112-8030929-8709040","GDClassic01","Gear Doctors Oxylus 4.3R-Value Insulated Foam Self Inflating Sleeping Pad Camping-Sleeping Pad Backpacking Air Mattress-Camping Mattress Self Inflatin","1","amazon.com","Standard Orders","Amazon","New York","NY","10027","MarketplaceFacilitator","37.49","3.33","1.50","0","0","0","0","0","-1.50","0","-3.33","-5.62","-7.61","0","0","24.26","Released","Feb 6, 2026 7:51:22 AM PST"
"Jan 29, 2026 2:23:03 PM PST","25615550821","Order","114-1979009-3044264","GDClassic01","Gear Doctors Oxylus 4.3R-Value Insulated Foam Self Inflating Sleeping Pad Camping-Sleeping Pad Backpacking Air Mattress-Camping Mattress Self Inflatin","1","amazon.com","Standard Orders","Amazon","Indianapolis","Indiana","46220","MarketplaceFacilitator","37.49","2.62","0","0","0","0","0","0","0","0","-2.62","-5.62","-7.61","0","0","24.26","Released","Feb 7, 2026 2:21:29 AM PST"
"Jan 29, 2026 2:28:47 PM PST","25615550821","Order","112-4911716-1037866","GDCampingPillowBlue","Gear Doctors 3.5oz Compact Ultralight Inflatable Camping Pillow -Inflatable Camp Pillow -Backpacking Pillows Ultralight-Camping Pillows for Sleeping,","1","amazon.com","Standard Orders","Amazon","ONTARIO","CA","91761","MarketplaceFacilitator","14.99","1.31","0","0","0","0","0","0","0","0","-1.31","-2.25","-3.95","0","0","8.79","Released","Feb 7, 2026 7:35:33 AM PST"
"Jan 29, 2026 3:00:38 PM PST","25615550821","Order","114-0191202-5170655","GDApolloAir-02","Gear Doctors ApolloAir 5.2 R-Value [25oz] Ultralight Insulated Inflatable Camping Sleeping Pad - Backpacking Sleeping Pad - Camping Mattress Compact L","1","amazon.com","Standard Orders","Amazon","ROCHESTER","NY","14618","MarketplaceFacilitator","89.99","6.12","0","0","0","0","0","0","-13.50","0","-6.12","-11.47","-6.08","0","0","58.94","Released","Feb 7, 2026 1:21:00 AM PST"
"Jan 29, 2026 3:01:18 PM PST","25615550821","Order","113-0691487-4111460","Ether-01","Gear Doctors® Ether 17.5oz Ultralight Camping Sleeping Pad - Backpacking Air Mattress - Camping Mattress Pad - Compact Inflatable Sleeping Mat for Ba","1","amazon.com","Standard Orders","Amazon","ATLANTA","GA","30316","MarketplaceFacilitator","33.99","2.72","0","0","0","0","0","0","0","0","-2.72","-5.10","-5.42","0","0","23.47","Released","Feb 7, 2026 1:39:01 AM PST"
"Jan 29, 2026 3:03:27 PM PST","25615550821","Order","114-7324263-6801823","Ether-01","Gear Doctors® Ether 17.5oz Ultralight Camping Sleeping Pad - Backpacking Air Mattress - Camping Mattress Pad - Compact Inflatable Sleeping Mat for Ba","1","amazon.com","Standard Orders","Amazon","LARAMIE","WY","82072","MarketplaceFacilitator","33.99","2.04","0","0","0","0","0","0","0","0","-2.04","-5.10","-5.42","0","0","23.47","Released","Feb 7, 2026 6:00:37 AM PST"
"Jan 29, 2026 3:17:45 PM PST","25495925401","Refund","112-8496600-5920257","Ether-01","Gear Doctors® Ether 17.5oz Ultralight Camping Sleeping Pad - Backpacking Air Mattress - Camping Mattress Pad - Compact Inflatable Sleeping Mat for Ba","1","amazon.com","Standard Orders","Amazon","LEESBURG","VA","20175","MarketplaceFacilitator","-33.99","-2.04","0","0","0","0","0","0","0","0","2.04","4.08","0","0","0","-29.91","Released","Jan 29, 2026 3:17:45 PM PST"
"Jan 29, 2026 3:33:53 PM PST","25495925401","Order","111-2728101-3145011","Ether-01","Gear Doctors® Ether 17.5oz Ultralight Camping Sleeping Pad - Backpacking Air Mattress - Camping Mattress Pad - Compact Inflatable Sleeping Mat for Ba","1","amazon.com","Standard Orders","Amazon","MILLSBORO","DE","19966","","33.99","0","0","0","0","0","0","0","0","0","0","-5.10","-5.42","0","0","23.47","Released","Feb 6, 2026 10:54:13 PM PST"
"Jan 29, 2026 3:50:15 PM PST","25615550821","Order","114-0218745-7981852","GDCampingPillowBlue","Gear Doctors 3.5oz Compact Ultralight Inflatable Camping Pillow -Inflatable Camp Pillow -Backpacking Pillows Ultralight-Camping Pillows for Sleeping,","1","amazon.com","Standard Orders","Amazon","LAFAYETTE","CA","94549","MarketplaceFacilitator","14.99","1.39","0","0","0","0","0","0","0","0","-1.39","-2.25","-3.95","0","0","8.79","Released","Feb 7, 2026 5:48:17 AM PST"
"Jan 29, 2026 3:53:31 PM PST","25615550821","Order","113-3582806-0954640","Ether-01","Gear Doctors® Ether 17.5oz Ultralight Camping Sleeping Pad - Backpacking Air Mattress - Camping Mattress Pad - Compact Inflatable Sleeping Mat for Ba","1","amazon.com","Standard Orders","Amazon","PERRY","FL","32348","MarketplaceFacilitator","33.99","2.38","1.31","0","0","0","0","0","-1.31","0","-2.38","-5.10","-5.42","0","0","23.47","Released","Feb 8, 2026 7:54:12 AM PST"
"Jan 29, 2026 4:36:06 PM PST","25615550821","Order","112-5338406-4687442","Ether-01","Gear Doctors® Ether 17.5oz Ultralight Camping Sleeping Pad - Backpacking Air Mattress - Camping Mattress Pad - Compact Inflatable Sleeping Mat for Ba","1","amazon.com","Standard Orders","Amazon","MCDONOUGH","GA","30252","MarketplaceFacilitator","33.99","2.72","0","0","0","0","0","0","0","0","-2.72","-5.10","-5.42","0","0","23.47","Released","Feb 7, 2026 6:49:24 AM PST"
"Jan 29, 2026 5:06:00 PM PST","25615550821","Order","112-7054443-4543461","GDApolloAir01","Gear Doctors ApolloAir 5.2 R-Value [17oz] Ultralight Insulated Inflatable Camping Sleeping Pad - Backpacking Sleeping Pad - Camping Mattress Compact L","1","amazon.com","Standard Orders","Amazon","PORT ST LUCIE","FL","34986","MarketplaceFacilitator","84.99","5.95","0","0","0","0","0","0","0","0","-5.95","-12.75","-5.68","0","0","66.56","Released","Feb 7, 2026 7:13:29 AM PST"
"Jan 29, 2026 5:25:46 PM PST","25495925401","Order","114-2224688-1893811","GDClassic01","Gear Doctors Oxylus 4.3R-Value Insulated Foam Self Inflating Sleeping Pad Camping-Sleeping Pad Backpacking Air Mattress-Camping Mattress Self Inflatin","1","amazon.com","Standard Orders","Amazon","CHARLOTTE","MI","48813","MarketplaceFacilitator","37.49","2.25","0","0","0","0","0","0","0","0","-2.25","-5.62","-7.61","0","0","24.26","Released","Feb 6, 2026 8:15:52 PM PST"
"Jan 29, 2026 5:26:17 PM PST","25615550821","Order","112-3827120-3335461","Ether-01","Gear Doctors® Ether 17.5oz Ultralight Camping Sleeping Pad - Backpacking Air Mattress - Camping Mattress Pad - Compact Inflatable Sleeping Mat for Ba","1","amazon.com","Standard Orders","Amazon","BALLSTON SPA","NY","12020","MarketplaceFacilitator","33.99","2.38","0","0","0","0","0","0","0","0","-2.38","-5.10","-5.42","0","0","23.47","Released","Feb 7, 2026 12:44:22 AM PST"
"Jan 29, 2026 5:53:22 PM PST","25615550821","Order","111-4433467-8319462","GDClassic01","Gear Doctors Oxylus 4.3R-Value Insulated Foam Self Inflating Sleeping Pad Camping-Sleeping Pad Backpacking Air Mattress-Camping Mattress Self Inflatin","1","amazon.com","Standard Orders","Amazon","MANCHESTER","TN","37355","MarketplaceFacilitator","37.49","3.66","0","0","0","0","0","0","0","0","-3.66","-5.62","-7.61","0","0","24.26","Released","Feb 7, 2026 12:16:24 AM PST"
"Jan 29, 2026 6:06:35 PM PST","25495925401","Order","111-9700196-5113800","GDCampingPillowOrange","Gear Doctors 3.5oz Compact Ultralight Inflatable Camping Pillow-Inflatable Camp Pillow-Backpacking Pillows Ultralight-Camping Pillows for Sleeping, Hi","1","amazon.com","Standard Orders","Amazon","OXNARD","CA","93035","MarketplaceFacilitator","14.99","1.39","0","0","0","0","0","0","0","0","-1.39","-2.25","-3.95","0","0","8.79","Released","Feb 6, 2026 12:59:15 PM PST"
"Jan 29, 2026 6:15:13 PM PST","25615550821","Order","111-2715416-7453813","Ether-01","Gear Doctors® Ether 17.5oz Ultralight Camping Sleeping Pad - Backpacking Air Mattress - Camping Mattress Pad - Compact Inflatable Sleeping Mat for Ba","2","amazon.com","Standard Orders","Amazon","CHAPEL HILL","NC","27516","MarketplaceFacilitator","67.98","4.76","0","0","0","0","0","0","0","0","-4.76","-10.20","-10.84","0","0","46.94","Released","Feb 10, 2026 6:23:10 AM PST"
"Jan 29, 2026 6:15:52 PM PST","25615550821","Order","114-2717744-9684245","GDClassic01","Gear Doctors Oxylus 4.3R-Value Insulated Foam Self Inflating Sleeping Pad Camping-Sleeping Pad Backpacking Air Mattress-Camping Mattress Self Inflatin","1","amazon.com","Standard Orders","Amazon","Suffolk","Virginia","23435","MarketplaceFacilitator","37.49","2.25","0","0","0","0","0","0","0","0","-2.25","-5.62","-7.61","0","0","24.26","Released","Feb 7, 2026 2:51:11 AM PST"
"Jan 29, 2026 6:21:56 PM PST","25615550821","Order","112-2377901-4315411","Ether-01","Gear Doctors® Ether 17.5oz Ultralight Camping Sleeping Pad - Backpacking Air Mattress - Camping Mattress Pad - Compact Inflatable Sleeping Mat for Ba","1","amazon.com","Standard Orders","Amazon","ORLANDO","FL","32810","MarketplaceFacilitator","33.99","1.99","0","0","0","0","0","0","-3.40","0","-1.99","-4.59","-5.42","0","0","20.58","Released","Feb 7, 2026 7:27:33 AM PST"
"Jan 29, 2026 7:08:45 PM PST","25495925401","Refund","113-7155348-5662661","GDClassic01","Gear Doctors Oxylus 4.3R-Value Insulated Foam Self Inflating Sleeping Pad Camping-Sleeping Pad Backpacking Air Mattress-Camping Mattress Self Inflatin","1","amazon.com","Standard Orders","Amazon","MARCO ISLAND","FL","34145","MarketplaceFacilitator","-37.49","-2.14","0","0","0","0","0","0","1.87","0","2.14","4.27","0","0","0","-31.35","Released","Jan 29, 2026 7:08:45 PM PST"
"Jan 29, 2026 7:19:53 PM PST","25615550821","Order","113-5409235-7008230","Ether-01","Gear Doctors® Ether 17.5oz Ultralight Camping Sleeping Pad - Backpacking Air Mattress - Camping Mattress Pad - Compact Inflatable Sleeping Mat for Ba","1","amazon.com","Standard Orders","Amazon","WINONA LAKE","IN","46590","MarketplaceFacilitator","33.99","2.38","0","0","0","0","0","0","0","0","-9.52","-20.40","-5.42","0","0","1.03","Released","Feb 7, 2026 4:48:27 AM PST"
"Jan 29, 2026 7:19:53 PM PST","25615550821","Order","113-5409235-7008230","Ether-01","Gear Doctors® Ether 17.5oz Ultralight Camping Sleeping Pad - Backpacking Air Mattress - Camping Mattress Pad - Compact Inflatable Sleeping Mat for Ba","2","amazon.com","Standard Orders","Amazon","WINONA LAKE","IN","46590","","67.98","4.76","0","0","0","0","0","0","0","0","0","0","-10.84","0","0","61.90","Released","Feb 7, 2026 4:48:27 AM PST"
"Jan 29, 2026 7:19:53 PM PST","25615550821","Order","113-5409235-7008230","Ether-01","Gear Doctors® Ether 17.5oz Ultralight Camping Sleeping Pad - Backpacking Air Mattress - Camping Mattress Pad - Compact Inflatable Sleeping Mat for Ba","1","amazon.com","Standard Orders","Amazon","WINONA LAKE","IN","46590","","33.99","2.38","0","0","0","0","0","0","0","0","0","0","-5.42","0","0","30.95","Released","Feb 7, 2026 4:48:27 AM PST"
"Jan 29, 2026 7:50:45 PM PST","25495925401","Order","111-9373165-0792201","GDApolloAir-02","Gear Doctors ApolloAir 5.2 R-Value [25oz] Ultralight Insulated Inflatable Camping Sleeping Pad - Backpacking Sleeping Pad - Camping Mattress Compact L","2","amazon.com","Standard Orders","Amazon","WESTFIELD CENTER","OH","44251","MarketplaceFacilitator","179.98","12.14","0","0","0","0","0","0","0","0","-12.14","-27.00","-12.16","0","0","140.82","Released","Feb 6, 2026 5:37:26 PM PST"
"Jan 29, 2026 7:50:45 PM PST","25495925401","Order","111-9373165-0792201","GDCampingPillowOrange","Gear Doctors 3.5oz Compact Ultralight Inflatable Camping Pillow-Inflatable Camp Pillow-Backpacking Pillows Ultralight-Camping Pillows for Sleeping, Hi","2","amazon.com","Standard Orders","Amazon","WESTFIELD CENTER","OH","44251","MarketplaceFacilitator","29.98","2.02","0","0","0","0","0","0","0","0","-2.02","-4.50","-7.90","0","0","17.58","Released","Feb 6, 2026 5:37:26 PM PST"
"Jan 29, 2026 8:58:57 PM PST","25615550821","Order","112-7383948-2067411","GDClassic01","Gear Doctors Oxylus 4.3R-Value Insulated Foam Self Inflating Sleeping Pad Camping-Sleeping Pad Backpacking Air Mattress-Camping Mattress Self Inflatin","1","amazon.com","Standard Orders","Amazon","STRASBURG","VA","22657","MarketplaceFacilitator","37.99","2.01","0","0","0","0","0","0","0","0","-2.01","-5.70","-7.61","0","0","24.68","Released","Feb 7, 2026 3:39:42 AM PST"
"Jan 29, 2026 9:40:21 PM PST","25615550821","Order","114-0290943-2303410","Ether-01","Gear Doctors® Ether 17.5oz Ultralight Camping Sleeping Pad - Backpacking Air Mattress - Camping Mattress Pad - Compact Inflatable Sleeping Mat for Ba","1","amazon.com","Standard Orders","Amazon","EADS","TN","38028","MarketplaceFacilitator","33.99","3.14","0","0","0","0","0","0","0","0","-3.14","-5.10","-5.42","0","0","23.47","Released","Feb 10, 2026 7:03:58 AM PST"
"Jan 29, 2026 9:58:20 PM PST","25495925401","Order","114-1587518-9487430","Ether-01","Gear Doctors® Ether 17.5oz Ultralight Camping Sleeping Pad - Backpacking Air Mattress - Camping Mattress Pad - Compact Inflatable Sleeping Mat for Ba","2","amazon.com","Standard Orders","Amazon","ELMHURST","IL","60126","MarketplaceFacilitator","67.98","5.78","2.99","0","0","0","0","0","-2.99","0","-5.78","-10.20","-10.84","0","0","46.94","Released","Feb 6, 2026 4:42:32 AM PST"
"Jan 29, 2026 10:44:55 PM PST","25495925401","Order","111-6020096-9978609","GDClassic01","Gear Doctors Oxylus 4.3R-Value Insulated Foam Self Inflating Sleeping Pad Camping-Sleeping Pad Backpacking Air Mattress-Camping Mattress Self Inflatin","1","amazon.com","Standard Orders","Amazon","SAN FRANCISCO","CA","94116","MarketplaceFacilitator","37.99","2.95","0","0","0","0","0","0","-3.80","0","-2.95","-5.13","-7.61","0","0","21.45","Released","Feb 6, 2026 9:31:47 PM PST"
"Jan 29, 2026 11:43:40 PM PST","25615550821","Order","113-3468202-9373033","GDClassic01","Gear Doctors Oxylus 4.3R-Value Insulated Foam Self Inflating Sleeping Pad Camping-Sleeping Pad Backpacking Air Mattress-Camping Mattress Self Inflatin","1","amazon.com","Standard Orders","Amazon","SAN ANTONIO","TX","78220","MarketplaceFacilitator","37.99","0","0","0","0","0","0","0","0","0","0","-5.70","-7.61","0","0","24.68","Released","Feb 9, 2026 3:40:52 AM PST"
"Jan 29, 2026 11:46:34 PM PST","25495925401","Order","112-2378930-3177005","GDClassic01","Gear Doctors Oxylus 4.3R-Value Insulated Foam Self Inflating Sleeping Pad Camping-Sleeping Pad Backpacking Air Mattress-Camping Mattress Self Inflatin","1","amazon.com","Standard Orders","Amazon","PROVO","UT","84604","MarketplaceFacilitator","37.99","2.83","1.49","0","0","0","0","0","-1.49","0","-2.83","-5.70","-7.61","0","0","24.68","Released","Feb 6, 2026 4:13:57 AM PST"
"Jan 29, 2026 11:49:37 PM PST","25495925401","Order","113-0554673-0753061","Ether-01","Gear Doctors® Ether 17.5oz Ultralight Camping Sleeping Pad - Backpacking Air Mattress - Camping Mattress Pad - Compact Inflatable Sleeping Mat for Ba","1","amazon.com","Standard Orders","Amazon","HASLETT","MI","48840","MarketplaceFacilitator","33.99","2.04","0","0","3.99","0","0","0","0","0","-2.04","-5.10","-9.41","0","0","23.47","Released","Feb 6, 2026 10:09:09 PM PST"
"Jan 29, 2026 11:59:56 PM PST","25615550821","Order","111-5256840-6210645","Ether-01","Gear Doctors® Ether 17.5oz Ultralight Camping Sleeping Pad - Backpacking Air Mattress - Camping Mattress Pad - Compact Inflatable Sleeping Mat for Ba","1","amazon.com","Standard Orders","Amazon","SANTA MONICA","CA","90401","MarketplaceFacilitator","33.99","3.65","0","0","0","0","0","0","0","0","-3.65","-5.10","-5.42","0","0","23.47","Released","Feb 7, 2026 6:25:20 AM PST"
"Jan 30, 2026 12:05:16 AM PST","25615550821","Order","114-8191521-7778634","GDApolloAir-02","Gear Doctors ApolloAir 5.2 R-Value [25oz] Ultralight Insulated Inflatable Camping Sleeping Pad - Backpacking Sleeping Pad - Camping Mattress Compact L","1","amazon.com","Standard Orders","Amazon","GRAHAM","WA","98338","MarketplaceFacilitator","89.99","6.56","0","0","0","0","0","0","-9.00","0","-6.56","-12.15","-6.08","0","0","62.76","Released","Feb 7, 2026 11:11:07 AM PST"
"Jan 30, 2026 12:24:55 AM PST","25615550821","Order","112-1679222-1997869","Ether-01","Gear Doctors® Ether 17.5oz Ultralight Camping Sleeping Pad - Backpacking Air Mattress - Camping Mattress Pad - Compact Inflatable Sleeping Mat for Ba","1","amazon.com","Standard Orders","Amazon","MOUNTAIN VIEW","CA","94043","MarketplaceFacilitator","33.99","3.10","0","0","0","0","0","0","0","0","-3.10","-5.10","-5.42","0","0","23.47","Released","Feb 8, 2026 12:39:30 PM PST"
"Jan 30, 2026 12:30:27 AM PST","25615550821","Order","112-6497915-9305860","GDClassic01","Gear Doctors Oxylus 4.3R-Value Insulated Foam Self Inflating Sleeping Pad Camping-Sleeping Pad Backpacking Air Mattress-Camping Mattress Self Inflatin","1","amazon.com","Standard Orders","Amazon","HOUSTON","TX","77009","MarketplaceFacilitator","37.49","3.09","0.44","0","0","0","0","0","-0.44","0","-3.09","-5.62","-7.61","0","0","24.26","Released","Feb 11, 2026 12:07:48 AM PST"
"Jan 30, 2026 12:39:39 AM PST","25495925401","Order","112-3645514-7627415","Ether-01","Gear Doctors® Ether 17.5oz Ultralight Camping Sleeping Pad - Backpacking Air Mattress - Camping Mattress Pad - Compact Inflatable Sleeping Mat for Ba","1","amazon.com","Standard Orders","Amazon","FAIRFAX","VA","22032","MarketplaceFacilitator","33.99","2.04","1.00","0","0","0","0","0","-1.00","0","-2.04","-5.10","-5.42","0","0","23.47","Released","Feb 6, 2026 5:42:11 AM PST"
"Jan 30, 2026 1:25:56 AM PST","25615550821","Order","112-7438746-4399455","GDCampingPillowBlue","Gear Doctors 3.5oz Compact Ultralight Inflatable Camping Pillow -Inflatable Camp Pillow -Backpacking Pillows Ultralight-Camping Pillows for Sleeping,","1","amazon.com","Standard Orders","Amazon","AGOURA HILLS","CA","91301","MarketplaceFacilitator","14.99","1.42","0","0","0","0","0","0","-0.43","0","-1.42","-2.18","-3.95","0","0","8.43","Released","Feb 8, 2026 7:07:03 AM PST"
"Jan 30, 2026 1:51:28 AM PST","25615550821","Order","114-6074657-7043463","GDApolloAir01","Gear Doctors ApolloAir 5.2 R-Value [17oz] Ultralight Insulated Inflatable Camping Sleeping Pad - Backpacking Sleeping Pad - Camping Mattress Compact L","1","amazon.com","Standard Orders","Amazon","MIDDLEBORO","MA","02346","MarketplaceFacilitator","84.99","5.31","0","0","0","0","0","0","0","0","-5.31","-12.75","-5.68","0","0","66.56","Released","Feb 7, 2026 2:15:30 AM PST"
"Jan 30, 2026 1:51:28 AM PST","25615550821","Order","114-6074657-7043463","GDCampingPillowOrange","Gear Doctors 3.5oz Compact Ultralight Inflatable Camping Pillow-Inflatable Camp Pillow-Backpacking Pillows Ultralight-Camping Pillows for Sleeping, Hi","1","amazon.com","Standard Orders","Amazon","MIDDLEBORO","MA","02346","MarketplaceFacilitator","14.99","0.94","0","0","0","0","0","0","0","0","-0.94","-2.25","-3.95","0","0","8.79","Released","Feb 7, 2026 2:15:30 AM PST"
"Jan 30, 2026 2:02:24 AM PST","25495925401","Adjustment","","GDClassic01","FBA Inventory Reimbursement - Lost:Inbound","9","","Standard Orders","","","","","","0","0","0","0","0","0","0","0","0","0","0","0","0","0","140.13","140.13","Released","Jan 30, 2026 2:02:24 AM PST"
"Jan 30, 2026 2:07:01 AM PST","25615550821","Order","113-4727799-2807460","Ether-01","Gear Doctors® Ether 17.5oz Ultralight Camping Sleeping Pad - Backpacking Air Mattress - Camping Mattress Pad - Compact Inflatable Sleeping Mat for Ba","1","amazon.com","Standard Orders","Amazon","BILLERICA","MA","01821","MarketplaceFacilitator","33.99","1.91","2.99","0","0","0","0","0","-6.39","0","-1.91","-4.59","-5.42","0","0","20.58","Released","Feb 7, 2026 4:42:30 AM PST"
"Jan 30, 2026 2:44:04 AM PST","25615550821","Order","114-4462649-7759405","GDApolloAir-02","Gear Doctors ApolloAir 5.2 R-Value [25oz] Ultralight Insulated Inflatable Camping Sleeping Pad - Backpacking Sleeping Pad - Camping Mattress Compact L","1","amazon.com","Standard Orders","Amazon","TULSA","OK","74104","MarketplaceFacilitator","89.99","7.66","2.05","0","0","0","0","0","-2.05","0","-7.66","-13.50","-6.08","0","0","70.41","Released","Feb 10, 2026 5:17:28 AM PST"
"Jan 30, 2026 2:54:48 AM PST","25615550821","Order","111-1402272-3446644","GDApolloAir-02","Gear Doctors ApolloAir 5.2 R-Value [25oz] Ultralight Insulated Inflatable Camping Sleeping Pad - Backpacking Sleeping Pad - Camping Mattress Compact L","1","amazon.com","Standard Orders","Amazon","LAFAYETTE","CO","80026","MarketplaceFacilitator","89.99","8.28","0","0","0","0","0","0","0","0","-8.28","-13.50","-6.08","0","0","70.41","Released","Feb 7, 2026 7:28:08 AM PST"
"Jan 30, 2026 3:01:48 AM PST","25615550821","Order","112-7438746-4399455","GDClassic01","Gear Doctors Oxylus 4.3R-Value Insulated Foam Self Inflating Sleeping Pad Camping-Sleeping Pad Backpacking Air Mattress-Camping Mattress Self Inflatin","1","amazon.com","Standard Orders","Amazon","AGOURA HILLS","CA","91301","MarketplaceFacilitator","37.99","3.60","0","0","0","0","0","0","-1.07","0","-3.60","-5.54","-7.61","0","0","23.77","Released","Feb 7, 2026 4:35:03 AM PST"
"Jan 30, 2026 3:40:31 AM PST","25495925401","Order","113-1848294-5257865","Ether-01","Gear Doctors® Ether 17.5oz Ultralight Camping Sleeping Pad - Backpacking Air Mattress - Camping Mattress Pad - Compact Inflatable Sleeping Mat for Ba","1","amazon.com","Standard Orders","Amazon","LEHI","UT","84043","MarketplaceFacilitator","33.99","2.53","0.75","0","0","0","0","0","-0.75","0","-2.53","-5.10","-5.42","0","0","23.47","Released","Feb 6, 2026 7:44:47 AM PST"
"Jan 30, 2026 3:48:07 AM PST","25615550821","Order","114-9075375-7072257","GDClassic01","Gear Doctors Oxylus 4.3R-Value Insulated Foam Self Inflating Sleeping Pad Camping-Sleeping Pad Backpacking Air Mattress-Camping Mattress Self Inflatin","1","amazon.com","Standard Orders","Amazon","VANCOUVER","WA","98662","MarketplaceFacilitator","37.99","3.23","0.49","0","0","0","0","0","-0.49","0","-3.23","-5.70","-7.61","0","0","24.68","Released","Feb 7, 2026 3:15:51 AM PST"
"Jan 30, 2026 3:48:07 AM PST","25615550821","Order","114-9075375-7072257","GDCampingPillowBlue","Gear Doctors 3.5oz Compact Ultralight Inflatable Camping Pillow -Inflatable Camp Pillow -Backpacking Pillows Ultralight-Camping Pillows for Sleeping,","1","amazon.com","Standard Orders","Amazon","VANCOUVER","WA","98662","MarketplaceFacilitator","14.99","1.27","0.50","0","0","0","0","0","-0.50","0","-1.27","-2.25","-3.95","0","0","8.79","Released","Feb 7, 2026 3:15:51 AM PST"
"Jan 30, 2026 5:01:23 AM PST","25615550821","Order","113-9357444-6117815","Ether-01","Gear Doctors® Ether 17.5oz Ultralight Camping Sleeping Pad - Backpacking Air Mattress - Camping Mattress Pad - Compact Inflatable Sleeping Mat for Ba","1","amazon.com","Standard Orders","Amazon","Douglas","AK","99824","MarketplaceFacilitator","33.99","1.70","0","0","0","0","0","0","0","0","-1.70","-5.10","-5.42","0","0","23.47","Released","Feb 11, 2026 7:05:05 AM PST"
"Jan 30, 2026 6:45:53 AM PST","25615550821","Order","111-4354182-0361832","Ether-01","Gear Doctors® Ether 17.5oz Ultralight Camping Sleeping Pad - Backpacking Air Mattress - Camping Mattress Pad - Compact Inflatable Sleeping Mat for Ba","1","amazon.com","Standard Orders","Amazon","LOS ANGELES","CA","90036","MarketplaceFacilitator","33.99","3.31","1.50","0","0","0","0","0","-1.50","0","-3.31","-5.10","-5.42","0","0","23.47","Released","Feb 7, 2026 12:05:55 AM PST"
"Jan 30, 2026 6:53:04 AM PST","25615550821","Order","112-3159856-6284230","Ether-01","Gear Doctors® Ether 17.5oz Ultralight Camping Sleeping Pad - Backpacking Air Mattress - Camping Mattress Pad - Compact Inflatable Sleeping Mat for Ba","1","amazon.com","Standard Orders","Amazon","BATTLE CREEK","MI","49017","MarketplaceFacilitator","33.99","2.04","0","0","0","0","0","0","0","0","-2.04","-5.10","-5.42","0","0","23.47","Released","Feb 8, 2026 7:53:49 AM PST"
"Jan 30, 2026 7:25:46 AM PST","25615550821","Order","113-8331862-5163447","GDCampingPillowBlue","Gear Doctors 3.5oz Compact Ultralight Inflatable Camping Pillow -Inflatable Camp Pillow -Backpacking Pillows Ultralight-Camping Pillows for Sleeping,","1","amazon.com","Standard Orders","Amazon","HONOLULU","HI","96816","MarketplaceFacilitator","14.99","0.71","0","0","0","0","0","0","0","0","-0.71","-2.25","-3.95","0","0","8.79","Released","Feb 8, 2026 2:08:11 PM PST"
"Jan 30, 2026 7:42:49 AM PST","25615550821","Order","113-4056312-8924219","Ether-01","Gear Doctors® Ether 17.5oz Ultralight Camping Sleeping Pad - Backpacking Air Mattress - Camping Mattress Pad - Compact Inflatable Sleeping Mat for Ba","1","amazon.com","Standard Orders","Amazon","ALHAMBRA","CA","91803","MarketplaceFacilitator","33.99","3.57","2.99","0","0","0","0","0","-2.99","0","-3.57","-5.10","-5.42","0","0","23.47","Released","Feb 7, 2026 5:20:45 AM PST"
"Jan 30, 2026 9:32:13 AM PST","25615550821","Order","113-9860346-5717820","Ether-01","Gear Doctors® Ether 17.5oz Ultralight Camping Sleeping Pad - Backpacking Air Mattress - Camping Mattress Pad - Compact Inflatable Sleeping Mat for Ba","1","amazon.com","Standard Orders","Amazon","TYLER","TX","75703","MarketplaceFacilitator","33.99","2.80","0","0","0","0","0","0","0","0","-2.80","-5.10","-5.42","0","0","23.47","Released","Feb 7, 2026 2:51:00 PM PST"
"Jan 30, 2026 9:41:08 AM PST","25615550821","Order","114-3617247-0776262","Ether-01","Gear Doctors® Ether 17.5oz Ultralight Camping Sleeping Pad - Backpacking Air Mattress - Camping Mattress Pad - Compact Inflatable Sleeping Mat for Ba","1","amazon.com","Standard Orders","Amazon","NORTH LAS VEGAS","NV","89031","MarketplaceFacilitator","33.99","2.85","2.99","0","0","0","0","0","-2.99","0","-2.85","-5.10","-5.42","0","0","23.47","Released","Feb 7, 2026 12:18:34 AM PST"
"Jan 30, 2026 10:31:12 AM PST","25495925401","Refund","112-9913645-5883424","GDCampingPillowOrange","Gear Doctors 3.5oz Compact Ultralight Inflatable Camping Pillow-Inflatable Camp Pillow-Backpacking Pillows Ultralight-Camping Pillows for Sleeping, Hi","1","amazon.com","Standard Orders","Amazon","FRAMINGHAM","MA","01701","MarketplaceFacilitator","-14.99","-0.94","-0.55","0","0","0","0","0","0.55","0","0.94","1.80","0","0","0","-13.19","Released","Jan 30, 2026 10:31:12 AM PST"
"Jan 30, 2026 10:38:52 AM PST","25615550821","Order","113-9117479-4596205","GDClassic01","Gear Doctors Oxylus 4.3R-Value Insulated Foam Self Inflating Sleeping Pad Camping-Sleeping Pad Backpacking Air Mattress-Camping Mattress Self Inflatin","1","amazon.com","Standard Orders","Amazon","OCEANSIDE","CA","92058","MarketplaceFacilitator","37.99","3.13","0","0","0","0","0","0","0","0","-3.13","-5.70","-7.61","0","0","24.68","Released","Feb 8, 2026 11:40:09 AM PST"
"Jan 30, 2026 11:05:18 AM PST","25615550821","Order","111-2752345-9362638","Ether-01","Gear Doctors® Ether 17.5oz Ultralight Camping Sleeping Pad - Backpacking Air Mattress - Camping Mattress Pad - Compact Inflatable Sleeping Mat for Ba","1","amazon.com","Standard Orders","Amazon","MONROE","NC","28110","MarketplaceFacilitator","33.99","2.29","2.99","0","0","0","0","0","-2.99","0","-2.29","-5.10","-5.42","0","0","23.47","Released","Feb 7, 2026 6:09:29 AM PST"
"Jan 30, 2026 11:05:18 AM PST","25495925401","Refund","114-6361907-2413814","GDClassic01","Gear Doctors Self Inflating Camping Sleeping Pad for Camping 4.3 R Insulated Camping mats-1.5 in Must Haves Inflatable Foam air Sleep mat Self Inflati","1","amazon.com","Standard Orders","Amazon","HOUSTON","TX","77024","MarketplaceFacilitator","-37.49","-2.78","-2.99","0","0","0","0","0","6.74","0","2.78","4.05","0","0","0","-29.69","Released","Jan 30, 2026 11:05:18 AM PST"
"Jan 30, 2026 11:18:52 AM PST","25615550821","Order","112-6011286-1517825","GDClassic01","Gear Doctors Oxylus 4.3R-Value Insulated Foam Self Inflating Sleeping Pad Camping-Sleeping Pad Backpacking Air Mattress-Camping Mattress Self Inflatin","2","amazon.com","Standard Orders","Amazon","HOMELAND","CA","92548","MarketplaceFacilitator","75.98","5.88","0.60","0","0","0","0","0","-0.60","0","-5.88","-11.40","-15.22","0","0","49.36","Released","Feb 7, 2026 1:07:22 AM PST"
"Jan 30, 2026 11:32:45 AM PST","25615550821","Order","113-5538503-1425054","GDApolloAir-02","Gear Doctors ApolloAir 5.2 R-Value [25oz] Ultralight Insulated Inflatable Camping Sleeping Pad - Backpacking Sleeping Pad - Camping Mattress Compact L","1","amazon.com","Standard Orders","Amazon","HOBE SOUND","FL","33455","MarketplaceFacilitator","89.99","5.85","0","0","0","0","0","0","0","0","-5.85","-13.50","-6.08","0","0","70.41","Released","Feb 8, 2026 4:48:45 AM PST"
"Jan 30, 2026 11:39:02 AM PST","25495925401","Refund","113-4652079-3353855","Ether-01","Gear Doctors® Ether 17.5oz Ultralight Camping Sleeping Pad - Backpacking Air Mattress - Camping Mattress Pad - Compact Inflatable Sleeping Mat for Ba","1","amazon.com","Standard Orders","Amazon","THE VILLAGES","FL","32163","MarketplaceFacilitator","-33.99","-2.38","0","0","0","0","0","0","0","0","4.76","8.16","0","0","0","-23.45","Released","Feb 6, 2026 4:35:33 AM PST"
"Jan 30, 2026 11:39:02 AM PST","25495925401","Refund","113-4652079-3353855","Ether-01","Gear Doctors® Ether 17.5oz Ultralight Camping Sleeping Pad - Backpacking Air Mattress - Camping Mattress Pad - Compact Inflatable Sleeping Mat for Ba","1","amazon.com","Standard Orders","Amazon","THE VILLAGES","FL","32163","","-33.99","-2.38","0","0","0","0","0","0","0","0","0","0","0","0","0","-36.37","Released","Feb 6, 2026 4:35:33 AM PST"
"Jan 30, 2026 12:25:03 PM PST","25495925401","Refund","113-7560682-2018645","GDApolloAir01","Gear Doctors ApolloAir 5.2 R-Value [17oz] Ultralight Insulated Inflatable Camping Sleeping Pad - Backpacking Sleeping Pad - Camping Mattress Compact L","1","amazon.com","Standard Orders","Amazon","KEY WEST","FL","33040","MarketplaceFacilitator","-76.50","-5.74","0","0","0","0","0","0","0","0","5.74","9.18","0","0","0","-67.32","Released","Jan 30, 2026 12:25:03 PM PST"
"Jan 30, 2026 12:44:53 PM PST","25615550821","Order","113-5514243-6193826","GDClassic01","Gear Doctors Oxylus 4.3R-Value Insulated Foam Self Inflating Sleeping Pad Camping-Sleeping Pad Backpacking Air Mattress-Camping Mattress Self Inflatin","1","amazon.com","Standard Orders","Amazon","SODA SPRINGS","ID","83276","MarketplaceFacilitator","37.99","2.28","0","0","0","0","0","0","0","0","-2.28","-5.70","-7.61","0","0","24.68","Released","Feb 8, 2026 12:11:15 AM PST"
"Jan 30, 2026 12:50:44 PM PST","25615550821","Order","114-3096856-1784265","Ether-01","Gear Doctors® Ether 17.5oz Ultralight Camping Sleeping Pad - Backpacking Air Mattress - Camping Mattress Pad - Compact Inflatable Sleeping Mat for Ba","1","amazon.com","Standard Orders","Amazon","FOREST HILL","LA","71430","MarketplaceFacilitator","33.99","2.89","0","0","0","0","0","0","0","0","-2.89","-5.10","-5.42","0","0","23.47","Released","Feb 7, 2026 11:26:58 PM PST"
"Jan 30, 2026 12:56:51 PM PST","25615550821","Order","113-0796482-8620215","Ether-01","Gear Doctors® Ether 17.5oz Ultralight Camping Sleeping Pad - Backpacking Air Mattress - Camping Mattress Pad - Compact Inflatable Sleeping Mat for Ba","1","amazon.com","Standard Orders","Amazon","WOODBRIDGE","VA","22191","MarketplaceFacilitator","33.99","2.04","2.99","0","0","0","0","0","-2.99","0","-2.04","-5.10","-5.42","0","0","23.47","Released","Feb 7, 2026 3:22:14 AM PST"
"Jan 30, 2026 2:16:38 PM PST","25615550821","Order","113-7047046-7945010","Ether-01","Gear Doctors® Ether 17.5oz Ultralight Camping Sleeping Pad - Backpacking Air Mattress - Camping Mattress Pad - Compact Inflatable Sleeping Mat for Ba","1","amazon.com","Standard Orders","Amazon","ROCKLIN","CA","95677","MarketplaceFacilitator","33.99","2.46","4.99","0.36","0","0","0","0","0","0","-2.82","-5.10","-10.41","0","0","23.47","Released","Feb 7, 2026 2:24:17 PM PST"
"Jan 30, 2026 2:25:03 PM PST","25495925401","Refund","112-5357608-1584243","Ether-01","Gear Doctors® Ether 17.5oz Ultralight Camping Sleeping Pad - Backpacking Air Mattress - Camping Mattress Pad - Compact Inflatable Sleeping Mat for Ba","1","amazon.com","Standard Orders","Amazon","SAINT LOUIS","MO","63128","MarketplaceFacilitator","-33.99","-1.44","-1.49","0","0","0","0","0","1.49","0","1.44","4.08","0","0","0","-29.91","Released","Feb 5, 2026 5:12:00 AM PST"
"Jan 30, 2026 3:06:03 PM PST","25495925401","Refund","112-2651980-5905017","GDClassic01","Gear Doctors Oxylus 4.3R-Value Insulated Foam Self Inflating Sleeping Pad Camping-Sleeping Pad Backpacking Air Mattress-Camping Mattress Self Inflatin","1","amazon.com","Standard Orders","Amazon","NAPLES","FL","34116","MarketplaceFacilitator","-37.49","-2.25","0","0","0","0","0","0","0","0","2.25","4.50","0","0","0","-32.99","Released","Jan 30, 2026 3:06:03 PM PST"
"Jan 30, 2026 3:45:41 PM PST","25495925401","Service Fee","","","Cost of Advertising","","","Standard Orders","","","","","","0","0","0","0","0","0","0","0","0","0","0","0","0","-502.01","0","-502.01","Released","Jan 30, 2026 3:45:41 PM PST"
"Jan 30, 2026 4:35:29 PM PST","25615550821","Order","113-6586830-3049032","Ether-01","Gear Doctors® Ether 17.5oz Ultralight Camping Sleeping Pad - Backpacking Air Mattress - Camping Mattress Pad - Compact Inflatable Sleeping Mat for Ba","1","amazon.com","Standard Orders","Amazon","CASTLETON ON HUDSON","NY","12033","MarketplaceFacilitator","33.99","2.72","0","0","0","0","0","0","0","0","-2.72","-5.10","-5.42","0","0","23.47","Released","Feb 8, 2026 4:24:31 AM PST"
"Jan 30, 2026 4:38:07 PM PST","25615550821","Order","113-7385094-4681854","Ether-01","Gear Doctors® Ether 17.5oz Ultralight Camping Sleeping Pad - Backpacking Air Mattress - Camping Mattress Pad - Compact Inflatable Sleeping Mat for Ba","1","amazon.com","Standard Orders","Amazon","NEW YORK","NY","10024","MarketplaceFacilitator","33.99","3.02","0","0","0","0","0","0","0","0","-3.02","-5.10","-5.42","0","0","23.47","Released","Feb 9, 2026 7:42:10 PM PST"
"Jan 30, 2026 5:15:01 PM PST","25615550821","Order","113-0336684-9572239","GDApolloAir01","Gear Doctors ApolloAir 5.2 R-Value [17oz] Ultralight Insulated Inflatable Camping Sleeping Pad - Backpacking Sleeping Pad - Camping Mattress Compact L","1","amazon.com","Standard Orders","Amazon","SAN DIEGO","CA","92130","MarketplaceFacilitator","84.99","6.59","0","0","0","0","0","0","0","0","-6.59","-12.75","-5.68","0","0","66.56","Released","Feb 8, 2026 2:28:27 AM PST"
"Jan 30, 2026 5:16:33 PM PST","25495925401","Adjustment","112-8607907-9741833","Ether-01","FBA Inventory Reimbursement - Customer Return","1","","Standard Orders","","","","","","0","0","0","0","0","0","0","0","0","0","0","0","0","0","14.80","14.80","Released","Jan 30, 2026 5:16:33 PM PST"
"Jan 30, 2026 5:17:34 PM PST","25615550821","Order","111-8606236-1909030","Ether-01","Gear Doctors® Ether 17.5oz Ultralight Camping Sleeping Pad - Backpacking Air Mattress - Camping Mattress Pad - Compact Inflatable Sleeping Mat for Ba","1","amazon.com","Standard Orders","Amazon","IRMO","SC","29063","MarketplaceFacilitator","33.99","2.72","0","0","0","0","0","0","0","0","-5.44","-10.20","-5.42","0","0","15.65","Released","Feb 11, 2026 6:26:44 AM PST"
"Jan 30, 2026 5:17:34 PM PST","25615550821","Order","111-8606236-1909030","Ether-01","Gear Doctors® Ether 17.5oz Ultralight Camping Sleeping Pad - Backpacking Air Mattress - Camping Mattress Pad - Compact Inflatable Sleeping Mat for Ba","1","amazon.com","Standard Orders","Amazon","IRMO","SC","29063","","33.99","2.72","0","0","0","0","0","0","0","0","0","0","-5.42","0","0","31.29","Released","Feb 11, 2026 6:26:44 AM PST"
"Jan 30, 2026 5:36:03 PM PST","25615550821","Order","113-0183983-1583442","GDClassic01","Gear Doctors Oxylus 4.3R-Value Insulated Foam Self Inflating Sleeping Pad Camping-Sleeping Pad Backpacking Air Mattress-Camping Mattress Self Inflatin","1","amazon.com","Standard Orders","Amazon","SAN DIEGO","CA","92110","MarketplaceFacilitator","37.49","2.91","0","0","0","0","0","0","0","0","-2.91","-5.62","-7.61","0","0","24.26","Released","Feb 8, 2026 4:00:38 AM PST"
"Jan 30, 2026 5:40:22 PM PST","25615550821","Order","114-8678439-6340265","Ether-01","Gear Doctors® Ether 17.5oz Ultralight Camping Sleeping Pad - Backpacking Air Mattress - Camping Mattress Pad - Compact Inflatable Sleeping Mat for Ba","1","amazon.com","Standard Orders","Amazon","BARNSTABLE","MA","02630","MarketplaceFacilitator","33.99","2.12","1.50","0","0","0","0","0","-1.50","0","-2.12","-5.10","-5.42","0","0","23.47","Released","Feb 7, 2026 1:47:12 AM PST"
"Jan 30, 2026 6:22:28 PM PST","25615550821","Order","112-4304384-8669832","GDCampingPillowBlue","Gear Doctors 3.5oz Compact Ultralight Inflatable Camping Pillow -Inflatable Camp Pillow -Backpacking Pillows Ultralight-Camping Pillows for Sleeping,","1","amazon.com","Standard Orders","Amazon","FLAGSTAFF","AZ","86001","MarketplaceFacilitator","14.99","1.41","0","0","0","0","0","0","0","0","-1.41","-2.25","-3.95","0","0","8.79","Released","Feb 8, 2026 6:02:32 PM PST"
"Jan 30, 2026 6:22:46 PM PST","25615550821","Order","111-1603046-9282634","Ether-01","Gear Doctors® Ether 17.5oz Ultralight Camping Sleeping Pad - Backpacking Air Mattress - Camping Mattress Pad - Compact Inflatable Sleeping Mat for Ba","1","amazon.com","Standard Orders","Amazon","Snowflake","AZ","85937","MarketplaceFacilitator","33.99","2.19","0","0","0","0","0","0","0","0","-2.19","-5.10","-5.42","0","0","23.47","Released","Feb 9, 2026 1:50:57 AM PST"
"Jan 30, 2026 6:24:20 PM PST","25615550821","Order","112-6562771-4943458","Ether-01","Gear Doctors® Ether 17.5oz Ultralight Camping Sleeping Pad - Backpacking Air Mattress - Camping Mattress Pad - Compact Inflatable Sleeping Mat for Ba","1","amazon.com","Standard Orders","Amazon","Snowflake","AZ","85937","MarketplaceFacilitator","33.99","2.19","0","0","0","0","0","0","0","0","-2.19","-5.10","-5.42","0","0","23.47","Released","Feb 9, 2026 12:41:00 AM PST"
"Jan 30, 2026 6:32:05 PM PST","25615550821","Order","111-6092928-1953864","GDCampingPillowBlue","Gear Doctors 3.5oz Compact Ultralight Inflatable Camping Pillow -Inflatable Camp Pillow -Backpacking Pillows Ultralight-Camping Pillows for Sleeping,","1","amazon.com","Standard Orders","Amazon","ALBUQUERQUE","NM","87105","MarketplaceFacilitator","14.99","1.03","0","0","0","0","0","0","-1.50","0","-1.03","-2.02","-3.95","0","0","7.52","Released","Feb 10, 2026 7:01:55 PM PST"
"Jan 30, 2026 7:06:15 PM PST","25495925401","Refund","113-5038637-0107425","GDApolloAir01","Gear Doctors ApolloAir 5.2 R-Value [17oz] Ultralight Insulated Inflatable Camping Sleeping Pad - Backpacking Sleeping Pad - Camping Mattress Compact L","1","amazon.com","Standard Orders","Amazon","HOUSTON","TX","77094","MarketplaceFacilitator","-76.50","-6.31","-1.49","0","0","0","0","0","1.49","0","6.31","9.18","0","0","0","-67.32","Released","Jan 30, 2026 7:06:15 PM PST"
"Jan 30, 2026 7:16:19 PM PST","25615550821","Order","114-6958672-6492250","Ether-01","Gear Doctors® Ether 17.5oz Ultralight Camping Sleeping Pad - Backpacking Air Mattress - Camping Mattress Pad - Compact Inflatable Sleeping Mat for Ba","1","amazon.com","Standard Orders","Amazon","SEMINOLE","TX","79360","MarketplaceFacilitator","33.99","2.12","0","0","0","0","0","0","0","0","-2.12","-5.10","-5.42","0","0","23.47","Released","Feb 9, 2026 12:37:29 AM PST"
"Jan 30, 2026 7:25:34 PM PST","25615550821","Order","111-5444653-7889858","GDCampingPillowOrange","Gear Doctors 3.5oz Compact Ultralight Inflatable Camping Pillow-Inflatable Camp Pillow-Backpacking Pillows Ultralight-Camping Pillows for Sleeping, Hi","1","amazon.com","Standard Orders","Amazon","FORT BRAGG","NC","28307","MarketplaceFacilitator","14.99","1.05","0","0","0","0","0","0","0","0","-1.05","-2.25","-3.95","0","0","8.79","Released","Feb 10, 2026 1:02:13 PM PST"
"Jan 30, 2026 7:49:16 PM PST","25615550821","Order","114-0326540-3077836","GDClassic01","Gear Doctors Oxylus 4.3R-Value Insulated Foam Self Inflating Sleeping Pad Camping-Sleeping Pad Backpacking Air Mattress-Camping Mattress Self Inflatin","1","amazon.com","Standard Orders","Amazon","HOUSTON","TX","77042","MarketplaceFacilitator","37.99","3.13","0","0","0","0","0","0","0","0","-3.13","-5.70","-7.61","0","0","24.68","Released","Feb 7, 2026 11:27:08 PM PST"
"Jan 30, 2026 8:07:37 PM PST","25615550821","Order","112-5941586-8084223","Ether-01","Gear Doctors® Ether 17.5oz Ultralight Camping Sleeping Pad - Backpacking Air Mattress - Camping Mattress Pad - Compact Inflatable Sleeping Mat for Ba","1","amazon.com","Standard Orders","Amazon","DALLAS","TX","75225","MarketplaceFacilitator","33.99","2.80","0","0","0","0","0","0","0","0","-2.80","-5.10","-5.42","0","0","23.47","Released","Feb 9, 2026 1:56:31 AM PST"
"Jan 30, 2026 8:20:34 PM PST","25615550821","Order","111-2934239-7651400","Ether-01","Gear Doctors® Ether 17.5oz Ultralight Camping Sleeping Pad - Backpacking Air Mattress - Camping Mattress Pad - Compact Inflatable Sleeping Mat for Ba","1","amazon.com","Standard Orders","Amazon","COLLEGE STATION","TX","77845","MarketplaceFacilitator","33.99","2.52","0","0","0","0","0","0","-3.40","0","-2.52","-4.59","-5.42","0","0","20.58","Released","Feb 9, 2026 7:01:17 AM PST"
"Jan 30, 2026 8:44:45 PM PST","25615550821","Order","111-7140508-2938635","Ether-01","Gear Doctors® Ether 17.5oz Ultralight Camping Sleeping Pad - Backpacking Air Mattress - Camping Mattress Pad - Compact Inflatable Sleeping Mat for Ba","1","amazon.com","Standard Orders","Amazon","DALTON","GA","30721","MarketplaceFacilitator","33.99","2.38","0","0","0","0","0","0","0","0","-2.38","-5.10","-5.42","0","0","23.47","Released","Feb 10, 2026 12:37:30 AM PST"
"Jan 30, 2026 9:15:45 PM PST","25615550821","Order","112-2172723-5525063","Ether-01","Gear Doctors® Ether 17.5oz Ultralight Camping Sleeping Pad - Backpacking Air Mattress - Camping Mattress Pad - Compact Inflatable Sleeping Mat for Ba","1","amazon.com","Standard Orders","Amazon","BOISE","ID","83709","MarketplaceFacilitator","33.99","2.04","1.49","0","0","0","0","0","-1.49","0","-2.04","-5.10","-5.42","0","0","23.47","Released","Feb 7, 2026 4:56:01 AM PST"
"Jan 30, 2026 9:30:12 PM PST","25495925401","Refund","114-4151947-3029826","GDClassic01","Gear Doctors Oxylus 4.3R-Value Insulated Foam Self Inflating Sleeping Pad Camping-Sleeping Pad Backpacking Air Mattress-Camping Mattress Self Inflatin","1","amazon.com","Standard Orders","Amazon","LUTHERVILLE TIMONIUM","MD","21093","MarketplaceFacilitator","-37.49","-2.25","-0.50","0","0","0","0","0","0.50","0","2.25","4.50","0","0","0","-32.99","Released","Jan 30, 2026 9:30:12 PM PST"
"Jan 30, 2026 9:40:56 PM PST","25615550821","Order","111-6124663-2780268","GDClassic01","Gear Doctors Oxylus 4.3R-Value Insulated Foam Self Inflating Sleeping Pad Camping-Sleeping Pad Backpacking Air Mattress-Camping Mattress Self Inflatin","1","amazon.com","Standard Orders","Amazon","NEW BOSTON","NH","03070","","37.49","0","0","0","0","0","0","0","0","0","0","-5.62","-7.61","0","0","24.26","Released","Feb 8, 2026 5:07:47 AM PST"
"Jan 30, 2026 9:48:19 PM PST","25615550821","Order","111-2881005-6335449","Ether-01","Gear Doctors® Ether 17.5oz Ultralight Camping Sleeping Pad - Backpacking Air Mattress - Camping Mattress Pad - Compact Inflatable Sleeping Mat for Ba","1","amazon.com","Standard Orders","Amazon","LAKE HAVASU CITY","AZ","86403","MarketplaceFacilitator","33.99","2.58","0","0","0","0","0","0","0","0","-2.58","-5.10","-5.42","0","0","23.47","Released","Feb 10, 2026 11:48:00 PM PST"
"Jan 30, 2026 9:56:10 PM PST","25615550821","Order","111-1541313-0242625","GDApolloAir-02","Gear Doctors ApolloAir 5.2 R-Value [25oz] Ultralight Insulated Inflatable Camping Sleeping Pad - Backpacking Sleeping Pad - Camping Mattress Compact L","1","amazon.com","Standard Orders","Amazon","SAN DIEGO","CA","92111","MarketplaceFacilitator","89.99","6.97","0","0","0","0","0","0","0","0","-6.97","-13.50","-6.08","0","0","70.41","Released","Feb 8, 2026 3:03:02 PM PST"
"Jan 30, 2026 9:58:42 PM PST","25615550821","Order","114-5158055-2833036","Ether-01","Gear Doctors® Ether 17.5oz Ultralight Camping Sleeping Pad - Backpacking Air Mattress - Camping Mattress Pad - Compact Inflatable Sleeping Mat for Ba","1","amazon.com","Standard Orders","Amazon","OWASSO","OK","74055","MarketplaceFacilitator","33.99","3.03","2.99","0","0","0","0","0","-2.99","0","-3.03","-5.10","-5.42","0","0","23.47","Released","Feb 7, 2026 4:27:00 AM PST"
"Jan 30, 2026 10:35:55 PM PST","25615550821","Order","111-2999148-3017032","Ether-01","Gear Doctors® Ether 17.5oz Ultralight Camping Sleeping Pad - Backpacking Air Mattress - Camping Mattress Pad - Compact Inflatable Sleeping Mat for Ba","1","amazon.com","Standard Orders","Amazon","OCEANSIDE","CA","92058","MarketplaceFacilitator","33.99","2.63","0","0","0","0","0","0","0","0","-2.63","-5.10","-5.42","0","0","23.47","Released","Feb 8, 2026 4:01:25 AM PST"
"Jan 30, 2026 10:37:39 PM PST","25615550821","Order","112-5931814-5505064","Ether-01","Gear Doctors® Ether 17.5oz Ultralight Camping Sleeping Pad - Backpacking Air Mattress - Camping Mattress Pad - Compact Inflatable Sleeping Mat for Ba","2","amazon.com","Standard Orders","Amazon","ROCKLEDGE","FL","32955","MarketplaceFacilitator","67.98","4.76","0","0","0","0","0","0","0","0","-4.76","-10.20","-10.84","0","0","46.94","Released","Feb 9, 2026 5:19:55 AM PST"
"Jan 30, 2026 10:51:56 PM PST","25615550821","Order","111-9673861-7072243","Ether-01","Gear Doctors® Ether 17.5oz Ultralight Camping Sleeping Pad - Backpacking Air Mattress - Camping Mattress Pad - Compact Inflatable Sleeping Mat for Ba","1","amazon.com","Standard Orders","Amazon","GAINESVILLE","FL","32605","MarketplaceFacilitator","33.99","2.55","0","0","0","0","0","0","0","0","-2.55","-5.10","-5.42","0","0","23.47","Released","Feb 8, 2026 6:43:53 AM PST"
"Jan 30, 2026 10:54:10 PM PST","25615550821","Order","113-7631558-2847451","Ether-01","Gear Doctors® Ether 17.5oz Ultralight Camping Sleeping Pad - Backpacking Air Mattress - Camping Mattress Pad - Compact Inflatable Sleeping Mat for Ba","1","amazon.com","Standard Orders","Amazon","SARASOTA","FL","34241","MarketplaceFacilitator","33.99","2.38","1.50","0","0","0","0","0","-1.50","0","-2.38","-5.10","-5.42","0","0","23.47","Released","Feb 7, 2026 5:40:30 AM PST"
"Jan 30, 2026 11:16:04 PM PST","25615550821","Order","113-3350136-4796211","Ether-01","Gear Doctors® Ether 17.5oz Ultralight Camping Sleeping Pad - Backpacking Air Mattress - Camping Mattress Pad - Compact Inflatable Sleeping Mat for Ba","1","amazon.com","Standard Orders","Amazon","INDEPENDENCE","IA","50644","MarketplaceFacilitator","33.99","2.38","0","0","0","0","0","0","0","0","-2.38","-5.10","-5.42","0","0","23.47","Released","Feb 9, 2026 6:39:06 AM PST"
"Jan 30, 2026 11:37:37 PM PST","25615550821","Order","114-6191028-0642617","GDClassic01","Gear Doctors Oxylus 4.3R-Value Insulated Foam Self Inflating Sleeping Pad Camping-Sleeping Pad Backpacking Air Mattress-Camping Mattress Self Inflatin","2","amazon.com","Standard Orders","Amazon","LAKE FOREST","CA","92630","MarketplaceFacilitator","75.98","5.88","2.99","0","0","0","0","0","-2.99","0","-5.88","-11.40","-15.22","0","0","49.36","Released","Feb 7, 2026 6:01:50 AM PST"
"Jan 31, 2026 12:05:48 AM PST","25615550821","Order","111-1333763-5489022","Ether-01","Gear Doctors® Ether 17.5oz Ultralight Camping Sleeping Pad - Backpacking Air Mattress - Camping Mattress Pad - Compact Inflatable Sleeping Mat for Ba","1","amazon.com","Standard Orders","Amazon","RIVERSIDE","CT","06878","MarketplaceFacilitator","33.99","2.16","0","0","0","0","0","0","0","0","-2.16","-5.10","-5.42","0","0","23.47","Released","Feb 8, 2026 4:28:26 AM PST"
"Jan 31, 2026 12:34:06 AM PST","25615550821","Order","111-1317051-9269023","Ether-01","Gear Doctors® Ether 17.5oz Ultralight Camping Sleeping Pad - Backpacking Air Mattress - Camping Mattress Pad - Compact Inflatable Sleeping Mat for Ba","1","amazon.com","Standard Orders","Amazon","BRUSLY","LA","70719","MarketplaceFacilitator","33.99","3.48","0","0","0","0","0","0","0","0","-3.48","-5.10","-5.42","0","0","23.47","Released","Feb 9, 2026 7:22:26 AM PST"
"Jan 31, 2026 1:13:30 AM PST","25615550821","Order","111-5570953-3077024","Ether-01","Gear Doctors® Ether 17.5oz Ultralight Camping Sleeping Pad - Backpacking Air Mattress - Camping Mattress Pad - Compact Inflatable Sleeping Mat for Ba","1","amazon.com","Standard Orders","Amazon","PASADENA","CA","91106","MarketplaceFacilitator","33.99","3.57","0","0","0","0","0","0","0","0","-3.57","-5.10","-5.42","0","0","23.47","Released","Feb 7, 2026 11:58:56 PM PST"
"Jan 31, 2026 1:36:59 AM PST","25495925401","Adjustment","","GDClassic01","FBA Inventory Reimbursement - General Adjustment","1","","Standard Orders","","","","","","0","0","0","0","0","0","0","0","0","0","0","0","0","0","-25.43","-25.43","Released","Jan 31, 2026 1:36:59 AM PST"
"Jan 31, 2026 2:48:01 AM PST","25495925401","Refund","113-3041107-0925008","GDCampingPillowOrange","Gear Doctors 3.5oz Compact Ultralight Inflatable Camping Pillow-Inflatable Camp Pillow-Backpacking Pillows Ultralight-Camping Pillows for Sleeping, Hi","1","amazon.com","Standard Orders","Amazon","UNIVERSITY HEIGHTS","OH","44118","MarketplaceFacilitator","-14.99","-1.20","0","0","0","0","0","0","0","0","1.20","1.80","0","0","0","-13.19","Released","Jan 31, 2026 2:48:01 AM PST"
"Jan 31, 2026 3:42:07 AM PST","25615550821","Order","114-5110401-8962627","Ether-01","Gear Doctors® Ether 17.5oz Ultralight Camping Sleeping Pad - Backpacking Air Mattress - Camping Mattress Pad - Compact Inflatable Sleeping Mat for Ba","1","amazon.com","Standard Orders","Amazon","VERNONIA","OR","97064","","33.99","0","0","0","0","0","0","0","0","0","0","-5.10","-5.42","0","0","23.47","Released","Feb 7, 2026 11:40:57 PM PST"
"Jan 31, 2026 5:41:03 AM PST","25615550821","Order","112-3810864-5975461","GDCampingPillowOrange","Gear Doctors 3.5oz Compact Ultralight Inflatable Camping Pillow-Inflatable Camp Pillow-Backpacking Pillows Ultralight-Camping Pillows for Sleeping, Hi","1","amazon.com","Standard Orders","Amazon","ROCHESTER","NY","14616","MarketplaceFacilitator","14.99","1.20","0","0","0","0","0","0","0","0","-1.20","-2.25","-3.95","0","0","8.79","Released","Feb 11, 2026 5:50:05 AM PST"
"Jan 31, 2026 5:53:27 AM PST","25495925401","Refund","112-3698852-0587454","GDApolloAir-02","Gear Doctors ApolloAir 5.2 R-Value [25oz] Ultralight Insulated Inflatable Camping Sleeping Pad - Backpacking Sleeping Pad - Camping Mattress Compact L","1","amazon.com","Standard Orders","Amazon","AUSTIN","TX","78702","MarketplaceFacilitator","-85.49","-7.05","0","0","0","0","0","0","0","0","7.05","10.26","0","0","0","-75.23","Released","Jan 31, 2026 5:53:27 AM PST"
"Jan 31, 2026 8:12:40 AM PST","25615550821","Order","114-8816976-3349854","GDApolloAir01","Gear Doctors ApolloAir 5.2 R-Value [17oz] Ultralight Insulated Inflatable Camping Sleeping Pad - Backpacking Sleeping Pad - Camping Mattress Compact L","1","amazon.com","Standard Orders","Amazon","BRENHAM","TX","77833","MarketplaceFacilitator","84.99","7.01","0","0","0","0","0","0","0","0","-7.01","-12.75","-5.68","0","0","66.56","Released","Feb 9, 2026 7:27:35 AM PST"
"Jan 31, 2026 8:47:42 AM PST","25615550821","Order","112-5503825-3762620","Ether-01","Gear Doctors® Ether 17.5oz Ultralight Camping Sleeping Pad - Backpacking Air Mattress - Camping Mattress Pad - Compact Inflatable Sleeping Mat for Ba","1","amazon.com","Standard Orders","Amazon","HOLLY","MI","48442","MarketplaceFacilitator","33.99","2.04","0.33","0","0","0","0","0","-0.33","0","-2.04","-5.10","-5.42","0","0","23.47","Released","Feb 11, 2026 4:19:19 AM PST"
"Jan 31, 2026 9:08:08 AM PST","25495925401","Adjustment","114-5718269-5045063","Ether-01","FBA Inventory Reimbursement - Customer Return","1","","Standard Orders","","","","","","0","0","0","0","0","0","0","0","0","0","0","0","0","0","18.37","18.37","Released","Jan 31, 2026 9:08:08 AM PST"
"Jan 31, 2026 9:08:15 AM PST","25615550821","Order","112-5438053-9649008","Ether-01","Gear Doctors® Ether 17.5oz Ultralight Camping Sleeping Pad - Backpacking Air Mattress - Camping Mattress Pad - Compact Inflatable Sleeping Mat for Ba","1","amazon.com","Standard Orders","Amazon","GREENACRES","WA","99016","MarketplaceFacilitator","33.99","2.72","0","0","0","0","0","0","-3.40","0","-2.72","-4.59","-5.42","0","0","20.58","Released","Feb 9, 2026 10:35:31 PM PST"
"Jan 31, 2026 9:56:14 AM PST","25615550821","Order","114-2376867-1898634","Ether-01","Gear Doctors® Ether 17.5oz Ultralight Camping Sleeping Pad - Backpacking Air Mattress - Camping Mattress Pad - Compact Inflatable Sleeping Mat for Ba","1","amazon.com","Standard Orders","Amazon","STOCKTON","CA","95212","MarketplaceFacilitator","33.99","2.63","0","0","0","0","0","0","0","0","-2.63","-5.10","-5.42","0","0","23.47","Released","Feb 9, 2026 6:39:13 AM PST"
"Jan 31, 2026 10:48:17 AM PST","25615550821","Order","114-7364413-8954619","Ether-01","Gear Doctors® Ether 17.5oz Ultralight Camping Sleeping Pad - Backpacking Air Mattress - Camping Mattress Pad - Compact Inflatable Sleeping Mat for Ba","1","amazon.com","Standard Orders","Amazon","LEANDER","TX","78641","MarketplaceFacilitator","33.99","2.52","2.99","0","0","0","0","0","-6.39","0","-2.52","-4.59","-5.42","0","0","20.58","Released","Feb 7, 2026 10:36:49 PM PST"
"Jan 31, 2026 11:23:23 AM PST","25615550821","Order","111-3162461-8394668","GDCampingPillowBlue","Gear Doctors 3.5oz Compact Ultralight Inflatable Camping Pillow -Inflatable Camp Pillow -Backpacking Pillows Ultralight-Camping Pillows for Sleeping,","1","amazon.com","Standard Orders","Amazon","Bethesda","MD","20817","MarketplaceFacilitator","14.99","0.90","0","0","0","0","0","0","0","0","-0.90","-2.25","-3.95","0","0","8.79","Released","Feb 10, 2026 5:26:36 AM PST"
"Jan 31, 2026 11:23:23 AM PST","25615550821","Order","111-3162461-8394668","GDCampingPillowOrange","Gear Doctors 3.5oz Compact Ultralight Inflatable Camping Pillow-Inflatable Camp Pillow-Backpacking Pillows Ultralight-Camping Pillows for Sleeping, Hi","1","amazon.com","Standard Orders","Amazon","Bethesda","MD","20817","MarketplaceFacilitator","14.99","0.90","0","0","0","0","0","0","0","0","-0.90","-2.25","-3.95","0","0","8.79","Released","Feb 10, 2026 5:26:36 AM PST"
"Jan 31, 2026 12:30:10 PM PST","25615550821","Order","112-5428546-7427407","GDCampingPillowBlue","Gear Doctors 3.5oz Compact Ultralight Inflatable Camping Pillow -Inflatable Camp Pillow -Backpacking Pillows Ultralight-Camping Pillows for Sleeping,","1","amazon.com","Standard Orders","Amazon","FUQUAY VARINA","NC","27526","MarketplaceFacilitator","14.99","0","0","0","0","0","0","0","0","0","0","-2.25","-3.95","0","0","8.79","Released","Feb 11, 2026 6:02:41 AM PST"
"Jan 31, 2026 12:55:18 PM PST","25495925401","Refund","114-3797672-9888238","GDApolloAir01","Gear Doctors ApolloAir 5.2 R-Value [17oz] Ultralight Insulated Inflatable Camping Sleeping Pad - Backpacking Sleeping Pad - Camping Mattress Compact L","1","amazon.com","Standard Orders","Amazon","ARLINGTON","VA","22203","MarketplaceFacilitator","-76.50","-4.59","0","0","0","0","0","0","0","0","4.59","9.18","0","0","0","-67.32","Released","Jan 31, 2026 12:55:18 PM PST"
"Jan 31, 2026 12:56:11 PM PST","25495925401","Refund","114-3797672-9888238","GDApolloAir01","Gear Doctors ApolloAir 5.2 R-Value [17oz] Ultralight Insulated Inflatable Camping Sleeping Pad - Backpacking Sleeping Pad - Camping Mattress Compact L","1","amazon.com","Standard Orders","Amazon","ARLINGTON","VA","22203","MarketplaceFacilitator","-76.50","-4.59","0","0","0","0","0","0","0","0","4.59","9.18","0","0","0","-67.32","Released","Jan 31, 2026 12:56:11 PM PST"
"Jan 31, 2026 1:15:55 PM PST","25615550821","Order","112-3108259-4253006","Ether-01","Gear Doctors® Ether 17.5oz Ultralight Camping Sleeping Pad - Backpacking Air Mattress - Camping Mattress Pad - Compact Inflatable Sleeping Mat for Ba","1","amazon.com","Standard Orders","Amazon","TOA ALTA","PR","00953","MarketplaceFacilitator","33.99","3.91","0","0","0","0","0","0","0","0","-3.91","-5.10","-5.42","0","0","23.47","Released","Feb 9, 2026 3:33:02 PM PST"
"Jan 31, 2026 1:17:39 PM PST","25615550821","Order","111-7156829-7599418","Ether-01","Gear Doctors® Ether 17.5oz Ultralight Camping Sleeping Pad - Backpacking Air Mattress - Camping Mattress Pad - Compact Inflatable Sleeping Mat for Ba","1","amazon.com","Standard Orders","Amazon","NASHVILLE","TN","37211","MarketplaceFacilitator","33.99","3.31","1.49","0","0","0","0","0","-1.49","0","-3.31","-5.10","-5.42","0","0","23.47","Released","Feb 8, 2026 1:01:30 AM PST"
"Jan 31, 2026 1:54:07 PM PST","25615550821","Order","112-5670872-2341861","Ether-01","Gear Doctors® Ether 17.5oz Ultralight Camping Sleeping Pad - Backpacking Air Mattress - Camping Mattress Pad - Compact Inflatable Sleeping Mat for Ba","2","amazon.com","Standard Orders","Amazon","NEW BRAUNFELS","TX","78130","MarketplaceFacilitator","67.98","5.60","0","0","0","0","0","0","0","0","-5.60","-10.20","-10.84","0","0","46.94","Released","Feb 9, 2026 12:47:55 AM PST"
"Jan 31, 2026 2:03:25 PM PST","25495925401","Refund","114-2348821-2033040","Ether-01","Gear Doctors® Ether 17.5oz Ultralight Camping Sleeping Pad - Backpacking Air Mattress - Camping Mattress Pad - Compact Inflatable Sleeping Mat for Ba","1","amazon.com","Standard Orders","Amazon","WASHINGTON","DC","20005","MarketplaceFacilitator","-33.99","-2.04","0","0","0","0","0","0","0","0","2.04","4.08","0","0","0","-29.91","Released","Jan 31, 2026 2:03:25 PM PST"
"Jan 31, 2026 2:13:19 PM PST","25495925401","Refund","112-9893054-5308260","GDClassic01","Gear Doctors Self Inflating Camping Sleeping Pad for Camping 4.3 R Insulated Camping mats-1.5 in Must Haves Inflatable Foam air Sleep mat Self Inflati","1","amazon.com","Standard Orders","Amazon","HOUSTON","TX","77007","MarketplaceFacilitator","-29.99","-2.47","-1.50","0","0","0","0","0","1.50","0","2.47","3.60","0","0","0","-26.39","Released","Jan 31, 2026 2:13:19 PM PST"
"Jan 31, 2026 2:41:25 PM PST","25615550821","Order","114-6759944-4965836","Ether-01","Gear Doctors® Ether 17.5oz Ultralight Camping Sleeping Pad - Backpacking Air Mattress - Camping Mattress Pad - Compact Inflatable Sleeping Mat for Ba","1","amazon.com","Standard Orders","Amazon","PALO ALTO","CA","94303","MarketplaceFacilitator","33.99","3.10","0.60","0","0","0","0","0","-0.60","0","-3.10","-5.10","-5.42","0","0","23.47","Released","Feb 8, 2026 2:55:29 AM PST"
"Jan 31, 2026 3:01:16 PM PST","25615550821","Order","111-4283296-7250632","Ether-01","Gear Doctors® Ether 17.5oz Ultralight Camping Sleeping Pad - Backpacking Air Mattress - Camping Mattress Pad - Compact Inflatable Sleeping Mat for Ba","1","amazon.com","Standard Orders","Amazon","Ciudad de Buenos Aires","Ciudad Autónoma de Buenos Aires","","","33.99","0","6.58","0","0","0","0","0","-6.58","0","0","-10.20","-5.42","0","0","18.37","Released","Feb 12, 2026 5:05:09 AM PST"
"Jan 31, 2026 3:01:16 PM PST","25615550821","Order","111-4283296-7250632","Ether-01","Gear Doctors® Ether 17.5oz Ultralight Camping Sleeping Pad - Backpacking Air Mattress - Camping Mattress Pad - Compact Inflatable Sleeping Mat for Ba","1","amazon.com","Standard Orders","Amazon","Ciudad de Buenos Aires","Ciudad Autónoma de Buenos Aires","","","33.99","0","6.59","0","0","0","0","0","-6.59","0","0","0","-5.42","0","0","28.57","Released","Feb 12, 2026 5:05:09 AM PST"
"Jan 31, 2026 3:10:16 PM PST","25615550821","Order","112-6772083-9853057","GDCampingPillowOrange","Gear Doctors 3.5oz Compact Ultralight Inflatable Camping Pillow-Inflatable Camp Pillow-Backpacking Pillows Ultralight-Camping Pillows for Sleeping, Hi","1","amazon.com","Standard Orders","Amazon","WEST ALLIS","WI","53214","MarketplaceFacilitator","14.99","0.88","0","0","0","0","0","0","0","0","-0.88","-2.25","-3.95","0","0","8.79","Released","Feb 8, 2026 11:44:22 PM PST"
"Jan 31, 2026 3:10:16 PM PST","25615550821","Order","112-6772083-9853057","GDApolloAir01","Gear Doctors ApolloAir 5.2 R-Value [17oz] Ultralight Insulated Inflatable Camping Sleeping Pad - Backpacking Sleeping Pad - Camping Mattress Compact L","1","amazon.com","Standard Orders","Amazon","WEST ALLIS","WI","53214","MarketplaceFacilitator","84.99","5.01","0","0","0","0","0","0","0","0","-5.01","-12.75","-5.68","0","0","66.56","Released","Feb 8, 2026 11:44:22 PM PST"
"Jan 31, 2026 3:15:30 PM PST","25615550821","Order","112-4608632-3460247","GDCampingPillowBlue","Gear Doctors 3.5oz Compact Ultralight Inflatable Camping Pillow -Inflatable Camp Pillow -Backpacking Pillows Ultralight-Camping Pillows for Sleeping,","1","amazon.com","Standard Orders","Amazon","OXNARD","CA","93036","MarketplaceFacilitator","14.99","1.39","0","0","0","0","0","0","0","0","-1.39","-2.25","-3.95","0","0","8.79","Released","Feb 10, 2026 1:41:24 AM PST"
"Jan 31, 2026 3:18:30 PM PST","25615550821","Order","111-8368532-0873054","GDCampingPillowOrange","Gear Doctors 3.5oz Compact Ultralight Inflatable Camping Pillow-Inflatable Camp Pillow-Backpacking Pillows Ultralight-Camping Pillows for Sleeping, Hi","1","amazon.com","Standard Orders","Amazon","HARRISONBURG","VA","22801","MarketplaceFacilitator","14.99","0.79","0","0","0","0","0","0","0","0","-0.79","-2.25","-3.95","0","0","8.79","Released","Feb 8, 2026 7:19:43 PM PST"
"Jan 31, 2026 3:47:40 PM PST","25615550821","Order","113-3565183-1043451","GDClassic01","Gear Doctors Oxylus 4.3R-Value Insulated Foam Self Inflating Sleeping Pad Camping-Sleeping Pad Backpacking Air Mattress-Camping Mattress Self Inflatin","1","amazon.com","Standard Orders","Amazon","BROWNSBURG","IN","46112","MarketplaceFacilitator","37.49","2.62","3.39","0","0","0","0","0","-3.39","0","-2.62","-5.62","-7.61","0","0","24.26","Released","Feb 9, 2026 1:06:48 PM PST"
"Jan 31, 2026 3:51:33 PM PST","25615550821","Order","111-7135384-8837811","Ether-01","Gear Doctors® Ether 17.5oz Ultralight Camping Sleeping Pad - Backpacking Air Mattress - Camping Mattress Pad - Compact Inflatable Sleeping Mat for Ba","1","amazon.com","Standard Orders","Amazon","SHALIMAR","FLORIDA","32579","MarketplaceFacilitator","33.99","2.38","0","0","0","0","0","0","0","0","-2.38","-5.10","-5.42","0","0","23.47","Released","Feb 9, 2026 7:07:43 AM PST"
"Jan 31, 2026 4:37:34 PM PST","25495925401","Refund","112-5576819-7224238","Ether-01","Gear Doctors® Ether 17.5oz Ultralight Camping Sleeping Pad - Backpacking Air Mattress - Camping Mattress Pad - Compact Inflatable Sleeping Mat for Ba","1","amazon.com","Standard Orders","Amazon","PHOENIX","AZ","85050","MarketplaceFacilitator","-33.99","-3.09","-2.99","0","0","0","0","0","2.99","0","3.09","4.08","0","0","0","-29.91","Released","Jan 31, 2026 4:37:34 PM PST"
"Jan 31, 2026 4:44:19 PM PST","25495925401","Refund","112-5837796-8224218","Ether-01","Gear Doctors® Ether 17.5oz Ultralight Camping Sleeping Pad - Backpacking Air Mattress - Camping Mattress Pad - Compact Inflatable Sleeping Mat for Ba","1","amazon.com","Standard Orders","Amazon","WASHINGTON","DC","20009","MarketplaceFacilitator","-23.79","-1.43","0","0","0","0","0","0","0","0","1.43","2.86","0","0","0","-20.93","Released","Jan 31, 2026 4:44:19 PM PST"
"Jan 31, 2026 4:57:07 PM PST","25615550821","Order","113-3051064-6151438","Ether-01","Gear Doctors® Ether 17.5oz Ultralight Camping Sleeping Pad - Backpacking Air Mattress - Camping Mattress Pad - Compact Inflatable Sleeping Mat for Ba","1","amazon.com","Standard Orders","Amazon","PORT CHARLOTTE","FL","33954","MarketplaceFacilitator","33.99","2.38","0","0","0","0","0","0","0","0","-2.38","-5.10","-5.42","0","0","23.47","Released","Feb 8, 2026 12:32:49 PM PST"
"Jan 31, 2026 5:04:03 PM PST","25615550821","Order","112-1187445-4499426","Ether-01","Gear Doctors® Ether 17.5oz Ultralight Camping Sleeping Pad - Backpacking Air Mattress - Camping Mattress Pad - Compact Inflatable Sleeping Mat for Ba","1","amazon.com","Standard Orders","Amazon","Ocala","FL","34476","MarketplaceFacilitator","33.99","2.55","1.08","0","0","0","0","0","-1.08","0","-2.55","-5.10","-5.42","0","0","23.47","Released","Feb 9, 2026 1:59:59 AM PST"
"Jan 31, 2026 5:11:52 PM PST","25495925401","Refund","111-8406314-4270626","Ether-01","Gear Doctors® Ether 17.5oz Ultralight Camping Sleeping Pad - Backpacking Air Mattress - Camping Mattress Pad - Compact Inflatable Sleeping Mat for Ba","1","amazon.com","Standard Orders","Amazon","EL MONTE","CA","91732","MarketplaceFacilitator","-33.99","-3.57","-2.99","0","0","0","0","0","2.99","0","3.57","4.08","0","0","0","-29.91","Released","Jan 31, 2026 5:11:52 PM PST"
"Jan 31, 2026 6:18:50 PM PST","25615550821","Order","113-3418562-7993069","Ether-01","Gear Doctors® Ether 17.5oz Ultralight Camping Sleeping Pad - Backpacking Air Mattress - Camping Mattress Pad - Compact Inflatable Sleeping Mat for Ba","1","amazon.com","Standard Orders","Amazon","BUFFALO","NY","14216","MarketplaceFacilitator","33.99","2.68","0","0","0","0","0","0","-3.40","0","-2.68","-4.59","-5.42","0","0","20.58","Released","Feb 9, 2026 12:10:35 AM PST"
"Jan 31, 2026 6:21:42 PM PST","25615550821","Order","113-6020118-8004246","Ether-01","Gear Doctors® Ether 17.5oz Ultralight Camping Sleeping Pad - Backpacking Air Mattress - Camping Mattress Pad - Compact Inflatable Sleeping Mat for Ba","1","amazon.com","Standard Orders","Amazon","PORT ANGELES","WA","98362","MarketplaceFacilitator","33.99","2.92","1.53","0","0","0","0","0","-1.53","0","-2.92","-5.10","-5.42","0","0","23.47","Released","Feb 9, 2026 2:35:03 AM PST"
"Jan 31, 2026 6:49:02 PM PST","25615550821","Order","111-6957517-6089801","Ether-01","Gear Doctors® Ether 17.5oz Ultralight Camping Sleeping Pad - Backpacking Air Mattress - Camping Mattress Pad - Compact Inflatable Sleeping Mat for Ba","1","amazon.com","Standard Orders","Amazon","CORAL GABLES","FL","33134","MarketplaceFacilitator","33.99","2.38","0","0","0","0","0","0","0","0","-2.38","-5.10","-5.42","0","0","23.47","Released","Feb 9, 2026 6:41:24 AM PST"
"Jan 31, 2026 6:55:41 PM PST","25615550821","Order","114-7544092-1237022","Ether-01","Gear Doctors® Ether 17.5oz Ultralight Camping Sleeping Pad - Backpacking Air Mattress - Camping Mattress Pad - Compact Inflatable Sleeping Mat for Ba","1","amazon.com","Standard Orders","Amazon","FORT LEE","NJ","07024","MarketplaceFacilitator","33.99","2.25","0","0","0","0","0","0","0","0","-2.25","-5.10","-5.42","0","0","23.47","Released","Feb 8, 2026 9:16:29 PM PST"
"Jan 31, 2026 7:12:14 PM PST","25615550821","Order","111-0787072-0206620","Ether-01","Gear Doctors® Ether 17.5oz Ultralight Camping Sleeping Pad - Backpacking Air Mattress - Camping Mattress Pad - Compact Inflatable Sleeping Mat for Ba","1","amazon.com","Standard Orders","Amazon","EUGENE","OR","97401","","33.99","0","0","0","0","0","0","0","0","0","0","-5.10","-5.42","0","0","23.47","Released","Feb 9, 2026 7:46:49 AM PST"
"Jan 31, 2026 7:12:26 PM PST","25495925401","Refund","112-3731703-9555435","Ether-01","Gear Doctors® Ether 17.5oz Ultralight Camping Sleeping Pad - Backpacking Air Mattress - Camping Mattress Pad - Compact Inflatable Sleeping Mat for Ba","1","amazon.com","Standard Orders","Amazon","FULLERTON","CA","92833","MarketplaceFacilitator","-33.99","-2.63","-2.99","0","0","0","0","0","2.99","0","2.63","4.08","0","0","0","-29.91","Released","Feb 6, 2026 1:20:05 AM PST"
"Jan 31, 2026 7:15:55 PM PST","25615550821","Order","114-1837305-4613821","Ether-01","Gear Doctors® Ether 17.5oz Ultralight Camping Sleeping Pad - Backpacking Air Mattress - Camping Mattress Pad - Compact Inflatable Sleeping Mat for Ba","1","amazon.com","Standard Orders","Amazon","CORVALLIS","OR","97333","","33.99","0","0","0","0","0","0","0","0","0","0","-5.10","-5.42","0","0","23.47","Released","Feb 9, 2026 7:24:12 AM PST"
"Jan 31, 2026 7:50:09 PM PST","25615550821","Order","112-5918674-4893056","Ether-01","Gear Doctors® Ether 17.5oz Ultralight Camping Sleeping Pad - Backpacking Air Mattress - Camping Mattress Pad - Compact Inflatable Sleeping Mat for Ba","1","amazon.com","Standard Orders","Amazon","Columbia","MS","39429","MarketplaceFacilitator","33.99","2.38","0","0","0","0","0","0","0","0","-2.38","-5.10","-5.42","0","0","23.47","Released","Feb 9, 2026 12:11:53 PM PST"
"Jan 31, 2026 8:21:04 PM PST","25495925401","Refund","112-9734923-9012223","GDClassic01","Gear Doctors Self Inflating Camping Sleeping Pad for Camping 4.3 R Insulated Camping mats-1.5 in Must Haves Inflatable Foam air Sleep mat Self Inflati","1","amazon.com","Standard Orders","Amazon","KAILUA","HI","96734","MarketplaceFacilitator","-37.49","-1.77","0","0","0","0","0","0","0","0","1.77","4.50","0","0","0","-32.99","Released","Jan 31, 2026 8:21:04 PM PST"
"Jan 31, 2026 8:34:01 PM PST","25495925401","Refund","114-6714207-7391424","Ether-01","Gear Doctors® Ether 17.5oz Ultralight Camping Sleeping Pad - Backpacking Air Mattress - Camping Mattress Pad - Compact Inflatable Sleeping Mat for Ba","1","amazon.com","Standard Orders","Amazon","MORGAN HILL","CA","95037","MarketplaceFacilitator","-33.99","-3.10","0","0","0","0","0","0","0","0","3.10","4.08","0","0","0","-29.91","Released","Jan 31, 2026 8:34:01 PM PST"
"Jan 31, 2026 9:10:47 PM PST","25615550821","Order","113-6395965-7834636","Ether-01","Gear Doctors® Ether 17.5oz Ultralight Camping Sleeping Pad - Backpacking Air Mattress - Camping Mattress Pad - Compact Inflatable Sleeping Mat for Ba","1","amazon.com","Standard Orders","Amazon","CORPUS CHRISTI","TX","78413","MarketplaceFacilitator","33.99","2.80","0","0","0","0","0","0","0","0","-2.80","-5.10","-5.42","0","0","23.47","Released","Feb 9, 2026 7:46:56 AM PST"
"Jan 31, 2026 9:34:17 PM PST","25495925401","Refund","114-5543243-6263447","GDApolloAir01","Gear Doctors ApolloAir 5.2 R-Value [17oz] Ultralight Insulated Inflatable Camping Sleeping Pad - Backpacking Sleeping Pad - Camping Mattress Compact L","1","amazon.com","Standard Orders","Amazon","BELLEVUE","WA","98007","MarketplaceFacilitator","-84.99","-8.75","0","0","0","0","0","0","0","0","8.75","10.20","0","0","0","-74.79","Released","Jan 31, 2026 9:34:17 PM PST"
"Jan 31, 2026 9:40:13 PM PST","25495925401","Service Fee","","","Cost of Advertising","","","Standard Orders","","","","","","0","0","0","0","0","0","0","0","0","0","0","0","0","-503.45","0","-503.45","Released","Jan 31, 2026 9:40:13 PM PST"
"Jan 31, 2026 9:46:10 PM PST","25615550821","Order","113-5445932-9175425","Ether-01","Gear Doctors® Ether 17.5oz Ultralight Camping Sleeping Pad - Backpacking Air Mattress - Camping Mattress Pad - Compact Inflatable Sleeping Mat for Ba","1","amazon.com","Standard Orders","Amazon","ALLEN","TX","75002","MarketplaceFacilitator","33.99","2.80","0","0","0","0","0","0","0","0","-2.80","-5.10","-5.42","0","0","23.47","Released","Feb 9, 2026 2:53:46 AM PST"
"Jan 31, 2026 10:13:46 PM PST","25615550821","Order","113-0534075-8456239","GDClassic01","Gear Doctors Oxylus 4.3R-Value Insulated Foam Self Inflating Sleeping Pad Camping-Sleeping Pad Backpacking Air Mattress-Camping Mattress Self Inflatin","1","amazon.com","Standard Orders","Amazon","AKRON","OH","44305","MarketplaceFacilitator","37.99","2.56","0","0","0","0","0","0","0","0","-2.56","-5.70","-7.61","0","0","24.68","Released","Feb 9, 2026 6:48:28 AM PST"
"Jan 31, 2026 10:41:40 PM PST","25615550821","Order","114-0450741-3561032","GDClassic01","Gear Doctors Oxylus 4.3R-Value Insulated Foam Self Inflating Sleeping Pad Camping-Sleeping Pad Backpacking Air Mattress-Camping Mattress Self Inflatin","1","amazon.com","Standard Orders","Amazon","PASADENA","CA","91103","MarketplaceFacilitator","38.49","4.04","0","0","0","0","0","0","0","0","-4.04","-5.77","-7.61","0","0","25.11","Released","Feb 9, 2026 3:22:21 AM PST"
"Jan 31, 2026 10:41:53 PM PST","25615550821","Order","112-5973505-4953007","Ether-01","Gear Doctors® Ether 17.5oz Ultralight Camping Sleeping Pad - Backpacking Air Mattress - Camping Mattress Pad - Compact Inflatable Sleeping Mat for Ba","1","amazon.com","Standard Orders","Amazon","PHILADELPHIA","PA","19130","MarketplaceFacilitator","33.99","1.84","1.50","0","0","0","0","0","-4.90","0","-1.84","-4.59","-5.42","0","0","20.58","Released","Feb 8, 2026 4:10:35 AM PST"
"Jan 31, 2026 10:50:02 PM PST","25615550821","Order","114-6432090-1950661","GDClassic01","Gear Doctors Oxylus 4.3R-Value Insulated Foam Self Inflating Sleeping Pad Camping-Sleeping Pad Backpacking Air Mattress-Camping Mattress Self Inflatin","1","amazon.com","Standard Orders","Amazon","ELBA","NE","68835","MarketplaceFacilitator","38.49","2.12","0.43","0","0","0","0","0","-0.43","0","-2.12","-5.77","-7.61","0","0","25.11","Released","Feb 8, 2026 6:48:08 AM PST"
"Jan 31, 2026 10:55:51 PM PST","25615550821","Order","114-7524917-4253022","GDCampingPillowOrange","Gear Doctors 3.5oz Compact Ultralight Inflatable Camping Pillow-Inflatable Camp Pillow-Backpacking Pillows Ultralight-Camping Pillows for Sleeping, Hi","1","amazon.com","Standard Orders","Amazon","MIAMI","FL","33165","MarketplaceFacilitator","14.99","1.05","0","0","0","0","0","0","0","0","-1.05","-2.25","-3.95","0","0","8.79","Released","Feb 8, 2026 11:34:54 PM PST"
"Jan 31, 2026 11:04:55 PM PST","25615550821","Order","114-1574458-4601849","GDCampingPillowOrange","Gear Doctors 3.5oz Compact Ultralight Inflatable Camping Pillow-Inflatable Camp Pillow-Backpacking Pillows Ultralight-Camping Pillows for Sleeping, Hi","1","amazon.com","Standard Orders","Amazon","CLAREMONT","CA","91711","MarketplaceFacilitator","14.99","1.46","0","0","0","0","0","0","0","0","-1.46","-2.25","-3.95","0","0","8.79","Released","Feb 8, 2026 10:56:20 PM PST"
"Jan 31, 2026 11:10:54 PM PST","25615550821","Order","111-8669883-0765035","Ether-01","Gear Doctors® Ether 17.5oz Ultralight Camping Sleeping Pad - Backpacking Air Mattress - Camping Mattress Pad - Compact Inflatable Sleeping Mat for Ba","1","amazon.com","Standard Orders","Amazon","NEW YORK","NY","10003","MarketplaceFacilitator","33.99","3.02","0","0","0","0","0","0","0","0","-3.02","-5.10","-5.42","0","0","23.47","Released","Feb 8, 2026 8:21:05 PM PST"
"Jan 31, 2026 11:17:31 PM PST","25615550821","Order","112-6225624-0913046","GDCampingPillowOrange","Gear Doctors 3.5oz Compact Ultralight Inflatable Camping Pillow-Inflatable Camp Pillow-Backpacking Pillows Ultralight-Camping Pillows for Sleeping, Hi","1","amazon.com","Standard Orders","Amazon","CONKLIN","MI","49403","MarketplaceFacilitator","14.99","0.90","0","0","0","0","0","0","0","0","-0.90","-2.25","-3.95","0","0","8.79","Released","Feb 9, 2026 6:07:55 AM PST"
"Jan 31, 2026 11:28:25 PM PST","25615550821","Order","112-1768673-5981062","Ether-01","Gear Doctors® Ether 17.5oz Ultralight Camping Sleeping Pad - Backpacking Air Mattress - Camping Mattress Pad - Compact Inflatable Sleeping Mat for Ba","1","amazon.com","Standard Orders","Amazon","BATTLE CREEK","MI","49037","MarketplaceFacilitator","33.99","1.84","0","0","0","0","0","0","-3.40","0","-1.84","-4.59","-5.42","0","0","20.58","Released","Feb 9, 2026 2:30:08 AM PST"
"Jan 31, 2026 11:44:21 PM PST","25615550821","Order","112-4443862-6073023","GDCampingPillowOrange","Gear Doctors 3.5oz Compact Ultralight Inflatable Camping Pillow-Inflatable Camp Pillow-Backpacking Pillows Ultralight-Camping Pillows for Sleeping, Hi","1","amazon.com","Standard Orders","Amazon","Nyack","NY","10960","MarketplaceFacilitator","14.99","1.26","0","0","0","0","0","0","0","0","-1.26","-2.25","-3.95","0","0","8.79","Released","Feb 9, 2026 5:38:50 AM PST"
